# The Crescent City Rev A - full battery discharge (Run 0, 3-5 Oct 2026)
# Weather-clock firmware (Wi-Fi + display), single 18650 cell from 4.06 V to protection cutoff.
# 10 s averages of 1 s samples. hours = time on battery; current_mA = battery current;
# cell_V = cell terminal voltage (under load); rail_3V3_V = regulated 3.3 V rail.
hours,current_mA,cell_V,rail_3V3_V
0.0014,10.53,4.064,0.231
0.0042,66.77,4.057,3.303
0.0069,68.65,4.056,3.302
0.0097,66.69,4.057,3.303
0.0125,69.2,4.056,3.302
0.0153,70.14,4.056,3.303
0.0181,69.98,4.055,3.302
0.0208,68.11,4.055,3.302
0.0236,68.45,4.055,3.302
0.0264,69.45,4.055,3.302
0.0292,65.54,4.056,3.303
0.0319,74.29,4.054,3.302
0.0347,70.58,4.054,3.301
0.0375,68.62,4.057,3.303
0.0403,73.13,4.055,3.302
0.0431,70.11,4.054,3.302
0.0458,69.12,4.056,3.303
0.0486,66.52,4.055,3.302
0.0514,67.51,4.056,3.303
0.0542,68.9,4.053,3.301
0.0569,69.99,4.053,3.302
0.0597,66.85,4.055,3.303
0.0625,68.63,4.054,3.302
0.0653,69.69,4.054,3.302
0.0681,68.52,4.054,3.302
0.0708,69.42,4.054,3.301
0.0736,68.71,4.055,3.302
0.0764,65.73,4.055,3.302
0.0792,66.61,4.053,3.301
0.0819,69.27,4.055,3.303
0.0847,66.75,4.054,3.303
0.0875,67.46,4.054,3.302
0.0903,65.95,4.054,3.302
0.0931,69.75,4.053,3.302
0.0958,69.46,4.054,3.303
0.0986,69.93,4.054,3.302
0.1014,70.52,4.054,3.302
0.1042,66.88,4.055,3.303
0.1069,66.01,4.054,3.302
0.1097,67.55,4.054,3.302
0.1125,65.78,4.054,3.303
0.1153,73.47,4.052,3.301
0.1181,65.68,4.054,3.303
0.1208,82.03,4.052,3.301
0.1236,81.08,4.051,3.301
0.1264,76.12,4.052,3.302
0.1292,68.41,4.054,3.303
0.1319,70.35,4.051,3.301
0.1347,72.78,4.053,3.302
0.1375,92.84,4.05,3.3
0.1403,93.7,4.05,3.301
0.1431,103.09,4.047,3.299
0.1458,81.17,4.051,3.301
0.1486,73.24,4.052,3.302
0.1514,68.98,4.052,3.303
0.1542,75.68,4.051,3.301
0.1569,103.54,4.048,3.3
0.1597,115.66,4.048,3.3
0.1625,110.35,4.048,3.301
0.1653,82.5,4.051,3.302
0.1681,107.58,4.047,3.299
0.1708,115.94,4.047,3.299
0.1736,118.32,4.046,3.3
0.1764,120.74,4.045,3.298
0.1792,119.42,4.046,3.299
0.1819,118.96,4.044,3.298
0.1847,118.08,4.045,3.299
0.1875,120.58,4.045,3.299
0.1903,120.56,4.044,3.299
0.1931,118.75,4.044,3.299
0.1958,121.4,4.044,3.299
0.1986,118.37,4.044,3.299
0.2014,107.88,4.047,3.301
0.2042,73.81,4.048,3.302
0.2069,72.83,4.049,3.302
0.2097,72.68,4.051,3.303
0.2125,75.75,4.049,3.302
0.2153,66.35,4.051,3.303
0.2181,70.85,4.05,3.302
0.2208,106.46,4.045,3.299
0.2236,116.71,4.045,3.3
0.2264,118.5,4.043,3.299
0.2292,119.63,4.043,3.299
0.2319,116.76,4.046,3.301
0.2347,115.54,4.043,3.299
0.2375,115.58,4.043,3.299
0.2403,117.4,4.043,3.299
0.2431,116.89,4.043,3.299
0.2458,115.7,4.043,3.299
0.2486,116.42,4.043,3.299
0.2514,113.59,4.043,3.299
0.2542,117.38,4.043,3.299
0.2569,113.95,4.043,3.299
0.2597,117.33,4.043,3.299
0.2625,114.68,4.043,3.299
0.2653,118.66,4.042,3.298
0.2681,119.96,4.043,3.299
0.2708,116.68,4.041,3.298
0.2736,117.92,4.042,3.299
0.2764,112.14,4.042,3.299
0.2792,111.9,4.042,3.299
0.2819,116.27,4.042,3.299
0.2847,113.58,4.041,3.298
0.2875,114.04,4.042,3.299
0.2903,116.85,4.042,3.3
0.2931,113.2,4.042,3.299
0.2958,111.85,4.042,3.299
0.2986,115.91,4.042,3.299
0.3014,116.8,4.041,3.299
0.3042,114.49,4.042,3.3
0.3069,117.34,4.041,3.298
0.3097,116.72,4.04,3.298
0.3125,119.84,4.041,3.299
0.3153,113.35,4.041,3.3
0.3181,115.5,4.042,3.3
0.3208,111.32,4.041,3.3
0.3236,118.08,4.04,3.299
0.3264,115.09,4.042,3.299
0.3292,118.12,4.041,3.299
0.3319,116.93,4.041,3.299
0.3347,112.65,4.04,3.299
0.3375,116.14,4.04,3.299
0.3403,110.89,4.041,3.299
0.3431,112.55,4.041,3.3
0.3458,115.94,4.039,3.298
0.3486,113.81,4.039,3.299
0.3514,113.15,4.041,3.299
0.3542,110.9,4.04,3.299
0.3569,110.3,4.04,3.3
0.3597,101.97,4.04,3.299
0.3625,112.25,4.04,3.299
0.3653,116.49,4.041,3.3
0.3681,118.3,4.039,3.298
0.3708,117.42,4.039,3.299
0.3736,120.03,4.039,3.299
0.3764,116.61,4.039,3.299
0.3792,114.61,4.041,3.3
0.3819,109.94,4.039,3.299
0.3847,114.02,4.04,3.299
0.3875,114.44,4.04,3.3
0.3903,111.19,4.038,3.299
0.3931,119.86,4.039,3.299
0.3958,113.86,4.039,3.299
0.3986,111.98,4.039,3.299
0.4014,107.64,4.04,3.3
0.4042,111.19,4.038,3.299
0.4069,114.63,4.038,3.299
0.4097,114.76,4.04,3.3
0.4125,115.61,4.038,3.299
0.4153,108.13,4.039,3.299
0.4181,103.62,4.039,3.299
0.4208,116.18,4.038,3.299
0.4236,111.31,4.04,3.3
0.4264,112.37,4.037,3.298
0.4292,108.79,4.039,3.299
0.4319,111.91,4.038,3.299
0.4347,110.84,4.038,3.299
0.4375,111.74,4.04,3.3
0.4403,104.3,4.039,3.3
0.4431,110.01,4.038,3.299
0.4458,113.11,4.039,3.3
0.4486,103.01,4.039,3.299
0.4514,106.97,4.039,3.3
0.4542,103.63,4.039,3.3
0.4569,109.26,4.038,3.3
0.4597,112.88,4.037,3.299
0.4625,109.05,4.037,3.299
0.4653,115.22,4.038,3.299
0.4681,111.42,4.039,3.3
0.4708,111.83,4.038,3.3
0.4736,114.1,4.037,3.299
0.4764,113.38,4.037,3.299
0.4792,110.61,4.037,3.299
0.4819,114.8,4.038,3.3
0.4847,113.11,4.038,3.3
0.4875,112.01,4.037,3.3
0.4903,108.74,4.037,3.299
0.4931,111.06,4.036,3.299
0.4958,108.68,4.037,3.299
0.4986,112.5,4.036,3.299
0.5014,109.85,4.036,3.299
0.5042,112.4,4.037,3.299
0.5069,107.56,4.038,3.301
0.5097,103.37,4.036,3.299
0.5125,113.85,4.037,3.299
0.5153,105.74,4.037,3.299
0.5181,108.59,4.038,3.301
0.5208,103.48,4.038,3.3
0.5236,103.11,4.037,3.3
0.5264,101.82,4.04,3.302
0.5292,102.9,4.036,3.299
0.5319,106.49,4.036,3.299
0.5347,101.21,4.038,3.3
0.5375,105.21,4.036,3.299
0.5403,96.12,4.04,3.301
0.5431,93.51,4.037,3.3
0.5458,95.79,4.037,3.3
0.5486,103.83,4.038,3.301
0.5514,97.31,4.036,3.299
0.5542,94.79,4.038,3.301
0.5569,73.53,4.04,3.302
0.5597,68.6,4.04,3.302
0.5625,68.06,4.042,3.303
0.5653,67.78,4.041,3.303
0.5681,69.25,4.041,3.302
0.5708,70.13,4.043,3.303
0.5736,66.1,4.042,3.302
0.5764,67.71,4.042,3.303
0.5792,65.11,4.043,3.303
0.5819,66.96,4.042,3.303
0.5847,66.19,4.041,3.302
0.5875,67.91,4.041,3.302
0.5903,64.58,4.043,3.303
0.5931,66.96,4.041,3.302
0.5958,67.12,4.042,3.303
0.5986,67.36,4.042,3.303
0.6014,67.57,4.043,3.303
0.6042,66.66,4.042,3.302
0.6069,65.22,4.043,3.303
0.6097,66.62,4.042,3.302
0.6125,66.93,4.042,3.302
0.6153,68.25,4.043,3.303
0.6181,67.08,4.04,3.301
0.6208,67.16,4.043,3.304
0.6236,65.69,4.042,3.303
0.6264,66.05,4.042,3.302
0.6292,68.4,4.043,3.303
0.6319,66.09,4.042,3.303
0.6347,65.75,4.043,3.303
0.6375,68.25,4.041,3.302
0.6403,64.26,4.042,3.302
0.6431,66.83,4.043,3.303
0.6458,67.86,4.043,3.303
0.6486,66.66,4.041,3.302
0.6514,69.37,4.042,3.303
0.6542,66.93,4.042,3.303
0.6569,69.49,4.041,3.302
0.6597,65.95,4.042,3.303
0.6625,64.39,4.042,3.303
0.6653,66.07,4.043,3.303
0.6681,69.79,4.041,3.302
0.6708,69.17,4.041,3.302
0.6736,69.48,4.04,3.301
0.6764,67.3,4.041,3.302
0.6792,68.97,4.042,3.303
0.6819,68.44,4.041,3.302
0.6847,66.61,4.042,3.302
0.6875,69.93,4.042,3.303
0.6903,67.83,4.041,3.302
0.6931,64.65,4.042,3.303
0.6958,67.59,4.042,3.303
0.6986,67.04,4.041,3.302
0.7014,67.32,4.042,3.302
0.7042,67.02,4.042,3.303
0.7069,70.39,4.04,3.301
0.7097,66.0,4.041,3.302
0.7125,68.79,4.042,3.303
0.7153,66.65,4.041,3.303
0.7181,68.84,4.042,3.303
0.7208,66.84,4.041,3.303
0.7236,65.08,4.042,3.303
0.7264,66.84,4.04,3.302
0.7292,66.88,4.04,3.302
0.7319,67.67,4.041,3.302
0.7347,66.04,4.041,3.302
0.7375,66.73,4.041,3.302
0.7403,68.91,4.042,3.303
0.7431,63.85,4.041,3.303
0.7458,69.1,4.039,3.302
0.7486,67.59,4.04,3.302
0.7514,65.39,4.041,3.303
0.7542,64.22,4.042,3.303
0.7569,64.76,4.04,3.302
0.7597,64.17,4.041,3.303
0.7625,65.97,4.041,3.303
0.7653,64.88,4.04,3.302
0.7681,70.27,4.041,3.302
0.7708,66.82,4.041,3.302
0.7736,67.44,4.04,3.302
0.7764,67.27,4.042,3.304
0.7792,65.27,4.041,3.303
0.7819,65.21,4.04,3.302
0.7847,67.58,4.042,3.303
0.7875,70.12,4.04,3.302
0.7903,69.85,4.04,3.302
0.7931,70.24,4.039,3.302
0.7958,68.48,4.04,3.303
0.7986,68.79,4.04,3.303
0.8014,69.67,4.041,3.303
0.8042,69.25,4.04,3.302
0.8069,66.16,4.04,3.302
0.8097,67.63,4.039,3.301
0.8125,65.23,4.04,3.302
0.8153,67.99,4.04,3.302
0.8181,66.29,4.04,3.303
0.8208,68.12,4.04,3.303
0.8236,73.75,4.039,3.301
0.8264,64.96,4.039,3.303
0.8292,66.42,4.04,3.303
0.8319,67.33,4.04,3.302
0.8347,66.62,4.04,3.303
0.8375,67.92,4.04,3.302
0.8403,67.26,4.04,3.303
0.8431,68.73,4.04,3.302
0.8458,69.77,4.04,3.302
0.8486,64.01,4.041,3.303
0.8514,68.02,4.038,3.301
0.8542,68.38,4.04,3.303
0.8569,66.12,4.04,3.303
0.8597,64.59,4.039,3.303
0.8625,66.18,4.039,3.302
0.8653,65.99,4.04,3.303
0.8681,69.36,4.04,3.303
0.8708,70.06,4.04,3.303
0.8736,69.73,4.039,3.302
0.8764,67.55,4.039,3.302
0.8792,71.26,4.04,3.303
0.8819,68.36,4.04,3.303
0.8847,66.08,4.039,3.302
0.8875,69.49,4.039,3.303
0.8903,67.82,4.04,3.303
0.8931,66.44,4.039,3.303
0.8958,70.99,4.039,3.302
0.8986,68.66,4.039,3.302
0.9014,67.11,4.04,3.303
0.9042,67.08,4.039,3.302
0.9069,68.03,4.04,3.303
0.9097,66.06,4.038,3.301
0.9125,68.28,4.038,3.301
0.9153,66.63,4.04,3.304
0.9181,69.31,4.039,3.303
0.9208,66.63,4.039,3.303
0.9236,68.63,4.039,3.303
0.9264,65.24,4.039,3.302
0.9292,67.78,4.038,3.302
0.9319,68.14,4.039,3.303
0.9347,68.93,4.039,3.303
0.9375,67.71,4.039,3.303
0.9403,67.71,4.038,3.302
0.9431,71.68,4.037,3.302
0.9458,67.91,4.039,3.303
0.9486,65.06,4.038,3.302
0.9514,64.48,4.039,3.303
0.9542,69.84,4.038,3.302
0.9569,67.5,4.039,3.303
0.9597,73.94,4.038,3.302
0.9625,70.63,4.038,3.302
0.9653,69.77,4.038,3.302
0.9681,72.19,4.038,3.302
0.9708,70.14,4.039,3.302
0.9736,66.72,4.038,3.302
0.9764,66.68,4.038,3.302
0.9792,66.44,4.039,3.303
0.9819,73.15,4.039,3.303
0.9847,69.76,4.038,3.302
0.9875,72.66,4.038,3.303
0.9903,67.88,4.037,3.302
0.9931,69.09,4.037,3.302
0.9958,69.34,4.038,3.303
0.9986,69.2,4.037,3.302
1.0014,69.87,4.036,3.301
1.0042,69.65,4.037,3.302
1.0069,69.28,4.039,3.303
1.0097,68.53,4.038,3.302
1.0125,66.79,4.037,3.302
1.0153,72.36,4.038,3.303
1.0181,69.73,4.038,3.302
1.0208,67.88,4.038,3.303
1.0236,66.59,4.038,3.303
1.0264,67.92,4.038,3.303
1.0292,72.29,4.039,3.303
1.0319,68.38,4.038,3.303
1.0347,68.95,4.038,3.303
1.0375,65.3,4.038,3.302
1.0403,69.02,4.037,3.302
1.0431,65.11,4.039,3.303
1.0458,66.72,4.038,3.303
1.0486,66.86,4.037,3.302
1.0514,65.9,4.039,3.303
1.0542,67.71,4.037,3.302
1.0569,65.69,4.037,3.302
1.0597,70.26,4.036,3.301
1.0625,66.27,4.038,3.302
1.0653,69.08,4.038,3.303
1.0681,70.65,4.038,3.303
1.0708,68.12,4.036,3.302
1.0736,68.54,4.037,3.302
1.0764,70.06,4.038,3.302
1.0792,66.34,4.036,3.302
1.0819,66.35,4.037,3.303
1.0847,68.02,4.038,3.303
1.0875,71.12,4.038,3.303
1.0903,66.31,4.037,3.302
1.0931,67.55,4.038,3.303
1.0958,68.3,4.037,3.303
1.0986,68.09,4.037,3.301
1.1014,69.7,4.037,3.303
1.1042,65.82,4.038,3.303
1.1069,68.1,4.035,3.301
1.1097,64.05,4.038,3.303
1.1125,66.31,4.037,3.302
1.1153,66.35,4.037,3.303
1.1181,65.47,4.038,3.303
1.1208,67.58,4.036,3.302
1.1236,67.93,4.038,3.303
1.1264,68.97,4.037,3.303
1.1292,66.7,4.037,3.303
1.1319,68.32,4.036,3.302
1.1347,69.57,4.035,3.302
1.1375,67.57,4.037,3.303
1.1403,67.65,4.038,3.303
1.1431,65.32,4.036,3.302
1.1458,66.53,4.037,3.303
1.1486,67.83,4.037,3.303
1.1514,67.76,4.036,3.302
1.1542,71.59,4.037,3.303
1.1569,67.88,4.037,3.302
1.1597,70.98,4.036,3.302
1.1625,67.75,4.036,3.303
1.1653,64.81,4.035,3.302
1.1681,67.13,4.036,3.302
1.1708,68.63,4.036,3.302
1.1736,70.03,4.038,3.303
1.1764,64.07,4.036,3.302
1.1792,67.05,4.036,3.303
1.1819,66.1,4.037,3.303
1.1847,67.97,4.035,3.302
1.1875,64.08,4.036,3.302
1.1903,63.99,4.037,3.303
1.1931,66.07,4.036,3.302
1.1958,70.42,4.037,3.302
1.1986,69.39,4.034,3.301
1.2014,68.77,4.034,3.301
1.2042,66.68,4.036,3.302
1.2069,68.21,4.036,3.302
1.2097,67.56,4.036,3.303
1.2125,66.25,4.036,3.302
1.2153,66.62,4.036,3.302
1.2181,66.22,4.037,3.303
1.2208,66.49,4.036,3.302
1.2236,67.35,4.036,3.303
1.2264,69.81,4.036,3.303
1.2292,67.61,4.036,3.303
1.2319,66.07,4.035,3.303
1.2347,67.07,4.035,3.302
1.2375,67.95,4.036,3.303
1.2403,69.92,4.036,3.303
1.2431,66.1,4.035,3.302
1.2458,64.27,4.036,3.303
1.2486,64.62,4.036,3.303
1.2514,68.22,4.036,3.303
1.2542,65.14,4.037,3.303
1.2569,65.41,4.037,3.302
1.2597,67.35,4.035,3.302
1.2625,63.96,4.036,3.303
1.2653,68.52,4.035,3.302
1.2681,65.92,4.036,3.303
1.2708,65.95,4.036,3.303
1.2736,67.62,4.036,3.303
1.2764,67.74,4.036,3.303
1.2792,73.52,4.034,3.301
1.2819,68.76,4.035,3.302
1.2847,66.32,4.035,3.302
1.2875,64.46,4.035,3.302
1.2903,64.38,4.036,3.303
1.2931,70.95,4.035,3.302
1.2958,68.25,4.035,3.303
1.2986,63.94,4.035,3.302
1.3014,68.35,4.035,3.303
1.3042,68.79,4.036,3.303
1.3069,65.77,4.035,3.302
1.3097,67.34,4.034,3.302
1.3125,68.92,4.036,3.303
1.3153,67.18,4.035,3.302
1.3181,66.48,4.036,3.303
1.3208,63.39,4.036,3.303
1.3236,68.79,4.035,3.302
1.3264,66.95,4.036,3.303
1.3292,65.79,4.036,3.303
1.3319,65.14,4.035,3.303
1.3347,66.5,4.035,3.302
1.3375,68.62,4.033,3.302
1.3403,67.38,4.036,3.303
1.3431,64.78,4.035,3.302
1.3458,67.1,4.036,3.303
1.3486,64.57,4.036,3.302
1.3514,66.5,4.035,3.302
1.3542,64.9,4.036,3.302
1.3569,65.45,4.036,3.303
1.3597,64.99,4.034,3.302
1.3625,69.24,4.035,3.302
1.3653,70.17,4.035,3.303
1.3681,66.83,4.034,3.303
1.3708,65.53,4.036,3.303
1.3736,65.02,4.035,3.303
1.3764,68.94,4.035,3.303
1.3792,65.47,4.035,3.302
1.3819,70.85,4.034,3.302
1.3847,64.06,4.035,3.303
1.3875,67.54,4.035,3.303
1.3903,67.54,4.034,3.302
1.3931,68.86,4.034,3.302
1.3958,67.47,4.034,3.303
1.3986,66.83,4.036,3.303
1.4014,68.67,4.034,3.302
1.4042,68.37,4.034,3.302
1.4069,71.33,4.035,3.303
1.4097,65.98,4.034,3.302
1.4125,64.73,4.036,3.303
1.4153,68.49,4.035,3.302
1.4181,66.83,4.035,3.303
1.4208,64.16,4.035,3.302
1.4236,67.11,4.034,3.302
1.4264,64.9,4.034,3.302
1.4292,70.73,4.035,3.303
1.4319,66.5,4.035,3.303
1.4347,65.11,4.035,3.303
1.4375,71.63,4.033,3.301
1.4403,64.45,4.034,3.303
1.4431,67.39,4.035,3.302
1.4458,64.27,4.035,3.302
1.4486,63.64,4.034,3.303
1.4514,66.92,4.035,3.302
1.4542,64.91,4.034,3.302
1.4569,64.77,4.035,3.303
1.4597,66.47,4.034,3.302
1.4625,63.56,4.034,3.303
1.4653,65.16,4.035,3.303
1.4681,66.76,4.035,3.303
1.4708,66.13,4.034,3.303
1.4736,66.58,4.035,3.303
1.4764,65.85,4.033,3.302
1.4792,67.55,4.033,3.302
1.4819,68.4,4.033,3.302
1.4847,68.08,4.035,3.303
1.4875,71.41,4.034,3.303
1.4903,65.85,4.034,3.303
1.4931,63.79,4.034,3.303
1.4958,69.58,4.034,3.303
1.4986,66.25,4.034,3.303
1.5014,67.46,4.035,3.303
1.5042,66.59,4.033,3.302
1.5069,64.9,4.034,3.303
1.5097,65.51,4.033,3.302
1.5125,63.48,4.034,3.303
1.5153,64.11,4.035,3.303
1.5181,66.26,4.034,3.302
1.5208,65.81,4.034,3.303
1.5236,67.17,4.034,3.303
1.5264,65.3,4.034,3.302
1.5292,63.93,4.035,3.303
1.5319,65.97,4.034,3.302
1.5347,68.81,4.034,3.303
1.5375,68.4,4.034,3.303
1.5403,68.31,4.033,3.302
1.5431,71.52,4.032,3.302
1.5458,67.46,4.033,3.303
1.5486,70.01,4.033,3.302
1.5514,66.22,4.034,3.303
1.5542,67.43,4.032,3.302
1.5569,66.98,4.032,3.302
1.5597,69.43,4.034,3.303
1.5625,69.24,4.033,3.303
1.5653,67.8,4.033,3.302
1.5681,66.75,4.034,3.302
1.5708,68.75,4.033,3.302
1.5736,67.88,4.034,3.303
1.5764,68.89,4.033,3.302
1.5792,70.13,4.033,3.302
1.5819,69.26,4.035,3.303
1.5847,69.61,4.033,3.302
1.5875,66.54,4.034,3.303
1.5903,67.08,4.033,3.302
1.5931,65.39,4.033,3.302
1.5958,67.8,4.034,3.303
1.5986,71.95,4.032,3.302
1.6014,69.71,4.033,3.302
1.6042,69.87,4.033,3.302
1.6069,74.81,4.032,3.302
1.6097,75.25,4.03,3.301
1.6125,71.61,4.032,3.302
1.6153,68.18,4.033,3.303
1.6181,65.03,4.033,3.303
1.6208,65.22,4.033,3.303
1.6236,69.82,4.034,3.303
1.6264,65.24,4.034,3.303
1.6292,64.18,4.033,3.303
1.6319,73.14,4.032,3.302
1.6347,67.69,4.032,3.302
1.6375,71.54,4.033,3.302
1.6403,68.26,4.033,3.302
1.6431,65.95,4.032,3.302
1.6458,64.94,4.032,3.303
1.6486,66.17,4.034,3.303
1.6514,67.18,4.033,3.303
1.6542,67.09,4.034,3.303
1.6569,64.18,4.032,3.302
1.6597,68.15,4.033,3.303
1.6625,68.22,4.033,3.302
1.6653,68.95,4.032,3.302
1.6681,69.28,4.033,3.303
1.6708,67.82,4.033,3.303
1.6736,65.75,4.033,3.302
1.6764,66.74,4.033,3.303
1.6792,65.91,4.033,3.303
1.6819,70.56,4.033,3.303
1.6847,68.3,4.032,3.302
1.6875,68.54,4.033,3.303
1.6903,70.2,4.033,3.303
1.6931,69.62,4.031,3.301
1.6958,69.92,4.033,3.303
1.6986,69.77,4.033,3.302
1.7014,97.02,4.029,3.3
1.7042,90.49,4.03,3.302
1.7069,93.97,4.029,3.301
1.7097,80.51,4.03,3.302
1.7125,65.88,4.033,3.303
1.7153,66.91,4.031,3.302
1.7181,67.98,4.031,3.302
1.7208,66.0,4.032,3.302
1.7236,69.92,4.032,3.302
1.7264,67.03,4.033,3.303
1.7292,70.39,4.032,3.302
1.7319,62.63,4.033,3.303
1.7347,66.97,4.032,3.302
1.7375,66.41,4.031,3.301
1.7403,65.57,4.032,3.303
1.7431,65.67,4.032,3.302
1.7458,70.65,4.032,3.302
1.7486,65.82,4.033,3.303
1.7514,67.42,4.032,3.302
1.7542,67.34,4.033,3.303
1.7569,67.44,4.033,3.303
1.7597,65.21,4.033,3.303
1.7625,66.31,4.032,3.303
1.7653,66.26,4.032,3.302
1.7681,65.99,4.032,3.303
1.7708,67.01,4.033,3.303
1.7736,68.55,4.031,3.302
1.7764,66.1,4.033,3.303
1.7792,65.65,4.032,3.302
1.7819,68.26,4.033,3.303
1.7847,67.51,4.033,3.303
1.7875,67.67,4.031,3.302
1.7903,69.3,4.032,3.302
1.7931,67.59,4.032,3.303
1.7958,66.66,4.032,3.303
1.7986,66.81,4.031,3.302
1.8014,67.7,4.033,3.303
1.8042,67.55,4.031,3.302
1.8069,68.28,4.03,3.302
1.8097,64.95,4.032,3.303
1.8125,68.8,4.031,3.302
1.8153,70.5,4.032,3.303
1.8181,67.71,4.032,3.303
1.8208,65.35,4.033,3.303
1.8236,67.66,4.031,3.302
1.8264,62.82,4.031,3.302
1.8292,65.89,4.033,3.303
1.8319,65.33,4.032,3.302
1.8347,65.3,4.032,3.302
1.8375,66.86,4.032,3.303
1.8403,68.14,4.033,3.303
1.8431,67.98,4.031,3.302
1.8458,62.98,4.032,3.303
1.8486,65.22,4.032,3.302
1.8514,64.98,4.031,3.302
1.8542,66.92,4.032,3.303
1.8569,67.75,4.032,3.303
1.8597,65.32,4.031,3.302
1.8625,68.65,4.032,3.303
1.8653,65.6,4.032,3.303
1.8681,93.66,4.028,3.301
1.8708,104.84,4.028,3.3
1.8736,99.62,4.028,3.3
1.8764,67.14,4.03,3.302
1.8792,65.17,4.031,3.303
1.8819,64.46,4.031,3.302
1.8847,66.1,4.031,3.303
1.8875,65.27,4.03,3.302
1.8903,67.51,4.031,3.302
1.8931,66.31,4.032,3.303
1.8958,65.24,4.031,3.302
1.8986,65.57,4.031,3.302
1.9014,66.84,4.031,3.302
1.9042,67.11,4.031,3.302
1.9069,66.24,4.032,3.303
1.9097,63.9,4.031,3.302
1.9125,69.93,4.031,3.302
1.9153,66.47,4.032,3.303
1.9181,66.8,4.031,3.302
1.9208,65.92,4.03,3.302
1.9236,66.62,4.032,3.303
1.9264,69.44,4.031,3.302
1.9292,66.51,4.032,3.303
1.9319,64.63,4.031,3.302
1.9347,65.42,4.032,3.303
1.9375,66.53,4.031,3.303
1.9403,65.61,4.031,3.302
1.9431,68.62,4.031,3.302
1.9458,64.58,4.031,3.303
1.9486,67.02,4.03,3.302
1.9514,67.48,4.032,3.303
1.9542,69.13,4.03,3.302
1.9569,69.67,4.031,3.303
1.9597,65.86,4.032,3.303
1.9625,68.63,4.031,3.303
1.9653,65.39,4.032,3.303
1.9681,67.19,4.031,3.302
1.9708,66.14,4.031,3.303
1.9736,64.74,4.032,3.303
1.9764,69.21,4.029,3.301
1.9792,68.25,4.031,3.302
1.9819,67.04,4.031,3.303
1.9847,67.56,4.031,3.302
1.9875,69.05,4.032,3.303
1.9903,67.64,4.031,3.303
1.9931,67.23,4.031,3.302
1.9958,65.83,4.032,3.303
1.9986,64.78,4.031,3.302
2.0014,65.98,4.03,3.302
2.0042,73.21,4.03,3.302
2.0069,68.39,4.029,3.302
2.0097,67.25,4.032,3.303
2.0125,64.94,4.03,3.302
2.0153,68.45,4.03,3.303
2.0181,66.1,4.031,3.303
2.0208,66.64,4.029,3.301
2.0236,68.3,4.031,3.303
2.0264,64.83,4.03,3.302
2.0292,64.07,4.031,3.303
2.0319,68.01,4.031,3.302
2.0347,67.44,4.03,3.302
2.0375,65.85,4.031,3.303
2.0403,69.38,4.03,3.303
2.0431,63.89,4.031,3.303
2.0458,63.93,4.032,3.303
2.0486,64.39,4.031,3.303
2.0514,67.81,4.029,3.302
2.0542,66.09,4.031,3.303
2.0569,67.36,4.03,3.302
2.0597,66.07,4.03,3.302
2.0625,65.08,4.031,3.303
2.0653,64.88,4.03,3.303
2.0681,66.17,4.031,3.303
2.0708,66.21,4.031,3.303
2.0736,67.9,4.03,3.303
2.0764,65.35,4.031,3.303
2.0792,64.38,4.029,3.302
2.0819,69.14,4.031,3.303
2.0847,65.58,4.029,3.302
2.0875,65.13,4.029,3.302
2.0903,68.68,4.032,3.303
2.0931,68.24,4.03,3.303
2.0958,69.42,4.029,3.302
2.0986,65.41,4.031,3.303
2.1014,68.04,4.029,3.302
2.1042,68.66,4.031,3.303
2.1069,67.48,4.03,3.303
2.1097,67.88,4.029,3.302
2.1125,67.9,4.031,3.303
2.1153,66.65,4.031,3.303
2.1181,66.22,4.03,3.303
2.1208,65.48,4.03,3.303
2.1236,66.86,4.03,3.302
2.1264,68.04,4.03,3.302
2.1292,71.48,4.029,3.302
2.1319,68.9,4.029,3.303
2.1347,66.31,4.03,3.303
2.1375,70.32,4.03,3.303
2.1403,67.24,4.03,3.303
2.1431,66.64,4.03,3.303
2.1458,64.97,4.03,3.303
2.1486,65.3,4.031,3.303
2.1514,66.1,4.031,3.303
2.1542,68.0,4.03,3.303
2.1569,68.88,4.03,3.303
2.1597,67.7,4.03,3.303
2.1625,67.16,4.03,3.303
2.1653,70.23,4.029,3.303
2.1681,66.69,4.03,3.303
2.1708,68.97,4.029,3.303
2.1736,70.17,4.03,3.303
2.1764,68.21,4.03,3.303
2.1792,67.18,4.03,3.303
2.1819,67.7,4.029,3.302
2.1847,67.95,4.031,3.303
2.1875,67.62,4.03,3.303
2.1903,67.15,4.029,3.303
2.1931,67.63,4.03,3.303
2.1958,66.96,4.03,3.303
2.1986,68.58,4.03,3.303
2.2014,66.86,4.03,3.303
2.2042,69.42,4.03,3.303
2.2069,65.45,4.029,3.303
2.2097,66.96,4.028,3.302
2.2125,66.82,4.029,3.302
2.2153,63.61,4.03,3.303
2.2181,63.77,4.029,3.303
2.2208,67.44,4.029,3.302
2.2236,67.23,4.03,3.302
2.2264,65.59,4.029,3.302
2.2292,69.46,4.028,3.302
2.2319,66.49,4.029,3.303
2.2347,65.39,4.03,3.303
2.2375,66.82,4.029,3.302
2.2403,66.82,4.029,3.303
2.2431,62.44,4.031,3.303
2.2458,67.01,4.029,3.302
2.2486,66.77,4.03,3.302
2.2514,63.77,4.031,3.303
2.2542,65.42,4.029,3.302
2.2569,63.01,4.03,3.303
2.2597,64.98,4.03,3.303
2.2625,62.81,4.028,3.302
2.2653,64.33,4.03,3.303
2.2681,64.07,4.03,3.302
2.2708,65.42,4.03,3.303
2.2736,63.95,4.031,3.304
2.2764,65.02,4.03,3.303
2.2792,69.25,4.029,3.302
2.2819,65.53,4.03,3.303
2.2847,66.41,4.029,3.303
2.2875,64.71,4.03,3.304
2.2903,64.54,4.029,3.303
2.2931,65.04,4.03,3.303
2.2958,64.19,4.031,3.304
2.2986,65.02,4.03,3.303
2.3014,64.02,4.03,3.303
2.3042,65.17,4.028,3.302
2.3069,66.63,4.029,3.303
2.3097,67.85,4.03,3.304
2.3125,64.41,4.029,3.302
2.3153,63.18,4.029,3.303
2.3181,65.46,4.029,3.303
2.3208,65.36,4.029,3.302
2.3236,66.8,4.03,3.303
2.3264,64.63,4.03,3.303
2.3292,64.33,4.03,3.303
2.3319,63.44,4.03,3.303
2.3347,62.3,4.028,3.302
2.3375,65.28,4.029,3.302
2.3403,64.72,4.029,3.303
2.3431,66.26,4.028,3.302
2.3458,63.41,4.029,3.303
2.3486,69.02,4.029,3.303
2.3514,64.85,4.029,3.302
2.3542,63.24,4.029,3.302
2.3569,65.89,4.03,3.303
2.3597,66.89,4.03,3.302
2.3625,63.46,4.029,3.303
2.3653,63.79,4.029,3.303
2.3681,65.48,4.028,3.302
2.3708,67.47,4.03,3.303
2.3736,66.87,4.028,3.302
2.3764,65.61,4.029,3.303
2.3792,63.53,4.03,3.303
2.3819,64.44,4.029,3.302
2.3847,65.93,4.03,3.303
2.3875,67.46,4.03,3.303
2.3903,64.35,4.029,3.302
2.3931,64.78,4.03,3.304
2.3958,65.5,4.029,3.302
2.3986,65.28,4.028,3.302
2.4014,66.94,4.029,3.303
2.4042,66.29,4.029,3.302
2.4069,67.57,4.029,3.303
2.4097,64.58,4.028,3.302
2.4125,66.71,4.028,3.302
2.4153,63.83,4.03,3.303
2.4181,70.36,4.028,3.302
2.4208,64.32,4.028,3.302
2.4236,64.69,4.03,3.303
2.4264,64.59,4.029,3.303
2.4292,62.88,4.03,3.304
2.4319,64.58,4.028,3.302
2.4347,65.6,4.029,3.303
2.4375,68.19,4.03,3.303
2.4403,65.16,4.029,3.303
2.4431,64.36,4.028,3.302
2.4458,63.51,4.03,3.303
2.4486,64.69,4.028,3.302
2.4514,65.59,4.03,3.304
2.4542,66.67,4.028,3.302
2.4569,66.93,4.028,3.302
2.4597,63.99,4.029,3.303
2.4625,65.77,4.028,3.302
2.4653,67.84,4.028,3.303
2.4681,64.52,4.029,3.303
2.4708,68.28,4.028,3.301
2.4736,65.96,4.029,3.303
2.4764,65.45,4.028,3.302
2.4792,66.15,4.028,3.302
2.4819,63.2,4.03,3.303
2.4847,65.36,4.028,3.302
2.4875,64.74,4.029,3.303
2.4903,66.79,4.028,3.303
2.4931,61.01,4.029,3.303
2.4958,64.12,4.029,3.303
2.4986,66.49,4.029,3.303
2.5014,63.46,4.029,3.303
2.5042,66.82,4.029,3.302
2.5069,67.76,4.029,3.303
2.5097,67.59,4.028,3.302
2.5125,64.14,4.029,3.303
2.5153,69.96,4.029,3.303
2.5181,67.01,4.028,3.302
2.5208,64.47,4.028,3.303
2.5236,65.4,4.029,3.303
2.5264,64.61,4.029,3.303
2.5292,65.12,4.029,3.303
2.5319,66.61,4.029,3.303
2.5347,65.69,4.028,3.302
2.5375,65.41,4.03,3.303
2.5403,68.81,4.028,3.302
2.5431,64.97,4.028,3.303
2.5458,65.88,4.028,3.303
2.5486,63.52,4.028,3.302
2.5514,67.36,4.029,3.303
2.5542,64.38,4.028,3.303
2.5569,65.4,4.027,3.302
2.5597,71.38,4.028,3.303
2.5625,64.9,4.029,3.303
2.5653,63.04,4.028,3.303
2.5681,69.48,4.028,3.302
2.5708,65.68,4.028,3.302
2.5736,64.33,4.029,3.303
2.5764,67.75,4.028,3.302
2.5792,70.26,4.028,3.302
2.5819,66.83,4.029,3.303
2.5847,65.38,4.028,3.302
2.5875,63.58,4.028,3.303
2.5903,67.64,4.029,3.303
2.5931,66.21,4.028,3.302
2.5958,62.71,4.029,3.304
2.5986,65.08,4.028,3.302
2.6014,68.2,4.028,3.302
2.6042,67.17,4.028,3.303
2.6069,64.6,4.028,3.302
2.6097,65.55,4.029,3.303
2.6125,63.57,4.028,3.303
2.6153,66.37,4.028,3.303
2.6181,67.13,4.028,3.303
2.6208,64.12,4.027,3.302
2.6236,65.53,4.028,3.303
2.6264,65.24,4.029,3.303
2.6292,64.9,4.028,3.302
2.6319,65.91,4.026,3.301
2.6347,67.04,4.027,3.302
2.6375,68.82,4.028,3.302
2.6403,66.85,4.029,3.303
2.6431,65.3,4.028,3.303
2.6458,65.2,4.027,3.302
2.6486,63.75,4.029,3.303
2.6514,65.58,4.028,3.303
2.6542,66.88,4.028,3.303
2.6569,68.49,4.028,3.303
2.6597,65.09,4.028,3.302
2.6625,66.45,4.029,3.303
2.6653,68.64,4.028,3.302
2.6681,69.24,4.026,3.302
2.6708,67.33,4.028,3.303
2.6736,66.89,4.029,3.304
2.6764,64.2,4.027,3.302
2.6792,66.94,4.026,3.302
2.6819,66.44,4.028,3.303
2.6847,63.32,4.028,3.303
2.6875,64.22,4.028,3.303
2.6903,64.93,4.028,3.302
2.6931,65.94,4.028,3.303
2.6958,66.88,4.028,3.302
2.6986,65.28,4.029,3.304
2.7014,65.88,4.026,3.302
2.7042,62.82,4.028,3.303
2.7069,64.65,4.028,3.303
2.7097,63.66,4.028,3.304
2.7125,63.28,4.027,3.302
2.7153,67.52,4.028,3.303
2.7181,66.56,4.028,3.303
2.7208,64.5,4.029,3.303
2.7236,65.43,4.027,3.302
2.7264,63.74,4.026,3.302
2.7292,67.08,4.028,3.303
2.7319,66.39,4.028,3.303
2.7347,63.82,4.028,3.303
2.7375,66.29,4.028,3.303
2.7403,67.39,4.027,3.302
2.7431,64.55,4.028,3.303
2.7458,64.0,4.028,3.303
2.7486,67.67,4.027,3.302
2.7514,65.98,4.028,3.303
2.7542,68.91,4.027,3.302
2.7569,69.08,4.028,3.303
2.7597,64.87,4.027,3.303
2.7625,64.77,4.028,3.303
2.7653,65.74,4.027,3.303
2.7681,63.96,4.028,3.303
2.7708,67.73,4.027,3.303
2.7736,67.96,4.028,3.303
2.7764,63.75,4.028,3.303
2.7792,65.08,4.027,3.303
2.7819,68.25,4.027,3.302
2.7847,65.63,4.026,3.301
2.7875,63.36,4.028,3.303
2.7903,67.85,4.028,3.303
2.7931,64.04,4.028,3.303
2.7958,68.12,4.026,3.302
2.7986,63.95,4.028,3.303
2.8014,65.46,4.026,3.302
2.8042,66.91,4.029,3.304
2.8069,67.73,4.027,3.303
2.8097,67.32,4.029,3.304
2.8125,67.98,4.027,3.302
2.8153,66.46,4.027,3.302
2.8181,65.25,4.028,3.302
2.8208,64.97,4.027,3.302
2.8236,66.42,4.028,3.303
2.8264,62.86,4.028,3.303
2.8292,61.74,4.028,3.303
2.8319,65.95,4.028,3.303
2.8347,65.55,4.028,3.303
2.8375,68.94,4.028,3.303
2.8403,67.44,4.028,3.303
2.8431,65.35,4.029,3.303
2.8458,65.49,4.028,3.302
2.8486,66.39,4.026,3.302
2.8514,65.25,4.027,3.302
2.8542,65.61,4.028,3.303
2.8569,67.51,4.027,3.302
2.8597,66.91,4.027,3.303
2.8625,66.5,4.026,3.303
2.8653,64.03,4.028,3.303
2.8681,67.13,4.027,3.302
2.8708,65.83,4.026,3.302
2.8736,62.58,4.028,3.303
2.8764,65.54,4.028,3.303
2.8792,62.66,4.028,3.303
2.8819,68.6,4.026,3.302
2.8847,66.82,4.028,3.303
2.8875,64.33,4.027,3.303
2.8903,64.73,4.028,3.303
2.8931,65.02,4.026,3.302
2.8958,64.89,4.028,3.304
2.8986,63.78,4.027,3.303
2.9014,64.62,4.028,3.304
2.9042,63.97,4.027,3.302
2.9069,64.31,4.028,3.303
2.9097,64.72,4.027,3.302
2.9125,64.74,4.028,3.303
2.9153,64.66,4.027,3.302
2.9181,67.48,4.028,3.303
2.9208,63.98,4.027,3.302
2.9236,66.25,4.028,3.303
2.9264,68.58,4.026,3.302
2.9292,60.63,4.028,3.303
2.9319,64.7,4.027,3.302
2.9347,63.2,4.027,3.303
2.9375,65.59,4.028,3.303
2.9403,65.45,4.028,3.303
2.9431,64.13,4.028,3.303
2.9458,64.25,4.027,3.303
2.9486,67.7,4.027,3.302
2.9514,64.26,4.026,3.302
2.9542,67.12,4.028,3.303
2.9569,64.73,4.027,3.303
2.9597,65.58,4.028,3.303
2.9625,66.02,4.026,3.302
2.9653,65.68,4.027,3.303
2.9681,66.77,4.027,3.302
2.9708,66.1,4.028,3.303
2.9736,64.1,4.026,3.301
2.9764,64.55,4.027,3.303
2.9792,69.1,4.027,3.302
2.9819,64.2,4.028,3.303
2.9847,65.78,4.027,3.303
2.9875,68.33,4.027,3.303
2.9903,66.8,4.027,3.302
2.9931,68.3,4.027,3.303
2.9958,69.8,4.026,3.302
2.9986,64.19,4.027,3.303
3.0014,65.02,4.027,3.303
3.0042,65.25,4.027,3.302
3.0069,66.35,4.027,3.302
3.0097,65.66,4.028,3.303
3.0125,65.17,4.026,3.302
3.0153,66.17,4.027,3.303
3.0181,65.15,4.027,3.302
3.0208,64.72,4.027,3.303
3.0236,66.62,4.026,3.302
3.0264,64.35,4.026,3.302
3.0292,64.95,4.026,3.302
3.0319,65.79,4.027,3.303
3.0347,67.1,4.027,3.302
3.0375,65.12,4.028,3.304
3.0403,67.49,4.027,3.303
3.0431,67.12,4.028,3.303
3.0458,66.22,4.026,3.302
3.0486,68.2,4.027,3.303
3.0514,66.39,4.027,3.302
3.0542,65.38,4.027,3.303
3.0569,70.1,4.026,3.302
3.0597,64.01,4.027,3.302
3.0625,64.7,4.026,3.302
3.0653,65.99,4.025,3.302
3.0681,65.49,4.027,3.303
3.0708,66.61,4.026,3.302
3.0736,66.89,4.027,3.303
3.0764,64.68,4.027,3.303
3.0792,67.91,4.027,3.303
3.0819,69.56,4.026,3.302
3.0847,64.91,4.027,3.303
3.0875,68.53,4.026,3.302
3.0903,67.25,4.027,3.303
3.0931,66.19,4.026,3.302
3.0958,64.74,4.028,3.303
3.0986,65.91,4.026,3.302
3.1014,65.62,4.027,3.303
3.1042,67.96,4.027,3.302
3.1069,66.91,4.027,3.303
3.1097,67.02,4.026,3.302
3.1125,65.2,4.027,3.303
3.1153,67.39,4.026,3.302
3.1181,68.07,4.026,3.302
3.1208,68.33,4.026,3.303
3.1236,68.61,4.026,3.303
3.1264,64.49,4.027,3.303
3.1292,64.58,4.026,3.303
3.1319,66.21,4.026,3.303
3.1347,68.3,4.026,3.302
3.1375,67.1,4.027,3.303
3.1403,66.21,4.026,3.302
3.1431,68.6,4.026,3.302
3.1458,64.97,4.026,3.302
3.1486,66.52,4.027,3.303
3.1514,66.68,4.026,3.302
3.1542,66.03,4.027,3.303
3.1569,67.99,4.026,3.302
3.1597,65.6,4.027,3.303
3.1625,63.27,4.026,3.302
3.1653,64.51,4.027,3.304
3.1681,66.97,4.026,3.302
3.1708,68.72,4.026,3.303
3.1736,66.48,4.027,3.303
3.1764,65.59,4.027,3.302
3.1792,67.08,4.026,3.302
3.1819,64.13,4.026,3.302
3.1847,66.93,4.026,3.303
3.1875,67.83,4.025,3.302
3.1903,64.53,4.027,3.303
3.1931,64.89,4.026,3.303
3.1958,65.71,4.025,3.302
3.1986,66.81,4.025,3.302
3.2014,72.34,4.026,3.303
3.2042,64.43,4.027,3.303
3.2069,68.56,4.026,3.302
3.2097,66.98,4.027,3.303
3.2125,68.29,4.026,3.302
3.2153,70.15,4.026,3.303
3.2181,68.01,4.026,3.303
3.2208,68.1,4.027,3.303
3.2236,68.32,4.025,3.302
3.2264,66.69,4.026,3.303
3.2292,71.97,4.025,3.302
3.2319,66.86,4.027,3.304
3.2347,65.59,4.025,3.302
3.2375,66.26,4.026,3.303
3.2403,71.96,4.024,3.302
3.2431,67.62,4.026,3.303
3.2458,65.98,4.025,3.302
3.2486,67.09,4.026,3.303
3.2514,67.45,4.026,3.303
3.2542,67.21,4.025,3.302
3.2569,67.18,4.025,3.303
3.2597,64.48,4.026,3.303
3.2625,66.45,4.026,3.303
3.2653,67.41,4.025,3.302
3.2681,64.35,4.027,3.304
3.2708,66.4,4.026,3.303
3.2736,65.39,4.027,3.303
3.2764,64.91,4.026,3.303
3.2792,65.1,4.027,3.304
3.2819,66.98,4.025,3.302
3.2847,66.79,4.027,3.304
3.2875,71.11,4.026,3.303
3.2903,66.63,4.027,3.303
3.2931,67.75,4.024,3.302
3.2958,67.45,4.027,3.304
3.2986,69.64,4.026,3.303
3.3014,67.08,4.026,3.303
3.3042,68.12,4.025,3.302
3.3069,70.35,4.024,3.302
3.3097,67.8,4.026,3.302
3.3125,67.29,4.025,3.302
3.3153,67.71,4.026,3.303
3.3181,66.79,4.025,3.302
3.3208,66.88,4.026,3.303
3.3236,66.48,4.025,3.302
3.3264,65.44,4.025,3.302
3.3292,64.95,4.025,3.302
3.3319,63.39,4.026,3.303
3.3347,70.28,4.026,3.303
3.3375,69.44,4.025,3.302
3.3403,65.64,4.025,3.302
3.3431,65.43,4.025,3.302
3.3458,62.83,4.027,3.303
3.3486,63.97,4.025,3.303
3.3514,63.32,4.027,3.303
3.3542,66.2,4.026,3.302
3.3569,68.5,4.026,3.303
3.3597,67.5,4.026,3.303
3.3625,69.23,4.025,3.302
3.3653,67.87,4.026,3.303
3.3681,66.95,4.026,3.303
3.3708,63.47,4.026,3.302
3.3736,66.41,4.025,3.303
3.3764,65.05,4.026,3.303
3.3792,64.97,4.025,3.302
3.3819,65.01,4.027,3.303
3.3847,65.68,4.025,3.302
3.3875,67.06,4.026,3.303
3.3903,68.65,4.025,3.302
3.3931,63.56,4.026,3.303
3.3958,63.98,4.027,3.303
3.3986,64.78,4.025,3.302
3.4014,66.25,4.026,3.303
3.4042,66.26,4.026,3.303
3.4069,66.18,4.024,3.301
3.4097,66.51,4.025,3.302
3.4125,65.1,4.026,3.303
3.4153,63.56,4.026,3.303
3.4181,66.96,4.026,3.303
3.4208,66.02,4.025,3.303
3.4236,66.44,4.026,3.303
3.4264,64.32,4.026,3.303
3.4292,66.07,4.025,3.302
3.4319,67.39,4.025,3.302
3.4347,66.81,4.026,3.303
3.4375,63.35,4.025,3.302
3.4403,67.46,4.025,3.303
3.4431,64.05,4.026,3.303
3.4458,64.04,4.025,3.302
3.4486,64.16,4.025,3.302
3.4514,66.78,4.024,3.302
3.4542,64.63,4.026,3.303
3.4569,67.45,4.025,3.302
3.4597,67.38,4.024,3.302
3.4625,67.12,4.025,3.302
3.4653,68.61,4.025,3.303
3.4681,65.57,4.026,3.303
3.4708,66.8,4.025,3.303
3.4736,68.28,4.025,3.303
3.4764,66.27,4.026,3.303
3.4792,64.11,4.026,3.303
3.4819,64.35,4.024,3.302
3.4847,66.22,4.026,3.303
3.4875,64.04,4.025,3.303
3.4903,65.38,4.026,3.303
3.4931,70.55,4.025,3.302
3.4958,67.54,4.024,3.302
3.4986,65.81,4.025,3.303
3.5014,68.69,4.024,3.302
3.5042,67.1,4.023,3.301
3.5069,65.13,4.026,3.303
3.5097,66.84,4.025,3.302
3.5125,67.21,4.026,3.303
3.5153,68.74,4.024,3.302
3.5181,68.62,4.024,3.302
3.5208,65.89,4.026,3.303
3.5236,62.62,4.025,3.302
3.5264,67.52,4.025,3.302
3.5292,64.07,4.026,3.303
3.5319,65.94,4.024,3.302
3.5347,69.32,4.025,3.303
3.5375,68.1,4.025,3.303
3.5403,67.95,4.026,3.303
3.5431,65.51,4.026,3.303
3.5458,67.51,4.024,3.302
3.5486,65.44,4.025,3.303
3.5514,69.15,4.025,3.302
3.5542,67.11,4.025,3.302
3.5569,63.89,4.026,3.303
3.5597,68.05,4.025,3.302
3.5625,67.35,4.024,3.301
3.5653,66.49,4.025,3.303
3.5681,68.62,4.023,3.302
3.5708,67.0,4.025,3.302
3.5736,66.98,4.025,3.303
3.5764,66.24,4.025,3.303
3.5792,68.96,4.025,3.302
3.5819,70.52,4.025,3.302
3.5847,66.96,4.024,3.302
3.5875,69.24,4.026,3.303
3.5903,65.38,4.025,3.302
3.5931,64.01,4.026,3.303
3.5958,67.47,4.025,3.303
3.5986,68.51,4.024,3.302
3.6014,65.96,4.025,3.302
3.6042,66.13,4.025,3.302
3.6069,67.13,4.025,3.303
3.6097,63.28,4.025,3.303
3.6125,68.19,4.024,3.302
3.6153,65.5,4.025,3.303
3.6181,68.18,4.026,3.303
3.6208,68.08,4.024,3.302
3.6236,69.06,4.024,3.302
3.6264,85.19,4.021,3.301
3.6292,65.55,4.024,3.302
3.6319,66.37,4.025,3.302
3.6347,70.18,4.025,3.302
3.6375,66.0,4.025,3.303
3.6403,69.07,4.024,3.302
3.6431,68.57,4.024,3.302
3.6458,66.89,4.026,3.303
3.6486,65.36,4.024,3.302
3.6514,66.59,4.024,3.302
3.6542,66.89,4.024,3.303
3.6569,64.34,4.024,3.302
3.6597,63.14,4.025,3.303
3.6625,64.03,4.025,3.303
3.6653,66.2,4.025,3.302
3.6681,66.93,4.025,3.303
3.6708,67.53,4.024,3.302
3.6736,65.22,4.024,3.302
3.6764,67.25,4.025,3.303
3.6792,68.7,4.025,3.303
3.6819,64.29,4.025,3.303
3.6847,68.25,4.024,3.302
3.6875,68.39,4.025,3.303
3.6903,67.29,4.023,3.302
3.6931,67.95,4.025,3.302
3.6958,64.16,4.024,3.302
3.6986,66.76,4.025,3.303
3.7014,70.25,4.024,3.301
3.7042,67.27,4.024,3.302
3.7069,69.71,4.024,3.302
3.7097,67.11,4.025,3.303
3.7125,64.71,4.023,3.302
3.7153,65.29,4.024,3.302
3.7181,63.96,4.025,3.303
3.7208,68.16,4.024,3.302
3.7236,64.54,4.024,3.302
3.7264,62.69,4.025,3.303
3.7292,65.72,4.025,3.303
3.7319,65.95,4.024,3.303
3.7347,67.23,4.025,3.303
3.7375,66.73,4.025,3.303
3.7403,68.99,4.025,3.303
3.7431,65.18,4.025,3.303
3.7458,66.08,4.024,3.302
3.7486,66.24,4.023,3.301
3.7514,65.71,4.025,3.303
3.7542,70.28,4.024,3.302
3.7569,68.78,4.025,3.303
3.7597,62.0,4.025,3.303
3.7625,63.72,4.024,3.302
3.7653,63.28,4.026,3.303
3.7681,64.73,4.024,3.302
3.7708,64.56,4.025,3.303
3.7736,65.66,4.024,3.302
3.7764,64.33,4.025,3.303
3.7792,67.47,4.024,3.302
3.7819,66.51,4.024,3.303
3.7847,71.26,4.023,3.302
3.7875,67.82,4.024,3.303
3.7903,67.09,4.024,3.302
3.7931,70.37,4.024,3.303
3.7958,64.74,4.025,3.303
3.7986,66.8,4.024,3.302
3.8014,65.52,4.025,3.303
3.8042,66.06,4.024,3.302
3.8069,67.11,4.024,3.302
3.8097,67.8,4.025,3.303
3.8125,68.09,4.024,3.302
3.8153,69.71,4.024,3.302
3.8181,69.89,4.025,3.302
3.8208,67.22,4.023,3.302
3.8236,66.09,4.025,3.303
3.8264,66.86,4.024,3.302
3.8292,67.5,4.023,3.302
3.8319,66.42,4.025,3.303
3.8347,68.57,4.024,3.302
3.8375,69.31,4.025,3.302
3.8403,67.48,4.024,3.302
3.8431,67.12,4.023,3.301
3.8458,63.61,4.025,3.302
3.8486,68.69,4.023,3.302
3.8514,65.04,4.024,3.302
3.8542,64.36,4.025,3.303
3.8569,65.51,4.024,3.302
3.8597,67.3,4.025,3.303
3.8625,62.22,4.025,3.303
3.8653,63.84,4.024,3.302
3.8681,64.33,4.025,3.303
3.8708,66.58,4.023,3.302
3.8736,65.01,4.025,3.302
3.8764,66.32,4.025,3.303
3.8792,66.59,4.024,3.303
3.8819,69.59,4.024,3.302
3.8847,63.42,4.024,3.303
3.8875,64.43,4.023,3.302
3.8903,68.74,4.025,3.303
3.8931,63.17,4.024,3.303
3.8958,68.39,4.024,3.303
3.8986,69.09,4.024,3.302
3.9014,64.51,4.024,3.302
3.9042,64.63,4.025,3.303
3.9069,67.9,4.024,3.303
3.9097,66.12,4.023,3.301
3.9125,65.25,4.025,3.303
3.9153,65.91,4.023,3.302
3.9181,64.88,4.023,3.302
3.9208,69.22,4.025,3.303
3.9236,65.13,4.024,3.302
3.9264,66.64,4.024,3.303
3.9292,67.9,4.024,3.303
3.9319,66.14,4.024,3.303
3.9347,64.81,4.025,3.303
3.9375,63.21,4.024,3.303
3.9403,66.46,4.025,3.303
3.9431,65.62,4.023,3.302
3.9458,66.05,4.023,3.302
3.9486,65.25,4.025,3.303
3.9514,67.43,4.024,3.303
3.9542,64.33,4.023,3.302
3.9569,63.31,4.025,3.303
3.9597,64.39,4.024,3.303
3.9625,65.08,4.024,3.303
3.9653,68.14,4.023,3.302
3.9681,65.67,4.023,3.302
3.9708,65.29,4.025,3.303
3.9736,69.83,4.023,3.302
3.9764,63.43,4.024,3.303
3.9792,64.3,4.024,3.303
3.9819,67.26,4.023,3.302
3.9847,69.91,4.024,3.303
3.9875,67.93,4.024,3.303
3.9903,65.4,4.023,3.302
3.9931,65.37,4.024,3.303
3.9958,65.2,4.023,3.302
3.9986,65.61,4.024,3.303
4.0014,66.38,4.023,3.302
4.0042,67.77,4.023,3.302
4.0069,69.24,4.024,3.302
4.0097,65.0,4.023,3.302
4.0125,63.81,4.025,3.303
4.0153,64.48,4.023,3.302
4.0181,65.6,4.024,3.303
4.0208,68.19,4.023,3.302
4.0236,66.28,4.024,3.303
4.0264,63.37,4.025,3.303
4.0292,66.62,4.022,3.302
4.0319,63.03,4.025,3.303
4.0347,65.81,4.023,3.302
4.0375,67.12,4.024,3.302
4.0403,66.82,4.024,3.303
4.0431,65.28,4.024,3.303
4.0458,67.15,4.023,3.302
4.0486,69.06,4.023,3.302
4.0514,64.03,4.023,3.302
4.0542,63.02,4.025,3.303
4.0569,64.86,4.024,3.303
4.0597,63.79,4.024,3.303
4.0625,65.64,4.024,3.303
4.0653,65.79,4.023,3.303
4.0681,62.34,4.025,3.303
4.0708,67.28,4.024,3.303
4.0736,66.92,4.023,3.302
4.0764,65.63,4.024,3.303
4.0792,63.53,4.024,3.303
4.0819,66.69,4.023,3.302
4.0847,67.66,4.023,3.302
4.0875,63.92,4.023,3.302
4.0903,68.18,4.023,3.302
4.0931,70.0,4.024,3.302
4.0958,65.24,4.024,3.303
4.0986,65.88,4.024,3.303
4.1014,65.39,4.024,3.303
4.1042,65.57,4.023,3.302
4.1069,69.4,4.024,3.303
4.1097,66.81,4.024,3.303
4.1125,65.51,4.024,3.303
4.1153,65.11,4.023,3.303
4.1181,68.53,4.023,3.302
4.1208,63.75,4.025,3.303
4.1236,66.54,4.023,3.302
4.1264,65.79,4.022,3.303
4.1292,67.17,4.024,3.303
4.1319,69.23,4.022,3.302
4.1347,67.36,4.024,3.303
4.1375,67.15,4.022,3.302
4.1403,68.07,4.023,3.303
4.1431,68.47,4.023,3.303
4.1458,65.64,4.023,3.302
4.1486,67.17,4.023,3.303
4.1514,68.68,4.024,3.303
4.1542,66.1,4.023,3.302
4.1569,64.07,4.024,3.303
4.1597,66.38,4.023,3.302
4.1625,65.29,4.022,3.302
4.1653,67.05,4.023,3.303
4.1681,69.66,4.023,3.303
4.1708,69.14,4.023,3.303
4.1736,68.67,4.022,3.302
4.1764,68.17,4.024,3.303
4.1792,66.48,4.022,3.302
4.1819,69.17,4.023,3.303
4.1847,64.63,4.023,3.302
4.1875,69.38,4.023,3.302
4.1903,69.55,4.024,3.303
4.1931,66.68,4.024,3.303
4.1958,65.6,4.023,3.302
4.1986,66.35,4.023,3.303
4.2014,68.8,4.023,3.303
4.2042,65.59,4.023,3.303
4.2069,70.53,4.024,3.303
4.2097,65.52,4.023,3.303
4.2125,66.04,4.024,3.303
4.2153,66.14,4.023,3.303
4.2181,65.99,4.022,3.302
4.2208,67.86,4.023,3.302
4.2236,70.85,4.022,3.303
4.2264,66.06,4.023,3.303
4.2292,65.27,4.024,3.303
4.2319,64.64,4.023,3.302
4.2347,67.69,4.023,3.303
4.2375,68.93,4.023,3.303
4.2403,66.31,4.022,3.302
4.2431,65.0,4.024,3.303
4.2458,69.47,4.022,3.302
4.2486,66.52,4.023,3.303
4.2514,68.2,4.023,3.303
4.2542,67.8,4.023,3.303
4.2569,68.15,4.023,3.302
4.2597,64.77,4.023,3.303
4.2625,66.94,4.023,3.303
4.2653,66.55,4.023,3.303
4.2681,71.21,4.023,3.303
4.2708,66.3,4.022,3.303
4.2736,66.88,4.023,3.303
4.2764,65.72,4.023,3.302
4.2792,67.13,4.022,3.302
4.2819,65.35,4.023,3.302
4.2847,66.82,4.022,3.302
4.2875,67.45,4.024,3.303
4.2903,71.1,4.023,3.303
4.2931,66.08,4.022,3.302
4.2958,67.65,4.023,3.303
4.2986,68.23,4.021,3.301
4.3014,68.07,4.023,3.303
4.3042,65.45,4.022,3.302
4.3069,72.08,4.022,3.302
4.3097,69.04,4.023,3.303
4.3125,68.47,4.022,3.302
4.3153,65.06,4.022,3.302
4.3181,66.47,4.024,3.303
4.3208,67.93,4.023,3.303
4.3236,69.77,4.022,3.302
4.3264,70.34,4.021,3.301
4.3292,66.24,4.021,3.301
4.3319,67.81,4.022,3.303
4.3347,67.94,4.023,3.303
4.3375,67.2,4.023,3.303
4.3403,69.44,4.022,3.302
4.3431,68.56,4.023,3.303
4.3458,67.3,4.023,3.302
4.3486,67.35,4.022,3.302
4.3514,67.92,4.022,3.303
4.3542,67.98,4.023,3.303
4.3569,69.52,4.022,3.303
4.3597,65.68,4.023,3.303
4.3625,66.81,4.022,3.302
4.3653,66.52,4.022,3.302
4.3681,64.63,4.024,3.303
4.3708,67.04,4.023,3.303
4.3736,68.82,4.022,3.302
4.3764,69.09,4.023,3.302
4.3792,67.0,4.022,3.302
4.3819,65.93,4.023,3.303
4.3847,69.19,4.022,3.303
4.3875,65.27,4.023,3.303
4.3903,68.03,4.022,3.302
4.3931,68.76,4.023,3.303
4.3958,64.35,4.023,3.304
4.3986,69.26,4.021,3.302
4.4014,68.16,4.023,3.303
4.4042,65.52,4.024,3.304
4.4069,65.22,4.021,3.302
4.4097,66.87,4.023,3.303
4.4125,65.03,4.022,3.302
4.4153,67.09,4.022,3.302
4.4181,67.59,4.023,3.303
4.4208,66.48,4.022,3.303
4.4236,66.93,4.023,3.303
4.4264,65.32,4.023,3.303
4.4292,66.06,4.022,3.303
4.4319,67.11,4.022,3.303
4.4347,64.47,4.022,3.302
4.4375,66.59,4.021,3.302
4.4403,69.59,4.022,3.302
4.4431,64.56,4.021,3.302
4.4458,67.23,4.022,3.302
4.4486,69.37,4.022,3.302
4.4514,68.13,4.022,3.302
4.4542,69.21,4.021,3.302
4.4569,69.6,4.021,3.302
4.4597,64.69,4.022,3.302
4.4625,62.82,4.023,3.303
4.4653,63.98,4.022,3.302
4.4681,70.13,4.023,3.303
4.4708,65.53,4.022,3.303
4.4736,67.18,4.023,3.302
4.4764,68.95,4.022,3.302
4.4792,65.5,4.022,3.302
4.4819,65.99,4.021,3.302
4.4847,66.04,4.023,3.303
4.4875,68.47,4.021,3.302
4.4903,66.85,4.021,3.301
4.4931,65.78,4.022,3.303
4.4958,69.08,4.021,3.302
4.4986,65.67,4.023,3.303
4.5014,66.97,4.022,3.302
4.5042,66.69,4.023,3.303
4.5069,64.81,4.022,3.303
4.5097,64.8,4.022,3.302
4.5125,62.89,4.022,3.303
4.5153,67.46,4.023,3.303
4.5181,66.4,4.021,3.302
4.5208,64.93,4.023,3.303
4.5236,66.66,4.022,3.302
4.5264,64.38,4.022,3.302
4.5292,66.03,4.021,3.302
4.5319,68.33,4.021,3.302
4.5347,65.69,4.023,3.303
4.5375,65.26,4.022,3.302
4.5403,66.58,4.023,3.303
4.5431,64.78,4.022,3.303
4.5458,66.23,4.023,3.303
4.5486,64.61,4.023,3.303
4.5514,65.19,4.021,3.302
4.5542,66.13,4.022,3.303
4.5569,66.6,4.022,3.303
4.5597,66.46,4.022,3.303
4.5625,66.46,4.022,3.303
4.5653,67.63,4.023,3.303
4.5681,66.47,4.021,3.302
4.5708,68.39,4.022,3.303
4.5736,69.95,4.02,3.301
4.5764,70.43,4.021,3.302
4.5792,64.18,4.023,3.303
4.5819,70.22,4.022,3.302
4.5847,66.17,4.021,3.302
4.5875,67.68,4.023,3.303
4.5903,67.4,4.022,3.302
4.5931,67.2,4.022,3.303
4.5958,64.32,4.022,3.303
4.5986,64.85,4.022,3.303
4.6014,66.07,4.022,3.302
4.6042,66.21,4.021,3.302
4.6069,65.02,4.022,3.303
4.6097,63.57,4.022,3.302
4.6125,66.07,4.022,3.303
4.6153,64.22,4.021,3.303
4.6181,64.86,4.022,3.303
4.6208,67.47,4.022,3.303
4.6236,64.25,4.022,3.303
4.6264,65.92,4.022,3.303
4.6292,64.08,4.022,3.303
4.6319,66.38,4.021,3.302
4.6347,66.76,4.021,3.302
4.6375,66.17,4.022,3.303
4.6403,66.55,4.021,3.302
4.6431,66.08,4.022,3.303
4.6458,65.84,4.021,3.302
4.6486,64.89,4.022,3.302
4.6514,65.55,4.022,3.303
4.6542,65.73,4.021,3.302
4.6569,66.03,4.021,3.302
4.6597,65.57,4.022,3.303
4.6625,65.57,4.021,3.302
4.6653,68.06,4.021,3.303
4.6681,71.48,4.022,3.303
4.6708,69.15,4.021,3.302
4.6736,66.21,4.022,3.303
4.6764,64.26,4.022,3.304
4.6792,65.59,4.022,3.303
4.6819,63.55,4.022,3.303
4.6847,65.83,4.022,3.302
4.6875,66.91,4.022,3.303
4.6903,66.06,4.022,3.303
4.6931,65.46,4.022,3.302
4.6958,65.17,4.022,3.303
4.6986,65.88,4.022,3.303
4.7014,63.58,4.022,3.303
4.7042,66.8,4.022,3.303
4.7069,66.33,4.022,3.303
4.7097,65.95,4.021,3.303
4.7125,63.17,4.021,3.303
4.7153,65.35,4.022,3.302
4.7181,66.84,4.021,3.302
4.7208,65.51,4.023,3.303
4.7236,66.7,4.022,3.302
4.7264,65.12,4.022,3.303
4.7292,64.64,4.022,3.302
4.7319,69.26,4.02,3.302
4.7347,63.63,4.022,3.303
4.7375,67.97,4.021,3.303
4.7403,66.55,4.022,3.303
4.7431,64.82,4.022,3.303
4.7458,67.61,4.021,3.302
4.7486,66.48,4.022,3.303
4.7514,65.0,4.021,3.302
4.7542,70.81,4.019,3.3
4.7569,72.38,4.021,3.303
4.7597,63.06,4.022,3.302
4.7625,63.1,4.021,3.303
4.7653,65.95,4.021,3.302
4.7681,65.04,4.022,3.303
4.7708,65.23,4.022,3.303
4.7736,68.79,4.021,3.303
4.7764,67.51,4.022,3.303
4.7792,63.56,4.022,3.303
4.7819,65.37,4.021,3.302
4.7847,66.23,4.021,3.302
4.7875,64.85,4.022,3.303
4.7903,67.2,4.022,3.302
4.7931,65.24,4.022,3.303
4.7958,64.88,4.021,3.302
4.7986,64.03,4.021,3.302
4.8014,64.32,4.022,3.303
4.8042,65.76,4.021,3.302
4.8069,65.96,4.021,3.302
4.8097,68.19,4.021,3.303
4.8125,67.09,4.021,3.303
4.8153,66.86,4.022,3.303
4.8181,65.9,4.021,3.302
4.8208,67.99,4.021,3.302
4.8236,70.95,4.021,3.302
4.8264,67.84,4.02,3.301
4.8292,66.27,4.021,3.303
4.8319,65.07,4.021,3.303
4.8347,66.66,4.021,3.303
4.8375,66.39,4.02,3.302
4.8403,70.9,4.02,3.302
4.8431,68.39,4.02,3.302
4.8458,66.26,4.021,3.302
4.8486,65.76,4.02,3.302
4.8514,66.79,4.021,3.302
4.8542,64.63,4.022,3.303
4.8569,69.58,4.021,3.302
4.8597,65.95,4.021,3.303
4.8625,70.89,4.02,3.302
4.8653,68.8,4.02,3.302
4.8681,71.21,4.021,3.303
4.8708,65.69,4.021,3.303
4.8736,70.61,4.02,3.302
4.8764,91.57,4.018,3.301
4.8792,88.28,4.018,3.3
4.8819,90.18,4.019,3.302
4.8847,72.62,4.019,3.302
4.8875,69.61,4.02,3.302
4.8903,65.23,4.02,3.303
4.8931,64.93,4.02,3.302
4.8958,68.13,4.02,3.302
4.8986,66.4,4.021,3.303
4.9014,64.27,4.02,3.303
4.9042,65.99,4.021,3.303
4.9069,68.33,4.02,3.302
4.9097,66.62,4.021,3.303
4.9125,63.75,4.021,3.303
4.9153,65.6,4.02,3.302
4.9181,71.34,4.02,3.302
4.9208,66.73,4.02,3.303
4.9236,68.3,4.019,3.302
4.9264,67.2,4.021,3.303
4.9292,63.06,4.02,3.302
4.9319,65.4,4.019,3.302
4.9347,65.12,4.022,3.303
4.9375,65.31,4.02,3.302
4.9403,69.86,4.02,3.303
4.9431,63.4,4.021,3.303
4.9458,67.8,4.02,3.302
4.9486,63.57,4.021,3.303
4.9514,66.02,4.02,3.303
4.9542,64.91,4.02,3.302
4.9569,65.8,4.022,3.303
4.9597,66.43,4.019,3.302
4.9625,67.45,4.02,3.302
4.9653,65.63,4.02,3.302
4.9681,69.93,4.019,3.302
4.9708,65.29,4.021,3.303
4.9736,65.09,4.019,3.302
4.9764,64.89,4.02,3.302
4.9792,64.03,4.021,3.303
4.9819,66.13,4.019,3.302
4.9847,62.47,4.021,3.303
4.9875,66.53,4.02,3.303
4.9903,65.95,4.019,3.302
4.9931,65.6,4.021,3.303
4.9958,65.17,4.02,3.303
4.9986,65.71,4.02,3.303
5.0014,64.72,4.021,3.303
5.0042,67.23,4.021,3.303
5.0069,65.42,4.02,3.302
5.0097,65.37,4.02,3.303
5.0125,64.65,4.021,3.302
5.0153,65.64,4.02,3.302
5.0181,63.84,4.021,3.303
5.0208,67.65,4.019,3.302
5.0236,65.56,4.021,3.303
5.0264,66.86,4.021,3.303
5.0292,65.56,4.02,3.303
5.0319,66.41,4.02,3.302
5.0347,66.44,4.02,3.302
5.0375,69.98,4.02,3.302
5.0403,66.47,4.02,3.302
5.0431,65.23,4.02,3.302
5.0458,66.43,4.02,3.302
5.0486,63.04,4.021,3.303
5.0514,66.58,4.02,3.302
5.0542,65.09,4.02,3.303
5.0569,67.7,4.02,3.302
5.0597,63.84,4.02,3.302
5.0625,62.83,4.02,3.303
5.0653,64.23,4.02,3.302
5.0681,66.58,4.02,3.303
5.0708,66.01,4.02,3.303
5.0736,69.38,4.02,3.302
5.0764,63.58,4.02,3.303
5.0792,65.7,4.019,3.302
5.0819,66.09,4.019,3.302
5.0847,65.1,4.021,3.303
5.0875,65.63,4.02,3.303
5.0903,64.53,4.021,3.303
5.0931,64.69,4.021,3.303
5.0958,64.15,4.02,3.302
5.0986,65.36,4.021,3.303
5.1014,64.11,4.02,3.303
5.1042,67.21,4.019,3.302
5.1069,66.69,4.019,3.303
5.1097,67.53,4.018,3.301
5.1125,62.79,4.02,3.303
5.1153,64.92,4.021,3.303
5.1181,62.22,4.019,3.302
5.1208,66.76,4.021,3.303
5.1236,64.65,4.019,3.302
5.1264,66.29,4.02,3.302
5.1292,63.41,4.021,3.303
5.1319,66.4,4.019,3.302
5.1347,65.98,4.018,3.302
5.1375,65.36,4.02,3.303
5.1403,65.6,4.019,3.302
5.1431,66.04,4.021,3.303
5.1458,65.94,4.02,3.303
5.1486,68.7,4.019,3.302
5.1514,64.14,4.02,3.303
5.1542,67.2,4.02,3.303
5.1569,64.37,4.02,3.303
5.1597,63.08,4.02,3.303
5.1625,67.54,4.019,3.302
5.1653,65.8,4.02,3.303
5.1681,67.04,4.018,3.302
5.1708,65.9,4.019,3.302
5.1736,68.1,4.02,3.303
5.1764,64.98,4.019,3.302
5.1792,63.08,4.02,3.303
5.1819,66.59,4.019,3.303
5.1847,66.87,4.019,3.303
5.1875,70.38,4.019,3.303
5.1903,70.66,4.019,3.302
5.1931,64.36,4.019,3.303
5.1958,68.97,4.019,3.302
5.1986,67.2,4.018,3.302
5.2014,66.69,4.019,3.302
5.2042,65.49,4.02,3.303
5.2069,69.28,4.019,3.302
5.2097,66.71,4.019,3.303
5.2125,68.93,4.017,3.301
5.2153,68.0,4.019,3.302
5.2181,68.86,4.02,3.302
5.2208,68.23,4.018,3.302
5.2236,69.71,4.019,3.303
5.2264,65.16,4.018,3.302
5.2292,66.56,4.018,3.302
5.2319,69.61,4.019,3.302
5.2347,65.87,4.02,3.303
5.2375,66.68,4.018,3.302
5.2403,69.34,4.019,3.303
5.2431,68.89,4.019,3.303
5.2458,69.44,4.019,3.302
5.2486,65.46,4.018,3.302
5.2514,66.37,4.019,3.303
5.2542,69.17,4.019,3.302
5.2569,69.61,4.019,3.303
5.2597,63.85,4.018,3.303
5.2625,65.05,4.019,3.303
5.2653,66.74,4.018,3.302
5.2681,67.04,4.02,3.303
5.2708,71.32,4.019,3.303
5.2736,68.8,4.018,3.302
5.2764,66.26,4.02,3.303
5.2792,64.6,4.019,3.303
5.2819,111.75,4.013,3.299
5.2847,71.15,4.018,3.303
5.2875,65.43,4.018,3.303
5.2903,68.47,4.018,3.302
5.2931,62.8,4.019,3.303
5.2958,65.98,4.018,3.303
5.2986,66.09,4.02,3.303
5.3014,65.45,4.018,3.302
5.3042,64.56,4.018,3.302
5.3069,67.62,4.019,3.303
5.3097,63.68,4.019,3.303
5.3125,68.51,4.019,3.303
5.3153,65.6,4.018,3.303
5.3181,69.22,4.017,3.301
5.3208,66.09,4.019,3.303
5.3236,67.02,4.019,3.302
5.3264,67.0,4.017,3.303
5.3292,66.88,4.018,3.302
5.3319,68.15,4.018,3.302
5.3347,67.38,4.018,3.303
5.3375,65.58,4.016,3.301
5.3403,69.23,4.018,3.302
5.3431,64.34,4.018,3.303
5.3458,65.49,4.019,3.303
5.3486,68.29,4.018,3.303
5.3514,67.89,4.019,3.303
5.3542,66.73,4.019,3.302
5.3569,68.85,4.018,3.303
5.3597,64.94,4.018,3.302
5.3625,65.95,4.018,3.303
5.3653,67.02,4.019,3.303
5.3681,68.73,4.018,3.302
5.3708,68.58,4.018,3.303
5.3736,65.4,4.018,3.303
5.3764,66.22,4.017,3.302
5.3792,68.18,4.018,3.302
5.3819,65.07,4.019,3.303
5.3847,68.22,4.017,3.302
5.3875,68.94,4.019,3.303
5.3903,66.57,4.018,3.302
5.3931,68.39,4.018,3.303
5.3958,65.43,4.018,3.303
5.3986,67.96,4.018,3.303
5.4014,69.15,4.017,3.302
5.4042,66.03,4.016,3.301
5.4069,67.39,4.017,3.302
5.4097,65.28,4.018,3.303
5.4125,67.57,4.018,3.303
5.4153,66.88,4.018,3.303
5.4181,70.69,4.018,3.303
5.4208,69.52,4.018,3.302
5.4236,68.34,4.018,3.302
5.4264,69.31,4.017,3.302
5.4292,68.83,4.018,3.303
5.4319,67.24,4.018,3.302
5.4347,70.69,4.017,3.302
5.4375,65.7,4.018,3.303
5.4403,69.16,4.017,3.302
5.4431,66.5,4.018,3.303
5.4458,66.87,4.018,3.303
5.4486,69.46,4.017,3.302
5.4514,70.25,4.017,3.302
5.4542,68.1,4.018,3.303
5.4569,69.52,4.017,3.302
5.4597,68.33,4.018,3.303
5.4625,64.82,4.018,3.303
5.4653,67.17,4.017,3.302
5.4681,66.35,4.018,3.303
5.4708,69.22,4.017,3.302
5.4736,68.16,4.017,3.302
5.4764,65.11,4.017,3.303
5.4792,68.87,4.016,3.302
5.4819,67.83,4.017,3.302
5.4847,68.25,4.018,3.303
5.4875,68.89,4.017,3.302
5.4903,69.94,4.018,3.303
5.4931,67.81,4.016,3.302
5.4958,66.89,4.018,3.303
5.4986,67.33,4.017,3.303
5.5014,67.46,4.016,3.302
5.5042,66.98,4.017,3.303
5.5069,64.09,4.017,3.303
5.5097,68.06,4.016,3.302
5.5125,65.3,4.018,3.303
5.5153,63.64,4.017,3.302
5.5181,63.72,4.018,3.303
5.5208,63.0,4.017,3.303
5.5236,67.61,4.017,3.303
5.5264,65.14,4.017,3.303
5.5292,67.92,4.016,3.302
5.5319,71.09,4.016,3.302
5.5347,66.46,4.018,3.303
5.5375,67.49,4.016,3.302
5.5403,65.36,4.017,3.303
5.5431,65.43,4.018,3.303
5.5458,67.17,4.017,3.303
5.5486,65.6,4.017,3.303
5.5514,64.13,4.018,3.303
5.5542,68.23,4.017,3.303
5.5569,66.07,4.017,3.303
5.5597,66.19,4.016,3.302
5.5625,63.34,4.017,3.302
5.5653,65.41,4.017,3.302
5.5681,64.6,4.018,3.303
5.5708,64.28,4.018,3.303
5.5736,63.52,4.017,3.303
5.5764,65.82,4.016,3.301
5.5792,64.42,4.017,3.303
5.5819,66.16,4.017,3.303
5.5847,67.6,4.016,3.302
5.5875,67.51,4.017,3.303
5.5903,67.48,4.016,3.303
5.5931,68.05,4.017,3.303
5.5958,62.68,4.016,3.303
5.5986,64.42,4.017,3.303
5.6014,67.99,4.017,3.303
5.6042,66.64,4.017,3.303
5.6069,70.52,4.017,3.303
5.6097,63.71,4.016,3.303
5.6125,68.93,4.016,3.302
5.6153,66.11,4.017,3.303
5.6181,70.96,4.017,3.302
5.6208,65.2,4.017,3.303
5.6236,70.06,4.017,3.303
5.6264,69.01,4.016,3.303
5.6292,64.15,4.017,3.303
5.6319,64.3,4.017,3.303
5.6347,69.07,4.016,3.302
5.6375,66.97,4.016,3.302
5.6403,69.34,4.015,3.302
5.6431,65.89,4.016,3.302
5.6458,65.76,4.017,3.303
5.6486,66.08,4.015,3.302
5.6514,67.4,4.016,3.303
5.6542,64.24,4.016,3.302
5.6569,67.57,4.016,3.302
5.6597,66.83,4.018,3.303
5.6625,67.38,4.016,3.303
5.6653,67.14,4.015,3.302
5.6681,68.96,4.016,3.303
5.6708,68.36,4.015,3.302
5.6736,67.12,4.016,3.303
5.6764,68.86,4.016,3.302
5.6792,65.79,4.016,3.302
5.6819,66.24,4.016,3.303
5.6847,66.37,4.016,3.302
5.6875,67.36,4.016,3.303
5.6903,68.69,4.015,3.302
5.6931,63.98,4.015,3.302
5.6958,64.22,4.016,3.303
5.6986,67.87,4.014,3.301
5.7014,64.89,4.016,3.303
5.7042,65.52,4.016,3.302
5.7069,67.04,4.015,3.303
5.7097,67.24,4.017,3.303
5.7125,67.37,4.015,3.302
5.7153,67.07,4.016,3.303
5.7181,66.86,4.015,3.303
5.7208,65.69,4.016,3.303
5.7236,67.51,4.016,3.303
5.7264,65.0,4.015,3.303
5.7292,64.47,4.016,3.303
5.7319,63.9,4.015,3.303
5.7347,66.27,4.015,3.301
5.7375,70.73,4.015,3.303
5.7403,64.9,4.016,3.303
5.7431,68.51,4.014,3.301
5.7458,63.65,4.016,3.303
5.7486,63.23,4.015,3.302
5.7514,64.43,4.015,3.302
5.7542,63.44,4.016,3.303
5.7569,65.45,4.015,3.302
5.7597,65.21,4.015,3.303
5.7625,65.81,4.016,3.303
5.7653,68.67,4.015,3.302
5.7681,66.32,4.015,3.303
5.7708,64.6,4.016,3.303
5.7736,65.58,4.016,3.303
5.7764,66.29,4.016,3.303
5.7792,66.84,4.015,3.303
5.7819,64.47,4.016,3.303
5.7847,64.06,4.015,3.302
5.7875,67.25,4.015,3.302
5.7903,66.13,4.016,3.303
5.7931,63.9,4.015,3.302
5.7958,65.96,4.016,3.303
5.7986,64.31,4.015,3.303
5.8014,65.85,4.015,3.302
5.8042,66.96,4.016,3.303
5.8069,66.32,4.015,3.302
5.8097,64.2,4.015,3.303
5.8125,63.83,4.015,3.303
5.8153,65.06,4.015,3.302
5.8181,64.48,4.015,3.303
5.8208,67.2,4.014,3.303
5.8236,67.16,4.014,3.302
5.8264,64.81,4.016,3.303
5.8292,61.92,4.015,3.303
5.8319,68.34,4.014,3.302
5.8347,68.37,4.016,3.303
5.8375,68.52,4.013,3.302
5.8403,63.99,4.015,3.302
5.8431,65.63,4.014,3.302
5.8458,66.64,4.015,3.303
5.8486,65.18,4.015,3.302
5.8514,67.98,4.015,3.303
5.8542,65.55,4.014,3.302
5.8569,64.99,4.015,3.303
5.8597,63.1,4.015,3.303
5.8625,63.96,4.015,3.303
5.8653,66.33,4.015,3.303
5.8681,63.81,4.015,3.303
5.8708,65.74,4.014,3.302
5.8736,63.87,4.015,3.303
5.8764,66.3,4.015,3.302
5.8792,68.16,4.014,3.302
5.8819,66.05,4.014,3.302
5.8847,66.91,4.014,3.302
5.8875,67.0,4.013,3.302
5.8903,69.53,4.014,3.302
5.8931,64.96,4.014,3.302
5.8958,63.55,4.014,3.303
5.8986,68.3,4.013,3.302
5.9014,64.43,4.014,3.303
5.9042,65.13,4.016,3.303
5.9069,67.03,4.014,3.302
5.9097,64.56,4.013,3.302
5.9125,64.29,4.015,3.302
5.9153,67.8,4.014,3.302
5.9181,71.98,4.013,3.302
5.9208,66.46,4.014,3.302
5.9236,63.67,4.014,3.303
5.9264,64.99,4.015,3.303
5.9292,63.55,4.014,3.303
5.9319,68.81,4.014,3.303
5.9347,64.32,4.014,3.303
5.9375,65.7,4.014,3.302
5.9403,66.96,4.014,3.302
5.9431,64.37,4.013,3.302
5.9458,68.83,4.013,3.303
5.9486,64.54,4.015,3.303
5.9514,68.27,4.012,3.302
5.9542,65.64,4.014,3.303
5.9569,67.24,4.014,3.303
5.9597,64.61,4.014,3.303
5.9625,64.31,4.014,3.302
5.9653,66.04,4.012,3.302
5.9681,67.51,4.013,3.302
5.9708,65.27,4.015,3.303
5.9736,66.65,4.013,3.302
5.9764,66.94,4.014,3.303
5.9792,66.34,4.013,3.302
5.9819,65.71,4.012,3.302
5.9847,62.78,4.014,3.303
5.9875,63.53,4.013,3.302
5.9903,65.68,4.014,3.302
5.9931,67.22,4.013,3.303
5.9958,63.66,4.013,3.302
5.9986,64.42,4.013,3.303
6.0014,65.19,4.013,3.302
6.0042,67.43,4.013,3.302
6.0069,65.23,4.014,3.303
6.0097,66.49,4.014,3.303
6.0125,67.48,4.012,3.302
6.0153,66.04,4.013,3.303
6.0181,65.97,4.013,3.302
6.0208,66.77,4.012,3.302
6.0236,67.82,4.013,3.303
6.0264,67.03,4.013,3.302
6.0292,65.69,4.013,3.303
6.0319,66.38,4.013,3.302
6.0347,66.15,4.012,3.302
6.0375,63.88,4.014,3.303
6.0403,64.06,4.013,3.302
6.0431,63.81,4.013,3.303
6.0458,63.67,4.014,3.303
6.0486,64.36,4.012,3.302
6.0514,68.22,4.013,3.302
6.0542,63.93,4.013,3.303
6.0569,65.09,4.012,3.302
6.0597,63.82,4.013,3.303
6.0625,64.03,4.012,3.302
6.0653,67.41,4.012,3.302
6.0681,64.1,4.013,3.303
6.0708,69.66,4.011,3.302
6.0736,66.01,4.013,3.303
6.0764,67.98,4.012,3.302
6.0792,64.27,4.012,3.303
6.0819,66.67,4.012,3.302
6.0847,69.02,4.012,3.302
6.0875,63.25,4.012,3.302
6.0903,67.17,4.012,3.302
6.0931,63.51,4.012,3.302
6.0958,66.65,4.012,3.302
6.0986,66.05,4.012,3.302
6.1014,66.31,4.011,3.302
6.1042,63.23,4.013,3.303
6.1069,64.39,4.012,3.302
6.1097,63.42,4.013,3.303
6.1125,65.55,4.012,3.303
6.1153,68.44,4.011,3.301
6.1181,67.01,4.012,3.302
6.1208,65.29,4.011,3.302
6.1236,66.41,4.012,3.303
6.1264,65.97,4.013,3.303
6.1292,63.77,4.011,3.302
6.1319,63.23,4.012,3.302
6.1347,63.96,4.012,3.303
6.1375,65.86,4.011,3.302
6.1403,66.79,4.012,3.303
6.1431,68.63,4.011,3.302
6.1458,66.53,4.012,3.302
6.1486,66.05,4.012,3.303
6.1514,63.54,4.012,3.303
6.1542,64.64,4.012,3.303
6.1569,67.8,4.012,3.302
6.1597,64.88,4.011,3.302
6.1625,65.21,4.012,3.303
6.1653,69.66,4.01,3.303
6.1681,66.77,4.012,3.302
6.1708,67.26,4.01,3.302
6.1736,63.06,4.011,3.303
6.1764,63.96,4.012,3.303
6.1792,67.18,4.011,3.302
6.1819,65.98,4.011,3.302
6.1847,63.78,4.011,3.302
6.1875,65.73,4.011,3.302
6.1903,66.52,4.012,3.303
6.1931,65.25,4.01,3.301
6.1958,65.45,4.011,3.302
6.1986,66.25,4.011,3.302
6.2014,66.32,4.01,3.302
6.2042,65.37,4.011,3.303
6.2069,67.88,4.011,3.303
6.2097,64.99,4.011,3.303
6.2125,65.32,4.011,3.303
6.2153,65.52,4.011,3.303
6.2181,65.14,4.011,3.302
6.2208,65.91,4.011,3.302
6.2236,65.86,4.011,3.303
6.2264,63.36,4.011,3.303
6.2292,65.09,4.011,3.302
6.2319,68.29,4.01,3.303
6.2347,65.14,4.011,3.303
6.2375,66.03,4.01,3.302
6.2403,64.37,4.01,3.303
6.2431,67.1,4.01,3.302
6.2458,66.97,4.011,3.303
6.2486,64.7,4.011,3.303
6.2514,65.07,4.011,3.302
6.2542,64.09,4.009,3.302
6.2569,65.55,4.011,3.303
6.2597,64.5,4.01,3.302
6.2625,66.23,4.01,3.302
6.2653,66.43,4.01,3.302
6.2681,65.59,4.01,3.302
6.2708,64.59,4.01,3.303
6.2736,66.85,4.009,3.302
6.2764,69.66,4.01,3.303
6.2792,69.16,4.01,3.303
6.2819,65.39,4.009,3.302
6.2847,69.1,4.01,3.303
6.2875,66.62,4.009,3.302
6.2903,68.74,4.01,3.302
6.2931,66.82,4.01,3.303
6.2958,65.55,4.009,3.303
6.2986,65.26,4.009,3.302
6.3014,68.13,4.01,3.303
6.3042,69.73,4.009,3.302
6.3069,66.31,4.009,3.302
6.3097,67.66,4.009,3.302
6.3125,65.23,4.009,3.302
6.3153,67.02,4.01,3.303
6.3181,69.22,4.008,3.302
6.3208,66.39,4.009,3.302
6.3236,68.57,4.008,3.302
6.3264,65.32,4.009,3.302
6.3292,65.09,4.01,3.303
6.3319,66.5,4.009,3.303
6.3347,67.67,4.009,3.302
6.3375,66.95,4.009,3.303
6.3403,69.69,4.009,3.303
6.3431,65.86,4.009,3.302
6.3458,68.58,4.009,3.302
6.3486,68.18,4.008,3.302
6.3514,67.76,4.008,3.302
6.3542,66.89,4.008,3.303
6.3569,65.87,4.008,3.302
6.3597,68.53,4.008,3.302
6.3625,67.22,4.009,3.303
6.3653,69.92,4.007,3.301
6.3681,66.81,4.008,3.303
6.3708,68.52,4.007,3.302
6.3736,67.74,4.007,3.302
6.3764,66.0,4.008,3.303
6.3792,69.98,4.007,3.302
6.3819,67.45,4.008,3.303
6.3847,70.61,4.007,3.302
6.3875,67.49,4.009,3.303
6.3903,66.67,4.008,3.303
6.3931,65.69,4.007,3.302
6.3958,69.04,4.007,3.302
6.3986,71.14,4.008,3.303
6.4014,68.64,4.007,3.302
6.4042,66.74,4.007,3.302
6.4069,66.21,4.007,3.302
6.4097,67.11,4.007,3.302
6.4125,69.24,4.007,3.303
6.4153,69.98,4.007,3.303
6.4181,71.22,4.006,3.301
6.4208,69.13,4.008,3.303
6.4236,69.35,4.007,3.302
6.4264,69.4,4.007,3.302
6.4292,69.65,4.006,3.302
6.4319,67.56,4.006,3.301
6.4347,67.39,4.007,3.303
6.4375,67.87,4.006,3.301
6.4403,67.65,4.007,3.302
6.4431,66.51,4.007,3.302
6.4458,67.7,4.007,3.302
6.4486,67.83,4.008,3.303
6.4514,67.59,4.006,3.302
6.4542,69.8,4.006,3.302
6.4569,66.98,4.008,3.303
6.4597,70.63,4.007,3.303
6.4625,66.4,4.006,3.302
6.4653,68.44,4.007,3.303
6.4681,67.41,4.006,3.302
6.4708,69.37,4.007,3.303
6.4736,68.45,4.006,3.302
6.4764,67.87,4.005,3.301
6.4792,72.58,4.006,3.302
6.4819,68.36,4.004,3.301
6.4847,65.79,4.007,3.303
6.4875,69.94,4.007,3.303
6.4903,68.63,4.005,3.302
6.4931,74.03,4.006,3.303
6.4958,67.3,4.005,3.302
6.4986,71.23,4.005,3.302
6.5014,65.13,4.006,3.303
6.5042,71.52,4.004,3.302
6.5069,70.58,4.005,3.302
6.5097,67.12,4.007,3.303
6.5125,66.82,4.005,3.303
6.5153,67.31,4.005,3.303
6.5181,67.76,4.006,3.303
6.5208,67.46,4.006,3.302
6.5236,67.96,4.006,3.302
6.5264,66.5,4.005,3.303
6.5292,67.06,4.005,3.302
6.5319,67.22,4.005,3.302
6.5347,69.06,4.005,3.302
6.5375,72.26,4.004,3.302
6.5403,66.5,4.006,3.303
6.5431,69.69,4.003,3.301
6.5458,68.11,4.006,3.303
6.5486,67.54,4.006,3.303
6.5514,67.42,4.005,3.302
6.5542,67.96,4.006,3.303
6.5569,66.56,4.005,3.303
6.5597,65.83,4.005,3.303
6.5625,65.85,4.006,3.304
6.5653,65.89,4.005,3.302
6.5681,65.67,4.005,3.303
6.5708,65.82,4.005,3.303
6.5736,68.4,4.005,3.303
6.5764,63.21,4.006,3.304
6.5792,63.95,4.004,3.302
6.5819,65.48,4.004,3.302
6.5847,65.46,4.006,3.303
6.5875,64.27,4.004,3.302
6.5903,65.66,4.006,3.303
6.5931,68.11,4.005,3.303
6.5958,68.23,4.005,3.303
6.5986,65.5,4.005,3.303
6.6014,65.22,4.004,3.303
6.6042,63.58,4.004,3.303
6.6069,64.68,4.005,3.303
6.6097,67.08,4.003,3.302
6.6125,68.72,4.005,3.303
6.6153,64.23,4.004,3.303
6.6181,68.74,4.005,3.303
6.6208,65.5,4.005,3.303
6.6236,66.0,4.004,3.303
6.6264,66.02,4.004,3.303
6.6292,64.68,4.005,3.304
6.6319,66.99,4.004,3.303
6.6347,68.92,4.003,3.303
6.6375,65.71,4.004,3.303
6.6403,67.51,4.004,3.303
6.6431,65.6,4.004,3.303
6.6458,66.83,4.004,3.303
6.6486,65.95,4.004,3.303
6.6514,66.38,4.004,3.303
6.6542,63.54,4.004,3.303
6.6569,65.54,4.004,3.303
6.6597,62.35,4.004,3.303
6.6625,65.07,4.003,3.302
6.6653,64.7,4.004,3.303
6.6681,66.97,4.003,3.303
6.6708,68.64,4.003,3.302
6.6736,65.77,4.004,3.304
6.6764,67.25,4.003,3.302
6.6792,64.22,4.004,3.303
6.6819,64.39,4.003,3.302
6.6847,68.02,4.003,3.303
6.6875,69.83,4.003,3.302
6.6903,64.99,4.004,3.303
6.6931,63.6,4.003,3.302
6.6958,65.2,4.003,3.302
6.6986,66.51,4.002,3.302
6.7014,62.93,4.003,3.303
6.7042,65.22,4.004,3.303
6.7069,69.52,4.003,3.303
6.7097,64.49,4.003,3.303
6.7125,65.1,4.002,3.303
6.7153,64.88,4.003,3.302
6.7181,68.73,4.003,3.303
6.7208,69.09,4.003,3.303
6.7236,67.13,4.002,3.302
6.7264,63.37,4.003,3.303
6.7292,67.86,4.002,3.302
6.7319,66.12,4.003,3.303
6.7347,66.84,4.003,3.303
6.7375,72.91,4.002,3.302
6.7403,65.17,4.003,3.303
6.7431,64.44,4.002,3.302
6.7458,67.75,4.003,3.303
6.7486,65.4,4.002,3.302
6.7514,65.99,4.003,3.303
6.7542,65.94,4.002,3.303
6.7569,66.96,4.0,3.302
6.7597,67.2,4.001,3.302
6.7625,66.95,4.002,3.303
6.7653,65.59,4.001,3.302
6.7681,64.59,4.003,3.303
6.7708,65.97,4.002,3.303
6.7736,66.16,4.001,3.303
6.7764,64.12,4.002,3.303
6.7792,65.2,4.002,3.302
6.7819,65.54,4.002,3.303
6.7847,63.89,4.001,3.302
6.7875,63.27,4.001,3.302
6.7903,64.84,4.002,3.303
6.7931,65.19,4.001,3.303
6.7958,68.16,4.001,3.303
6.7986,63.78,4.002,3.303
6.8014,65.57,4.002,3.303
6.8042,66.3,4.001,3.302
6.8069,67.37,4.001,3.302
6.8097,65.88,4.001,3.302
6.8125,64.85,4.002,3.303
6.8153,64.11,4.0,3.302
6.8181,68.64,4.001,3.303
6.8208,67.74,4.001,3.303
6.8236,63.11,4.001,3.302
6.8264,67.65,4.001,3.303
6.8292,64.94,4.001,3.303
6.8319,64.01,4.0,3.302
6.8347,69.37,4.001,3.303
6.8375,72.52,4.0,3.302
6.8403,65.17,4.0,3.302
6.8431,66.07,3.999,3.301
6.8458,66.5,4.0,3.302
6.8486,64.1,4.001,3.303
6.8514,68.37,4.0,3.302
6.8542,63.54,4.001,3.303
6.8569,67.64,3.998,3.302
6.8597,67.68,4.0,3.302
6.8625,65.37,4.0,3.302
6.8653,65.8,4.0,3.302
6.8681,65.98,4.0,3.302
6.8708,63.57,4.0,3.303
6.8736,67.18,4.0,3.302
6.8764,62.15,4.001,3.303
6.8792,65.5,4.001,3.303
6.8819,67.14,4.0,3.303
6.8847,68.1,4.0,3.303
6.8875,67.31,3.999,3.302
6.8903,69.23,4.0,3.303
6.8931,68.09,3.999,3.302
6.8958,63.88,4.0,3.303
6.8986,65.57,4.0,3.303
6.9014,66.87,3.999,3.302
6.9042,67.73,4.0,3.303
6.9069,63.78,3.999,3.303
6.9097,64.95,3.999,3.302
6.9125,65.52,3.999,3.302
6.9153,69.02,3.998,3.302
6.9181,66.24,4.0,3.303
6.9208,65.76,3.999,3.302
6.9236,67.2,3.999,3.302
6.9264,68.17,4.0,3.303
6.9292,64.48,3.999,3.303
6.9319,64.2,3.999,3.303
6.9347,64.24,4.0,3.303
6.9375,64.33,3.999,3.302
6.9403,67.56,4.0,3.303
6.9431,65.32,3.998,3.302
6.9458,68.74,3.998,3.302
6.9486,68.1,3.998,3.302
6.9514,66.21,3.998,3.302
6.9542,65.21,3.999,3.303
6.9569,66.53,3.998,3.302
6.9597,65.78,3.998,3.303
6.9625,66.48,3.998,3.303
6.9653,63.23,3.999,3.303
6.9681,65.19,3.999,3.303
6.9708,64.88,3.999,3.303
6.9736,63.94,3.999,3.303
6.9764,63.07,3.998,3.302
6.9792,64.6,3.999,3.303
6.9819,65.29,3.998,3.303
6.9847,68.0,3.998,3.303
6.9875,66.37,3.998,3.303
6.9903,69.42,3.997,3.302
6.9931,64.07,3.999,3.303
6.9958,67.27,3.998,3.302
6.9986,65.75,3.998,3.303
7.0014,65.82,3.998,3.302
7.0042,67.31,3.996,3.301
7.0069,63.84,3.998,3.303
7.0097,64.25,3.997,3.303
7.0125,65.91,3.998,3.303
7.0153,66.07,3.997,3.302
7.0181,65.46,3.997,3.302
7.0208,64.96,3.997,3.302
7.0236,65.23,3.997,3.303
7.0264,65.75,3.997,3.302
7.0292,66.2,3.998,3.303
7.0319,64.35,3.997,3.302
7.0347,65.57,3.998,3.303
7.0375,65.66,3.997,3.302
7.0403,69.14,3.997,3.303
7.0431,63.06,3.998,3.303
7.0458,67.1,3.996,3.302
7.0486,64.5,3.997,3.303
7.0514,65.72,3.997,3.303
7.0542,64.52,3.997,3.303
7.0569,68.72,3.997,3.303
7.0597,64.75,3.997,3.303
7.0625,63.69,3.997,3.303
7.0653,67.29,3.996,3.303
7.0681,66.51,3.996,3.302
7.0708,66.39,3.996,3.302
7.0736,66.0,3.997,3.303
7.0764,65.27,3.997,3.303
7.0792,66.98,3.996,3.303
7.0819,65.92,3.996,3.302
7.0847,65.97,3.996,3.302
7.0875,66.51,3.997,3.303
7.0903,67.55,3.995,3.301
7.0931,68.25,3.996,3.302
7.0958,62.74,3.997,3.303
7.0986,64.76,3.995,3.302
7.1014,64.53,3.997,3.303
7.1042,63.38,3.996,3.303
7.1069,66.92,3.995,3.302
7.1097,65.71,3.996,3.303
7.1125,66.2,3.995,3.302
7.1153,64.87,3.996,3.303
7.1181,67.66,3.996,3.302
7.1208,67.54,3.995,3.303
7.1236,64.92,3.996,3.303
7.1264,67.5,3.995,3.302
7.1292,65.31,3.996,3.303
7.1319,66.35,3.997,3.303
7.1347,65.13,3.996,3.302
7.1375,66.56,3.996,3.303
7.1403,63.18,3.996,3.303
7.1431,67.3,3.994,3.301
7.1458,64.46,3.995,3.303
7.1486,63.52,3.996,3.303
7.1514,63.91,3.995,3.303
7.1542,66.64,3.995,3.302
7.1569,67.25,3.994,3.303
7.1597,63.58,3.995,3.302
7.1625,65.5,3.995,3.302
7.1653,69.13,3.993,3.301
7.1681,66.18,3.995,3.303
7.1708,64.59,3.993,3.302
7.1736,65.65,3.996,3.303
7.1764,65.52,3.995,3.303
7.1792,64.72,3.995,3.303
7.1819,65.3,3.995,3.302
7.1847,66.79,3.995,3.303
7.1875,66.08,3.995,3.303
7.1903,64.67,3.995,3.303
7.1931,64.94,3.994,3.302
7.1958,65.64,3.994,3.303
7.1986,70.8,3.994,3.302
7.2014,66.14,3.995,3.303
7.2042,66.6,3.995,3.303
7.2069,64.98,3.994,3.302
7.2097,64.63,3.995,3.303
7.2125,64.41,3.994,3.302
7.2153,66.27,3.994,3.303
7.2181,67.36,3.993,3.302
7.2208,64.3,3.994,3.303
7.2236,65.31,3.994,3.303
7.2264,66.24,3.994,3.302
7.2292,64.46,3.994,3.302
7.2319,64.22,3.995,3.303
7.2347,67.18,3.995,3.302
7.2375,68.18,3.994,3.302
7.2403,66.1,3.995,3.303
7.2431,62.7,3.994,3.302
7.2458,64.98,3.995,3.303
7.2486,69.57,3.993,3.302
7.2514,64.34,3.994,3.302
7.2542,66.21,3.995,3.303
7.2569,68.32,3.993,3.302
7.2597,62.89,3.994,3.302
7.2625,62.05,3.994,3.303
7.2653,67.91,3.993,3.302
7.2681,69.11,3.994,3.303
7.2708,65.55,3.994,3.303
7.2736,63.66,3.994,3.303
7.2764,66.64,3.993,3.303
7.2792,64.33,3.993,3.302
7.2819,65.48,3.994,3.303
7.2847,66.11,3.993,3.303
7.2875,67.17,3.993,3.302
7.2903,66.97,3.994,3.303
7.2931,65.22,3.993,3.302
7.2958,65.86,3.994,3.303
7.2986,65.77,3.993,3.303
7.3014,67.71,3.993,3.302
7.3042,67.35,3.993,3.303
7.3069,65.94,3.993,3.303
7.3097,65.08,3.992,3.302
7.3125,64.05,3.993,3.303
7.3153,65.42,3.993,3.303
7.3181,64.06,3.993,3.303
7.3208,66.76,3.994,3.303
7.3236,65.25,3.992,3.303
7.3264,66.24,3.992,3.302
7.3292,67.79,3.992,3.302
7.3319,64.08,3.992,3.302
7.3347,65.65,3.993,3.304
7.3375,66.25,3.991,3.302
7.3403,67.84,3.992,3.302
7.3431,64.76,3.992,3.302
7.3458,66.27,3.992,3.302
7.3486,65.55,3.992,3.302
7.3514,68.53,3.993,3.304
7.3542,66.96,3.992,3.303
7.3569,67.29,3.992,3.303
7.3597,68.07,3.991,3.303
7.3625,67.57,3.991,3.302
7.3653,64.72,3.992,3.303
7.3681,65.24,3.992,3.303
7.3708,68.55,3.991,3.303
7.3736,66.73,3.991,3.303
7.3764,66.61,3.992,3.302
7.3792,67.47,3.991,3.302
7.3819,67.38,3.991,3.302
7.3847,67.34,3.992,3.303
7.3875,67.47,3.992,3.303
7.3903,68.24,3.991,3.302
7.3931,66.46,3.991,3.302
7.3958,65.91,3.992,3.303
7.3986,65.76,3.99,3.302
7.4014,65.78,3.992,3.303
7.4042,68.54,3.991,3.303
7.4069,68.67,3.991,3.302
7.4097,65.8,3.992,3.303
7.4125,65.3,3.992,3.303
7.4153,67.91,3.991,3.303
7.4181,68.49,3.991,3.303
7.4208,68.4,3.99,3.302
7.4236,67.1,3.992,3.303
7.4264,66.56,3.99,3.302
7.4292,70.03,3.99,3.302
7.4319,67.93,3.991,3.303
7.4347,69.95,3.989,3.302
7.4375,64.13,3.991,3.302
7.4403,66.56,3.992,3.303
7.4431,64.27,3.991,3.302
7.4458,68.01,3.991,3.303
7.4486,66.31,3.991,3.303
7.4514,67.76,3.99,3.302
7.4542,71.59,3.99,3.302
7.4569,71.02,3.99,3.303
7.4597,68.41,3.99,3.302
7.4625,71.01,3.991,3.303
7.4653,72.17,3.989,3.302
7.4681,71.07,3.99,3.302
7.4708,68.81,3.989,3.302
7.4736,67.04,3.99,3.302
7.4764,67.99,3.99,3.303
7.4792,66.83,3.99,3.303
7.4819,69.0,3.989,3.302
7.4847,69.06,3.99,3.303
7.4875,73.62,3.988,3.302
7.4903,70.24,3.99,3.303
7.4931,69.18,3.989,3.302
7.4958,68.76,3.989,3.302
7.4986,71.76,3.99,3.303
7.5014,70.67,3.988,3.302
7.5042,72.4,3.99,3.302
7.5069,70.38,3.989,3.302
7.5097,72.04,3.988,3.302
7.5125,68.41,3.989,3.302
7.5153,70.53,3.989,3.302
7.5181,70.19,3.987,3.302
7.5208,69.42,3.989,3.302
7.5236,68.6,3.988,3.302
7.5264,70.74,3.989,3.302
7.5292,68.76,3.989,3.302
7.5319,74.51,3.988,3.303
7.5347,70.3,3.988,3.302
7.5375,65.24,3.989,3.302
7.5403,67.88,3.989,3.302
7.5431,66.15,3.988,3.302
7.5458,66.59,3.989,3.302
7.5486,71.3,3.989,3.303
7.5514,63.46,3.989,3.303
7.5542,65.98,3.989,3.303
7.5569,68.31,3.988,3.302
7.5597,67.69,3.988,3.301
7.5625,68.75,3.988,3.303
7.5653,70.47,3.988,3.302
7.5681,69.32,3.988,3.302
7.5708,66.48,3.989,3.303
7.5736,66.46,3.988,3.302
7.5764,65.15,3.988,3.302
7.5792,68.4,3.989,3.302
7.5819,69.66,3.988,3.302
7.5847,69.32,3.989,3.303
7.5875,65.94,3.988,3.302
7.5903,67.98,3.988,3.302
7.5931,65.88,3.989,3.303
7.5958,68.55,3.988,3.303
7.5986,68.44,3.987,3.302
7.6014,70.06,3.987,3.302
7.6042,65.84,3.989,3.303
7.6069,64.92,3.988,3.303
7.6097,67.08,3.988,3.302
7.6125,64.97,3.988,3.303
7.6153,67.46,3.988,3.303
7.6181,66.59,3.987,3.302
7.6208,64.84,3.989,3.303
7.6236,70.01,3.987,3.302
7.6264,66.28,3.986,3.302
7.6292,69.01,3.989,3.303
7.6319,66.34,3.988,3.303
7.6347,70.36,3.987,3.302
7.6375,66.26,3.988,3.302
7.6403,68.88,3.987,3.302
7.6431,67.82,3.988,3.303
7.6458,67.06,3.987,3.302
7.6486,67.59,3.987,3.302
7.6514,69.46,3.988,3.303
7.6542,71.6,3.987,3.302
7.6569,66.17,3.988,3.303
7.6597,66.28,3.988,3.303
7.6625,64.31,3.988,3.303
7.6653,68.79,3.987,3.303
7.6681,69.91,3.987,3.302
7.6708,67.46,3.988,3.303
7.6736,64.77,3.986,3.302
7.6764,65.54,3.988,3.303
7.6792,63.73,3.987,3.302
7.6819,65.88,3.987,3.303
7.6847,68.85,3.987,3.303
7.6875,65.35,3.987,3.302
7.6903,65.5,3.988,3.303
7.6931,63.9,3.988,3.303
7.6958,68.9,3.987,3.303
7.6986,66.62,3.987,3.303
7.7014,66.94,3.987,3.303
7.7042,64.95,3.987,3.303
7.7069,64.75,3.987,3.302
7.7097,63.99,3.986,3.303
7.7125,66.24,3.986,3.302
7.7153,68.53,3.988,3.303
7.7181,66.96,3.987,3.303
7.7208,64.76,3.987,3.303
7.7236,64.19,3.987,3.303
7.7264,67.37,3.987,3.303
7.7292,67.01,3.986,3.303
7.7319,66.56,3.986,3.303
7.7347,64.47,3.987,3.303
7.7375,70.6,3.986,3.302
7.7403,65.89,3.986,3.302
7.7431,66.18,3.985,3.302
7.7458,66.63,3.987,3.303
7.7486,64.29,3.986,3.303
7.7514,66.48,3.986,3.303
7.7542,69.14,3.986,3.302
7.7569,76.8,3.986,3.303
7.7597,72.91,3.985,3.302
7.7625,69.27,3.986,3.303
7.7653,68.72,3.985,3.302
7.7681,68.46,3.987,3.303
7.7708,69.15,3.984,3.301
7.7736,68.68,3.986,3.302
7.7764,67.12,3.986,3.303
7.7792,67.95,3.986,3.302
7.7819,67.41,3.986,3.302
7.7847,78.55,3.985,3.302
7.7875,68.35,3.985,3.302
7.7903,65.45,3.986,3.302
7.7931,66.2,3.987,3.303
7.7958,65.77,3.985,3.302
7.7986,65.06,3.987,3.303
7.8014,62.09,3.986,3.303
7.8042,63.59,3.987,3.303
7.8069,65.58,3.985,3.302
7.8097,63.97,3.985,3.303
7.8125,65.01,3.985,3.302
7.8153,65.96,3.986,3.303
7.8181,65.33,3.985,3.302
7.8208,69.91,3.985,3.302
7.8236,67.5,3.983,3.3
7.8264,65.51,3.985,3.302
7.8292,63.97,3.986,3.303
7.8319,62.18,3.986,3.302
7.8347,64.55,3.986,3.302
7.8375,68.45,3.986,3.303
7.8403,70.6,3.984,3.301
7.8431,64.89,3.984,3.302
7.8458,65.12,3.986,3.303
7.8486,67.6,3.985,3.303
7.8514,66.74,3.986,3.303
7.8542,63.12,3.985,3.302
7.8569,65.59,3.984,3.302
7.8597,65.23,3.985,3.302
7.8625,65.16,3.986,3.303
7.8653,69.12,3.984,3.301
7.8681,67.57,3.985,3.303
7.8708,65.18,3.984,3.302
7.8736,65.2,3.985,3.302
7.8764,61.77,3.985,3.302
7.8792,63.64,3.986,3.303
7.8819,63.31,3.985,3.303
7.8847,65.12,3.984,3.302
7.8875,61.73,3.986,3.303
7.8903,64.97,3.985,3.303
7.8931,66.77,3.985,3.302
7.8958,64.03,3.985,3.302
7.8986,65.72,3.984,3.303
7.9014,65.55,3.985,3.302
7.9042,71.39,3.984,3.302
7.9069,65.92,3.983,3.301
7.9097,65.01,3.985,3.303
7.9125,62.52,3.985,3.303
7.9153,64.29,3.985,3.303
7.9181,66.59,3.984,3.302
7.9208,64.19,3.985,3.303
7.9236,66.24,3.983,3.302
7.9264,67.0,3.985,3.302
7.9292,63.93,3.984,3.302
7.9319,62.58,3.985,3.303
7.9347,64.81,3.985,3.303
7.9375,67.41,3.984,3.302
7.9403,65.18,3.985,3.303
7.9431,68.63,3.984,3.302
7.9458,65.51,3.985,3.303
7.9486,62.85,3.985,3.303
7.9514,66.46,3.985,3.303
7.9542,64.74,3.984,3.303
7.9569,64.61,3.984,3.303
7.9597,65.19,3.985,3.303
7.9625,65.47,3.985,3.303
7.9653,62.79,3.984,3.303
7.9681,64.17,3.984,3.302
7.9708,65.8,3.984,3.302
7.9736,62.87,3.985,3.303
7.9764,63.53,3.984,3.302
7.9792,65.93,3.984,3.303
7.9819,64.96,3.983,3.302
7.9847,66.52,3.984,3.303
7.9875,66.72,3.984,3.302
7.9903,65.72,3.983,3.302
7.9931,62.92,3.984,3.303
7.9958,62.29,3.983,3.302
7.9986,65.28,3.984,3.302
8.0014,64.41,3.984,3.302
8.0042,68.03,3.983,3.302
8.0069,67.7,3.984,3.303
8.0097,62.46,3.984,3.303
8.0125,64.75,3.984,3.303
8.0153,64.04,3.984,3.303
8.0181,67.21,3.984,3.303
8.0208,64.2,3.983,3.302
8.0236,63.72,3.985,3.303
8.0264,63.11,3.983,3.303
8.0292,64.94,3.984,3.303
8.0319,66.79,3.982,3.302
8.0347,65.91,3.983,3.302
8.0375,65.38,3.983,3.302
8.0403,66.7,3.984,3.303
8.0431,62.88,3.983,3.302
8.0458,65.35,3.983,3.302
8.0486,64.01,3.983,3.302
8.0514,62.18,3.983,3.302
8.0542,63.83,3.984,3.303
8.0569,63.63,3.983,3.303
8.0597,65.69,3.984,3.303
8.0625,63.82,3.983,3.302
8.0653,63.99,3.985,3.303
8.0681,67.81,3.984,3.303
8.0708,65.87,3.984,3.303
8.0736,65.69,3.984,3.302
8.0764,67.83,3.984,3.303
8.0792,66.31,3.983,3.302
8.0819,67.05,3.983,3.303
8.0847,66.42,3.983,3.302
8.0875,69.42,3.983,3.302
8.0903,117.39,3.977,3.298
8.0931,117.44,3.977,3.299
8.0958,116.73,3.976,3.298
8.0986,119.84,3.977,3.299
8.1014,118.34,3.976,3.299
8.1042,116.58,3.977,3.299
8.1069,116.85,3.975,3.298
8.1097,120.44,3.976,3.299
8.1125,113.73,3.977,3.3
8.1153,121.05,3.975,3.299
8.1181,115.43,3.975,3.299
8.1208,118.01,3.976,3.299
8.1236,114.57,3.975,3.298
8.1264,119.74,3.975,3.299
8.1292,117.54,3.975,3.299
8.1319,117.35,3.975,3.299
8.1347,119.8,3.974,3.298
8.1375,121.65,3.974,3.299
8.1403,113.95,3.974,3.299
8.1431,119.01,3.974,3.299
8.1458,119.92,3.974,3.299
8.1486,114.64,3.975,3.3
8.1514,117.67,3.974,3.299
8.1542,109.77,3.974,3.299
8.1569,117.27,3.974,3.299
8.1597,118.74,3.973,3.299
8.1625,119.58,3.975,3.3
8.1653,119.24,3.973,3.299
8.1681,118.47,3.973,3.299
8.1708,119.93,3.974,3.299
8.1736,115.41,3.973,3.299
8.1764,118.19,3.974,3.3
8.1792,121.3,3.973,3.298
8.1819,121.64,3.973,3.299
8.1847,120.67,3.972,3.298
8.1875,119.49,3.973,3.299
8.1903,119.51,3.973,3.299
8.1931,119.77,3.973,3.299
8.1958,119.4,3.973,3.299
8.1986,120.76,3.973,3.299
8.2014,119.3,3.972,3.298
8.2042,119.61,3.973,3.299
8.2069,114.79,3.974,3.3
8.2097,120.64,3.973,3.3
8.2125,118.98,3.973,3.299
8.2153,121.46,3.972,3.299
8.2181,119.97,3.971,3.298
8.2208,119.67,3.973,3.299
8.2236,118.36,3.972,3.299
8.2264,118.13,3.972,3.299
8.2292,119.27,3.972,3.299
8.2319,121.39,3.972,3.299
8.2347,120.58,3.972,3.299
8.2375,106.34,3.972,3.299
8.2403,111.74,3.973,3.3
8.2431,119.11,3.972,3.3
8.2458,119.21,3.973,3.3
8.2486,117.25,3.971,3.299
8.2514,116.62,3.972,3.299
8.2542,118.79,3.971,3.298
8.2569,111.83,3.973,3.3
8.2597,117.67,3.971,3.299
8.2625,115.7,3.974,3.301
8.2653,116.15,3.971,3.299
8.2681,117.36,3.972,3.299
8.2708,118.6,3.97,3.298
8.2736,112.31,3.974,3.301
8.2764,115.74,3.97,3.298
8.2792,116.16,3.971,3.3
8.2819,117.65,3.97,3.298
8.2847,115.16,3.972,3.299
8.2875,115.16,3.971,3.299
8.2903,113.52,3.972,3.3
8.2931,117.69,3.97,3.299
8.2958,117.92,3.971,3.299
8.2986,117.42,3.971,3.299
8.3014,114.41,3.971,3.299
8.3042,115.5,3.97,3.299
8.3069,117.26,3.971,3.3
8.3097,116.91,3.971,3.299
8.3125,118.58,3.97,3.299
8.3153,120.2,3.97,3.299
8.3181,118.17,3.97,3.299
8.3208,109.04,3.971,3.3
8.3236,115.2,3.971,3.3
8.3264,118.57,3.97,3.299
8.3292,118.49,3.97,3.299
8.3319,118.0,3.97,3.299
8.3347,117.48,3.97,3.299
8.3375,117.05,3.969,3.299
8.3403,115.15,3.97,3.299
8.3431,112.6,3.971,3.3
8.3458,118.89,3.969,3.299
8.3486,119.09,3.969,3.299
8.3514,117.7,3.97,3.3
8.3542,114.88,3.969,3.299
8.3569,113.65,3.97,3.3
8.3597,114.9,3.968,3.298
8.3625,117.16,3.97,3.3
8.3653,117.31,3.969,3.299
8.3681,115.86,3.97,3.299
8.3708,116.62,3.969,3.299
8.3736,114.97,3.969,3.299
8.3764,116.81,3.969,3.299
8.3792,116.3,3.969,3.299
8.3819,117.57,3.968,3.299
8.3847,116.72,3.97,3.3
8.3875,119.02,3.968,3.299
8.3903,115.21,3.968,3.299
8.3931,116.23,3.968,3.299
8.3958,115.82,3.968,3.299
8.3986,118.88,3.969,3.299
8.4014,117.22,3.968,3.299
8.4042,106.26,3.97,3.3
8.4069,114.18,3.968,3.299
8.4097,117.6,3.969,3.3
8.4125,117.77,3.967,3.299
8.4153,116.86,3.969,3.3
8.4181,116.08,3.969,3.299
8.4208,119.94,3.967,3.298
8.4236,115.89,3.969,3.3
8.4264,115.43,3.968,3.299
8.4292,107.97,3.969,3.3
8.4319,72.93,3.973,3.302
8.4347,71.05,3.974,3.302
8.4375,69.0,3.975,3.303
8.4403,68.8,3.973,3.302
8.4431,64.89,3.974,3.303
8.4458,67.13,3.975,3.304
8.4486,68.72,3.974,3.302
8.4514,72.5,3.973,3.302
8.4542,70.89,3.975,3.303
8.4569,70.57,3.974,3.302
8.4597,67.68,3.975,3.303
8.4625,71.05,3.974,3.302
8.4653,71.85,3.974,3.302
8.4681,69.4,3.974,3.302
8.4708,66.88,3.974,3.302
8.4736,69.58,3.973,3.302
8.4764,73.09,3.973,3.301
8.4792,71.35,3.973,3.301
8.4819,69.9,3.975,3.302
8.4847,71.93,3.974,3.302
8.4875,79.21,3.972,3.301
8.4903,78.36,3.974,3.302
8.4931,74.65,3.975,3.302
8.4958,66.8,3.975,3.303
8.4986,70.68,3.973,3.302
8.5014,71.21,3.974,3.303
8.5042,74.07,3.974,3.302
8.5069,71.88,3.974,3.302
8.5097,72.95,3.973,3.302
8.5125,68.92,3.974,3.303
8.5153,72.62,3.973,3.301
8.5181,70.8,3.974,3.302
8.5208,67.98,3.974,3.302
8.5236,70.77,3.974,3.302
8.5264,69.13,3.975,3.303
8.5292,71.28,3.972,3.301
8.5319,72.12,3.973,3.303
8.5347,71.03,3.974,3.303
8.5375,69.44,3.973,3.302
8.5403,68.77,3.974,3.302
8.5431,73.26,3.973,3.302
8.5458,68.48,3.974,3.302
8.5486,67.81,3.974,3.303
8.5514,67.38,3.975,3.303
8.5542,65.13,3.975,3.303
8.5569,68.01,3.974,3.303
8.5597,69.41,3.973,3.302
8.5625,71.64,3.975,3.303
8.5653,71.38,3.973,3.301
8.5681,67.73,3.975,3.303
8.5708,74.21,3.973,3.302
8.5736,69.47,3.973,3.303
8.5764,66.81,3.974,3.302
8.5792,66.07,3.973,3.302
8.5819,66.89,3.973,3.302
8.5847,68.66,3.975,3.304
8.5875,70.52,3.974,3.303
8.5903,67.56,3.974,3.303
8.5931,67.18,3.973,3.302
8.5958,66.55,3.974,3.303
8.5986,69.07,3.974,3.303
8.6014,66.32,3.974,3.303
8.6042,70.27,3.973,3.302
8.6069,67.61,3.974,3.303
8.6097,68.42,3.973,3.303
8.6125,68.45,3.975,3.303
8.6153,68.63,3.973,3.302
8.6181,67.31,3.974,3.303
8.6208,70.61,3.973,3.303
8.6236,69.42,3.973,3.302
8.6264,67.39,3.974,3.303
8.6292,67.77,3.973,3.303
8.6319,69.91,3.973,3.302
8.6347,71.37,3.972,3.302
8.6375,69.28,3.973,3.302
8.6403,66.93,3.973,3.302
8.6431,66.35,3.974,3.303
8.6458,69.49,3.973,3.302
8.6486,70.03,3.973,3.302
8.6514,68.67,3.974,3.303
8.6542,70.87,3.973,3.302
8.6569,67.77,3.974,3.303
8.6597,68.28,3.972,3.301
8.6625,67.08,3.973,3.303
8.6653,69.21,3.973,3.303
8.6681,68.1,3.974,3.303
8.6708,71.09,3.972,3.301
8.6736,65.06,3.974,3.303
8.6764,68.5,3.974,3.303
8.6792,69.17,3.972,3.302
8.6819,67.28,3.973,3.302
8.6847,66.41,3.973,3.302
8.6875,67.74,3.973,3.303
8.6903,65.55,3.974,3.303
8.6931,63.92,3.974,3.303
8.6958,64.61,3.973,3.302
8.6986,69.33,3.973,3.302
8.7014,68.35,3.973,3.302
8.7042,70.13,3.974,3.303
8.7069,71.28,3.972,3.302
8.7097,73.34,3.971,3.301
8.7125,70.39,3.973,3.302
8.7153,70.92,3.973,3.303
8.7181,72.45,3.971,3.302
8.7208,71.51,3.971,3.302
8.7236,73.51,3.972,3.302
8.7264,72.29,3.972,3.303
8.7292,69.96,3.972,3.302
8.7319,68.18,3.972,3.303
8.7347,69.85,3.973,3.302
8.7375,75.16,3.971,3.302
8.7403,71.76,3.972,3.302
8.7431,69.98,3.971,3.302
8.7458,72.99,3.972,3.303
8.7486,72.95,3.973,3.303
8.7514,69.7,3.972,3.302
8.7542,69.53,3.972,3.302
8.7569,73.92,3.971,3.302
8.7597,74.7,3.972,3.302
8.7625,71.24,3.972,3.302
8.7653,71.93,3.971,3.302
8.7681,67.91,3.972,3.303
8.7708,70.89,3.972,3.302
8.7736,74.07,3.971,3.302
8.7764,74.89,3.971,3.302
8.7792,69.01,3.972,3.303
8.7819,67.18,3.971,3.302
8.7847,72.76,3.972,3.303
8.7875,65.19,3.972,3.303
8.7903,69.95,3.971,3.302
8.7931,66.49,3.972,3.303
8.7958,65.49,3.972,3.302
8.7986,68.41,3.971,3.302
8.8014,67.73,3.971,3.302
8.8042,70.27,3.971,3.302
8.8069,70.42,3.972,3.303
8.8097,69.25,3.971,3.302
8.8125,68.88,3.972,3.303
8.8153,66.2,3.973,3.303
8.8181,64.97,3.971,3.302
8.8208,69.34,3.972,3.303
8.8236,67.91,3.972,3.303
8.8264,65.09,3.971,3.302
8.8292,65.99,3.972,3.303
8.8319,63.42,3.972,3.303
8.8347,63.34,3.972,3.303
8.8375,67.21,3.971,3.302
8.8403,67.49,3.971,3.303
8.8431,67.49,3.973,3.304
8.8458,65.2,3.971,3.303
8.8486,64.18,3.972,3.303
8.8514,65.36,3.971,3.303
8.8542,68.31,3.972,3.303
8.8569,69.7,3.972,3.303
8.8597,65.54,3.972,3.303
8.8625,66.08,3.972,3.303
8.8653,72.31,3.972,3.303
8.8681,64.17,3.971,3.303
8.8708,64.13,3.97,3.302
8.8736,67.88,3.971,3.303
8.8764,67.95,3.971,3.303
8.8792,66.41,3.972,3.303
8.8819,66.81,3.97,3.302
8.8847,64.45,3.97,3.302
8.8875,63.01,3.971,3.303
8.8903,65.44,3.971,3.303
8.8931,65.89,3.97,3.301
8.8958,65.68,3.971,3.303
8.8986,66.53,3.97,3.302
8.9014,68.51,3.971,3.303
8.9042,69.32,3.97,3.302
8.9069,68.75,3.971,3.302
8.9097,64.85,3.972,3.303
8.9125,68.18,3.971,3.303
8.9153,68.96,3.971,3.303
8.9181,70.78,3.97,3.302
8.9208,64.65,3.971,3.302
8.9236,64.37,3.971,3.302
8.9264,66.84,3.97,3.303
8.9292,67.64,3.97,3.302
8.9319,64.84,3.972,3.303
8.9347,69.13,3.969,3.301
8.9375,65.81,3.97,3.302
8.9403,67.04,3.97,3.302
8.9431,66.46,3.971,3.303
8.9458,65.52,3.971,3.303
8.9486,69.1,3.971,3.303
8.9514,69.91,3.969,3.301
8.9542,68.14,3.971,3.302
8.9569,67.18,3.97,3.302
8.9597,65.41,3.969,3.302
8.9625,70.09,3.97,3.303
8.9653,67.36,3.97,3.302
8.9681,66.93,3.97,3.302
8.9708,64.78,3.97,3.302
8.9736,69.39,3.969,3.302
8.9764,64.33,3.971,3.303
8.9792,67.45,3.969,3.302
8.9819,64.24,3.97,3.303
8.9847,64.81,3.97,3.302
8.9875,70.13,3.969,3.302
8.9903,68.55,3.97,3.302
8.9931,69.23,3.969,3.302
8.9958,64.29,3.969,3.302
8.9986,65.39,3.97,3.303
9.0014,69.48,3.968,3.301
9.0042,71.4,3.968,3.302
9.0069,64.75,3.97,3.303
9.0097,68.73,3.969,3.302
9.0125,67.55,3.969,3.303
9.0153,66.98,3.969,3.303
9.0181,67.27,3.969,3.302
9.0208,66.51,3.971,3.303
9.0236,67.37,3.97,3.302
9.0264,63.55,3.97,3.302
9.0292,67.33,3.97,3.303
9.0319,70.87,3.968,3.301
9.0347,65.34,3.969,3.303
9.0375,66.45,3.969,3.303
9.0403,65.21,3.968,3.302
9.0431,68.46,3.97,3.302
9.0458,68.44,3.969,3.302
9.0486,67.14,3.969,3.302
9.0514,67.6,3.97,3.303
9.0542,67.88,3.969,3.302
9.0569,68.95,3.969,3.302
9.0597,71.11,3.968,3.302
9.0625,123.09,3.963,3.299
9.0653,86.61,3.966,3.301
9.0681,67.99,3.967,3.302
9.0708,66.78,3.968,3.302
9.0736,66.3,3.968,3.303
9.0764,63.85,3.968,3.302
9.0792,67.5,3.968,3.302
9.0819,66.03,3.969,3.302
9.0847,67.96,3.968,3.302
9.0875,68.56,3.969,3.303
9.0903,67.96,3.968,3.302
9.0931,66.36,3.968,3.302
9.0958,65.97,3.97,3.303
9.0986,67.45,3.968,3.302
9.1014,68.28,3.967,3.302
9.1042,66.47,3.968,3.302
9.1069,65.14,3.967,3.302
9.1097,70.15,3.968,3.302
9.1125,69.57,3.967,3.302
9.1153,66.32,3.968,3.302
9.1181,68.34,3.968,3.303
9.1208,67.65,3.968,3.302
9.1236,67.54,3.968,3.303
9.1264,67.17,3.968,3.302
9.1292,68.6,3.967,3.302
9.1319,71.33,3.968,3.302
9.1347,65.88,3.968,3.303
9.1375,66.87,3.968,3.303
9.1403,65.54,3.969,3.303
9.1431,68.32,3.967,3.302
9.1458,66.77,3.968,3.302
9.1486,66.78,3.967,3.302
9.1514,65.45,3.968,3.303
9.1542,69.81,3.968,3.303
9.1569,69.15,3.967,3.302
9.1597,64.61,3.968,3.303
9.1625,67.7,3.968,3.303
9.1653,66.97,3.966,3.302
9.1681,69.23,3.968,3.303
9.1708,69.3,3.967,3.302
9.1736,68.49,3.967,3.302
9.1764,69.2,3.967,3.302
9.1792,67.93,3.968,3.303
9.1819,67.43,3.967,3.302
9.1847,67.68,3.967,3.303
9.1875,68.45,3.968,3.303
9.1903,70.16,3.966,3.302
9.1931,68.27,3.968,3.303
9.1958,66.49,3.966,3.302
9.1986,66.52,3.967,3.303
9.2014,68.07,3.968,3.303
9.2042,66.47,3.966,3.302
9.2069,68.85,3.966,3.302
9.2097,68.02,3.968,3.303
9.2125,64.67,3.967,3.302
9.2153,70.32,3.968,3.303
9.2181,68.55,3.967,3.302
9.2208,66.69,3.967,3.302
9.2236,65.74,3.967,3.303
9.2264,68.81,3.966,3.302
9.2292,62.97,3.967,3.302
9.2319,67.15,3.968,3.303
9.2347,67.64,3.966,3.302
9.2375,70.94,3.966,3.302
9.2403,67.95,3.966,3.303
9.2431,65.78,3.967,3.303
9.2458,68.19,3.966,3.302
9.2486,67.93,3.966,3.302
9.2514,67.8,3.965,3.301
9.2542,65.09,3.967,3.303
9.2569,64.62,3.966,3.303
9.2597,67.74,3.966,3.302
9.2625,64.01,3.967,3.303
9.2653,66.85,3.966,3.302
9.2681,65.57,3.967,3.303
9.2708,66.48,3.965,3.301
9.2736,69.88,3.964,3.301
9.2764,67.56,3.967,3.303
9.2792,68.65,3.966,3.303
9.2819,68.61,3.967,3.303
9.2847,69.37,3.965,3.302
9.2875,64.41,3.965,3.301
9.2903,67.79,3.966,3.303
9.2931,66.95,3.966,3.303
9.2958,68.68,3.965,3.302
9.2986,72.88,3.966,3.303
9.3014,66.22,3.965,3.303
9.3042,68.18,3.966,3.302
9.3069,68.28,3.965,3.303
9.3097,65.3,3.965,3.302
9.3125,64.02,3.966,3.304
9.3153,65.1,3.966,3.303
9.3181,68.05,3.964,3.302
9.3208,69.71,3.965,3.302
9.3236,65.39,3.965,3.302
9.3264,66.01,3.966,3.303
9.3292,65.44,3.965,3.301
9.3319,67.0,3.965,3.302
9.3347,66.49,3.965,3.303
9.3375,67.75,3.964,3.301
9.3403,67.3,3.966,3.303
9.3431,63.94,3.964,3.302
9.3458,67.0,3.966,3.303
9.3486,65.88,3.964,3.302
9.3514,66.32,3.964,3.302
9.3542,65.03,3.964,3.302
9.3569,66.37,3.965,3.303
9.3597,66.29,3.964,3.303
9.3625,62.45,3.965,3.303
9.3653,65.78,3.964,3.302
9.3681,65.95,3.966,3.303
9.3708,69.88,3.964,3.302
9.3736,67.67,3.965,3.303
9.3764,65.7,3.965,3.303
9.3792,64.02,3.964,3.303
9.3819,69.69,3.965,3.303
9.3847,67.89,3.964,3.302
9.3875,67.34,3.963,3.301
9.3903,65.14,3.965,3.303
9.3931,63.3,3.964,3.302
9.3958,69.7,3.964,3.302
9.3986,64.55,3.965,3.303
9.4014,66.48,3.964,3.302
9.4042,67.33,3.964,3.303
9.4069,65.59,3.963,3.303
9.4097,65.51,3.964,3.303
9.4125,68.5,3.965,3.303
9.4153,68.6,3.964,3.302
9.4181,69.73,3.963,3.302
9.4208,69.33,3.963,3.302
9.4236,69.29,3.964,3.302
9.4264,64.43,3.965,3.303
9.4292,66.41,3.963,3.302
9.4319,67.9,3.963,3.302
9.4347,69.22,3.964,3.303
9.4375,68.46,3.962,3.302
9.4403,64.25,3.963,3.303
9.4431,64.63,3.964,3.303
9.4458,65.48,3.964,3.303
9.4486,67.87,3.965,3.303
9.4514,68.61,3.963,3.303
9.4542,70.44,3.962,3.302
9.4569,65.36,3.964,3.302
9.4597,65.07,3.963,3.302
9.4625,64.22,3.964,3.303
9.4653,65.02,3.964,3.303
9.4681,64.8,3.962,3.302
9.4708,65.88,3.963,3.303
9.4736,65.47,3.963,3.303
9.4764,64.32,3.964,3.303
9.4792,66.1,3.964,3.303
9.4819,63.12,3.962,3.302
9.4847,66.63,3.964,3.303
9.4875,71.46,3.962,3.302
9.4903,69.5,3.963,3.303
9.4931,69.2,3.963,3.303
9.4958,66.78,3.962,3.302
9.4986,66.47,3.962,3.302
9.5014,68.58,3.963,3.303
9.5042,71.1,3.962,3.302
9.5069,69.08,3.962,3.303
9.5097,65.26,3.962,3.303
9.5125,65.76,3.962,3.303
9.5153,65.48,3.963,3.303
9.5181,63.65,3.963,3.303
9.5208,67.26,3.961,3.302
9.5236,67.89,3.963,3.302
9.5264,66.49,3.961,3.302
9.5292,64.54,3.963,3.303
9.5319,65.75,3.962,3.302
9.5347,68.37,3.96,3.301
9.5375,69.37,3.962,3.302
9.5403,74.66,3.961,3.302
9.5431,67.49,3.963,3.303
9.5458,68.43,3.962,3.302
9.5486,67.41,3.961,3.302
9.5514,67.18,3.962,3.303
9.5542,69.37,3.96,3.302
9.5569,68.66,3.96,3.302
9.5597,67.08,3.962,3.303
9.5625,68.78,3.961,3.303
9.5653,65.58,3.962,3.303
9.5681,70.9,3.961,3.303
9.5708,70.57,3.961,3.302
9.5736,69.21,3.961,3.302
9.5764,65.46,3.962,3.303
9.5792,65.65,3.962,3.303
9.5819,68.99,3.961,3.302
9.5847,67.18,3.962,3.303
9.5875,69.06,3.961,3.302
9.5903,68.74,3.961,3.302
9.5931,66.94,3.96,3.302
9.5958,68.56,3.961,3.303
9.5986,67.7,3.96,3.302
9.6014,67.23,3.96,3.303
9.6042,66.69,3.96,3.302
9.6069,67.75,3.961,3.302
9.6097,65.58,3.961,3.303
9.6125,66.84,3.961,3.303
9.6153,66.78,3.96,3.302
9.6181,69.43,3.961,3.303
9.6208,67.54,3.959,3.302
9.6236,66.61,3.96,3.303
9.6264,65.59,3.961,3.303
9.6292,67.21,3.96,3.302
9.6319,68.8,3.96,3.303
9.6347,66.32,3.96,3.303
9.6375,66.82,3.96,3.303
9.6403,70.78,3.96,3.303
9.6431,68.48,3.96,3.303
9.6458,69.73,3.96,3.303
9.6486,67.8,3.96,3.302
9.6514,68.1,3.96,3.302
9.6542,68.76,3.96,3.303
9.6569,67.5,3.959,3.302
9.6597,70.36,3.959,3.302
9.6625,69.81,3.959,3.303
9.6653,65.01,3.96,3.303
9.6681,73.35,3.96,3.303
9.6708,70.56,3.96,3.303
9.6736,71.59,3.959,3.302
9.6764,68.28,3.96,3.303
9.6792,68.38,3.96,3.302
9.6819,66.74,3.959,3.302
9.6847,66.8,3.96,3.303
9.6875,67.16,3.958,3.302
9.6903,69.99,3.959,3.302
9.6931,67.95,3.959,3.303
9.6958,68.14,3.959,3.303
9.6986,68.25,3.958,3.302
9.7014,67.96,3.959,3.303
9.7042,67.93,3.959,3.303
9.7069,68.76,3.959,3.303
9.7097,64.37,3.959,3.302
9.7125,67.98,3.959,3.303
9.7153,66.39,3.96,3.303
9.7181,66.09,3.958,3.302
9.7208,69.4,3.958,3.302
9.7236,71.8,3.957,3.301
9.7264,64.8,3.958,3.302
9.7292,68.97,3.958,3.302
9.7319,68.52,3.958,3.302
9.7347,67.86,3.958,3.302
9.7375,72.63,3.958,3.303
9.7403,71.84,3.958,3.303
9.7431,66.89,3.958,3.303
9.7458,64.6,3.958,3.302
9.7486,67.12,3.956,3.302
9.7514,70.36,3.959,3.304
9.7542,73.66,3.956,3.302
9.7569,67.65,3.958,3.303
9.7597,68.8,3.957,3.302
9.7625,70.3,3.957,3.303
9.7653,66.82,3.958,3.303
9.7681,69.68,3.957,3.303
9.7708,67.15,3.956,3.302
9.7736,70.97,3.958,3.303
9.7764,66.75,3.957,3.302
9.7792,66.22,3.958,3.303
9.7819,68.85,3.957,3.302
9.7847,68.26,3.955,3.301
9.7875,66.45,3.957,3.302
9.7903,70.15,3.957,3.303
9.7931,65.48,3.957,3.303
9.7958,67.58,3.957,3.303
9.7986,65.52,3.957,3.303
9.8014,64.29,3.957,3.303
9.8042,70.13,3.956,3.302
9.8069,71.23,3.956,3.302
9.8097,66.02,3.958,3.303
9.8125,63.62,3.957,3.303
9.8153,66.04,3.958,3.303
9.8181,65.0,3.957,3.303
9.8208,71.22,3.955,3.301
9.8236,64.79,3.957,3.303
9.8264,63.95,3.957,3.303
9.8292,64.68,3.956,3.302
9.8319,64.92,3.957,3.304
9.8347,68.4,3.955,3.302
9.8375,67.21,3.955,3.302
9.8403,66.69,3.957,3.303
9.8431,66.43,3.957,3.303
9.8458,64.51,3.957,3.303
9.8486,66.4,3.957,3.303
9.8514,65.75,3.956,3.302
9.8542,65.65,3.956,3.302
9.8569,65.44,3.956,3.303
9.8597,64.76,3.955,3.302
9.8625,64.68,3.956,3.303
9.8653,66.68,3.956,3.303
9.8681,65.41,3.956,3.302
9.8708,65.51,3.956,3.303
9.8736,68.45,3.954,3.302
9.8764,67.93,3.956,3.303
9.8792,65.6,3.956,3.303
9.8819,64.31,3.955,3.302
9.8847,67.23,3.956,3.303
9.8875,69.22,3.954,3.302
9.8903,68.9,3.955,3.302
9.8931,65.92,3.956,3.303
9.8958,66.03,3.953,3.302
9.8986,71.39,3.954,3.303
9.9014,68.68,3.954,3.302
9.9042,69.14,3.954,3.302
9.9069,69.73,3.955,3.303
9.9097,67.82,3.954,3.303
9.9125,67.4,3.955,3.303
9.9153,66.99,3.954,3.302
9.9181,69.84,3.954,3.302
9.9208,66.28,3.953,3.302
9.9236,68.53,3.953,3.302
9.9264,64.26,3.954,3.302
9.9292,64.89,3.955,3.304
9.9319,66.55,3.954,3.303
9.9347,64.23,3.954,3.303
9.9375,66.04,3.954,3.302
9.9403,66.29,3.954,3.303
9.9431,65.7,3.954,3.303
9.9458,66.67,3.954,3.303
9.9486,65.72,3.954,3.303
9.9514,68.56,3.955,3.304
9.9542,65.24,3.953,3.302
9.9569,68.69,3.954,3.303
9.9597,63.46,3.955,3.303
9.9625,64.35,3.954,3.303
9.9653,66.76,3.955,3.303
9.9681,68.03,3.953,3.303
9.9708,69.04,3.952,3.302
9.9736,70.63,3.954,3.303
9.9764,69.79,3.953,3.302
9.9792,72.04,3.951,3.301
9.9819,67.2,3.954,3.303
9.9847,69.71,3.953,3.302
9.9875,73.38,3.952,3.302
9.9903,67.79,3.953,3.303
9.9931,65.43,3.953,3.303
9.9958,68.79,3.954,3.303
9.9986,64.53,3.953,3.303
10.0014,67.54,3.952,3.302
10.0042,68.6,3.952,3.302
10.0069,70.91,3.952,3.302
10.0097,65.32,3.952,3.303
10.0125,64.63,3.953,3.303
10.0153,68.25,3.952,3.303
10.0181,68.05,3.953,3.303
10.0208,64.82,3.952,3.303
10.0236,66.96,3.951,3.302
10.0264,73.58,3.952,3.302
10.0292,75.64,3.952,3.303
10.0319,65.08,3.952,3.302
10.0347,67.89,3.951,3.302
10.0375,67.5,3.951,3.302
10.0403,69.88,3.951,3.302
10.0431,67.67,3.952,3.303
10.0458,67.74,3.951,3.302
10.0486,68.16,3.951,3.302
10.0514,69.69,3.951,3.303
10.0542,66.02,3.951,3.302
10.0569,69.49,3.95,3.301
10.0597,68.29,3.951,3.302
10.0625,66.64,3.951,3.302
10.0653,68.86,3.95,3.302
10.0681,71.54,3.95,3.302
10.0708,71.81,3.95,3.301
10.0736,70.79,3.95,3.302
10.0764,63.82,3.951,3.303
10.0792,67.28,3.951,3.303
10.0819,65.69,3.95,3.302
10.0847,70.21,3.951,3.303
10.0875,70.24,3.95,3.302
10.0903,67.26,3.951,3.302
10.0931,70.68,3.95,3.301
10.0958,69.53,3.951,3.303
10.0986,66.21,3.95,3.302
10.1014,71.01,3.95,3.303
10.1042,68.09,3.949,3.302
10.1069,69.28,3.95,3.302
10.1097,65.23,3.952,3.303
10.1125,68.14,3.949,3.302
10.1153,70.09,3.95,3.303
10.1181,69.17,3.95,3.302
10.1208,70.99,3.948,3.302
10.1236,64.43,3.95,3.303
10.1264,69.96,3.95,3.303
10.1292,66.73,3.949,3.302
10.1319,62.88,3.949,3.303
10.1347,71.67,3.949,3.302
10.1375,69.81,3.948,3.303
10.1403,68.4,3.95,3.303
10.1431,69.49,3.948,3.302
10.1458,67.76,3.95,3.303
10.1486,72.55,3.949,3.302
10.1514,67.61,3.949,3.302
10.1542,73.62,3.948,3.302
10.1569,71.6,3.947,3.302
10.1597,69.95,3.947,3.301
10.1625,68.24,3.95,3.303
10.1653,67.93,3.947,3.302
10.1681,69.98,3.948,3.302
10.1708,69.18,3.947,3.302
10.1736,71.22,3.948,3.303
10.1764,66.29,3.949,3.303
10.1792,68.0,3.948,3.302
10.1819,68.93,3.948,3.302
10.1847,70.01,3.949,3.303
10.1875,69.12,3.948,3.302
10.1903,69.84,3.948,3.302
10.1931,66.9,3.949,3.303
10.1958,67.79,3.947,3.302
10.1986,70.52,3.948,3.303
10.2014,69.61,3.948,3.303
10.2042,68.61,3.947,3.302
10.2069,68.4,3.948,3.303
10.2097,68.27,3.947,3.302
10.2125,66.36,3.948,3.303
10.2153,68.91,3.947,3.303
10.2181,66.19,3.947,3.302
10.2208,69.17,3.947,3.302
10.2236,67.23,3.947,3.302
10.2264,65.33,3.947,3.302
10.2292,65.08,3.947,3.303
10.2319,66.05,3.947,3.303
10.2347,72.09,3.946,3.302
10.2375,71.03,3.947,3.303
10.2403,68.07,3.946,3.301
10.2431,73.92,3.946,3.302
10.2458,73.14,3.947,3.302
10.2486,69.6,3.947,3.302
10.2514,67.28,3.946,3.303
10.2542,67.38,3.945,3.301
10.2569,71.67,3.945,3.302
10.2597,70.75,3.945,3.302
10.2625,65.77,3.946,3.302
10.2653,71.9,3.946,3.303
10.2681,71.18,3.944,3.301
10.2708,69.86,3.944,3.301
10.2736,70.54,3.946,3.303
10.2764,67.2,3.945,3.302
10.2792,77.62,3.943,3.301
10.2819,74.43,3.945,3.302
10.2847,71.79,3.945,3.302
10.2875,68.87,3.945,3.302
10.2903,71.01,3.946,3.303
10.2931,67.82,3.944,3.302
10.2958,69.14,3.946,3.304
10.2986,70.43,3.943,3.302
10.3014,69.85,3.944,3.302
10.3042,66.18,3.945,3.303
10.3069,72.65,3.943,3.302
10.3097,66.89,3.946,3.303
10.3125,68.04,3.945,3.303
10.3153,66.52,3.944,3.302
10.3181,70.91,3.945,3.302
10.3208,72.17,3.943,3.302
10.3236,70.44,3.944,3.303
10.3264,69.02,3.944,3.303
10.3292,64.88,3.944,3.302
10.3319,69.62,3.945,3.303
10.3347,70.32,3.944,3.303
10.3375,71.74,3.943,3.302
10.3403,66.91,3.944,3.303
10.3431,67.09,3.945,3.303
10.3458,68.8,3.944,3.302
10.3486,67.72,3.942,3.302
10.3514,68.76,3.944,3.303
10.3542,68.91,3.943,3.302
10.3569,70.47,3.943,3.303
10.3597,68.14,3.943,3.302
10.3625,68.19,3.944,3.303
10.3653,67.41,3.943,3.302
10.3681,72.13,3.942,3.302
10.3708,66.69,3.943,3.303
10.3736,71.83,3.943,3.302
10.3764,66.22,3.943,3.303
10.3792,74.14,3.942,3.302
10.3819,69.83,3.942,3.302
10.3847,65.52,3.944,3.303
10.3875,70.24,3.941,3.302
10.3903,65.84,3.943,3.303
10.3931,70.28,3.943,3.303
10.3958,68.17,3.942,3.303
10.3986,67.66,3.941,3.302
10.4014,71.07,3.941,3.303
10.4042,69.45,3.94,3.302
10.4069,68.31,3.942,3.303
10.4097,66.72,3.941,3.302
10.4125,66.48,3.943,3.304
10.4153,66.65,3.942,3.303
10.4181,69.18,3.942,3.303
10.4208,70.87,3.942,3.303
10.4236,70.19,3.941,3.302
10.4264,67.38,3.942,3.303
10.4292,69.5,3.942,3.303
10.4319,66.92,3.942,3.302
10.4347,73.62,3.941,3.302
10.4375,66.62,3.941,3.302
10.4403,70.36,3.94,3.301
10.4431,70.41,3.941,3.303
10.4458,70.82,3.941,3.302
10.4486,67.24,3.941,3.302
10.4514,68.55,3.941,3.303
10.4542,64.67,3.94,3.302
10.4569,68.3,3.941,3.303
10.4597,65.21,3.94,3.302
10.4625,64.13,3.941,3.303
10.4653,70.34,3.941,3.303
10.4681,67.35,3.94,3.302
10.4708,66.24,3.94,3.302
10.4736,66.62,3.94,3.302
10.4764,70.92,3.939,3.302
10.4792,68.81,3.942,3.303
10.4819,66.16,3.941,3.303
10.4847,71.06,3.94,3.303
10.4875,70.39,3.94,3.303
10.4903,66.1,3.94,3.302
10.4931,65.6,3.941,3.303
10.4958,70.13,3.939,3.302
10.4986,69.73,3.94,3.303
10.5014,68.42,3.94,3.303
10.5042,72.93,3.938,3.302
10.5069,68.75,3.939,3.302
10.5097,71.0,3.94,3.303
10.5125,68.69,3.939,3.301
10.5153,67.74,3.939,3.302
10.5181,66.82,3.94,3.303
10.5208,67.68,3.938,3.301
10.5236,72.14,3.939,3.303
10.5264,68.23,3.938,3.302
10.5292,63.78,3.938,3.302
10.5319,68.57,3.939,3.303
10.5347,69.6,3.938,3.302
10.5375,69.75,3.938,3.302
10.5403,71.91,3.939,3.303
10.5431,67.82,3.938,3.302
10.5458,69.13,3.938,3.302
10.5486,70.12,3.938,3.302
10.5514,70.98,3.937,3.302
10.5542,70.08,3.937,3.302
10.5569,72.42,3.936,3.302
10.5597,68.21,3.937,3.302
10.5625,68.46,3.938,3.302
10.5653,67.6,3.938,3.303
10.5681,66.21,3.938,3.303
10.5708,72.3,3.938,3.302
10.5736,68.51,3.937,3.302
10.5764,68.73,3.938,3.303
10.5792,68.76,3.936,3.302
10.5819,69.14,3.937,3.302
10.5847,68.76,3.938,3.303
10.5875,70.25,3.935,3.301
10.5903,69.91,3.936,3.302
10.5931,67.02,3.938,3.303
10.5958,63.17,3.938,3.303
10.5986,67.81,3.938,3.303
10.6014,64.38,3.937,3.302
10.6042,68.55,3.935,3.301
10.6069,69.92,3.937,3.302
10.6097,67.19,3.937,3.302
10.6125,66.4,3.937,3.303
10.6153,65.37,3.937,3.303
10.6181,66.85,3.936,3.302
10.6208,68.33,3.936,3.303
10.6236,68.97,3.936,3.302
10.6264,63.89,3.937,3.303
10.6292,69.98,3.935,3.302
10.6319,67.52,3.936,3.302
10.6347,66.39,3.937,3.303
10.6375,71.91,3.935,3.301
10.6403,73.57,3.934,3.301
10.6431,70.46,3.937,3.303
10.6458,83.77,3.934,3.302
10.6486,82.9,3.933,3.301
10.6514,75.15,3.935,3.303
10.6542,82.22,3.932,3.301
10.6569,77.84,3.935,3.303
10.6597,69.89,3.936,3.303
10.6625,71.42,3.935,3.303
10.6653,70.02,3.935,3.303
10.6681,75.11,3.933,3.301
10.6708,84.92,3.934,3.302
10.6736,71.71,3.932,3.301
10.6764,68.9,3.934,3.303
10.6792,70.58,3.935,3.303
10.6819,69.15,3.934,3.303
10.6847,68.6,3.933,3.302
10.6875,65.04,3.934,3.303
10.6903,69.93,3.934,3.303
10.6931,70.5,3.934,3.302
10.6958,73.3,3.934,3.303
10.6986,69.56,3.934,3.303
10.7014,68.06,3.934,3.302
10.7042,66.43,3.933,3.302
10.7069,69.68,3.933,3.302
10.7097,67.2,3.933,3.302
10.7125,72.77,3.934,3.303
10.7153,69.17,3.932,3.303
10.7181,65.97,3.933,3.302
10.7208,69.58,3.932,3.302
10.7236,69.03,3.933,3.303
10.7264,68.53,3.934,3.303
10.7292,68.86,3.932,3.302
10.7319,67.88,3.933,3.303
10.7347,68.28,3.933,3.303
10.7375,69.78,3.931,3.301
10.7403,67.88,3.932,3.302
10.7431,67.77,3.933,3.303
10.7458,69.38,3.932,3.303
10.7486,70.19,3.933,3.303
10.7514,73.42,3.932,3.303
10.7542,69.41,3.932,3.302
10.7569,70.27,3.933,3.303
10.7597,69.67,3.931,3.302
10.7625,66.93,3.932,3.303
10.7653,68.6,3.933,3.303
10.7681,70.78,3.931,3.302
10.7708,66.18,3.931,3.302
10.7736,71.54,3.929,3.301
10.7764,66.55,3.932,3.303
10.7792,68.2,3.931,3.302
10.7819,71.99,3.931,3.302
10.7847,70.82,3.931,3.302
10.7875,66.68,3.932,3.302
10.7903,68.73,3.931,3.302
10.7931,67.75,3.932,3.303
10.7958,68.1,3.931,3.302
10.7986,70.9,3.931,3.302
10.8014,70.51,3.93,3.302
10.8042,70.93,3.93,3.302
10.8069,71.08,3.931,3.303
10.8097,69.31,3.929,3.302
10.8125,74.02,3.931,3.303
10.8153,69.44,3.931,3.303
10.8181,69.71,3.929,3.303
10.8208,75.9,3.928,3.301
10.8236,69.8,3.929,3.302
10.8264,71.79,3.929,3.302
10.8292,68.64,3.929,3.302
10.8319,70.26,3.93,3.303
10.8347,68.68,3.93,3.302
10.8375,68.89,3.93,3.303
10.8403,68.11,3.929,3.302
10.8431,69.51,3.93,3.303
10.8458,68.68,3.93,3.303
10.8486,67.73,3.93,3.303
10.8514,69.65,3.928,3.302
10.8542,70.58,3.928,3.301
10.8569,71.04,3.929,3.302
10.8597,67.27,3.93,3.303
10.8625,67.48,3.927,3.302
10.8653,68.12,3.928,3.303
10.8681,68.21,3.929,3.303
10.8708,70.76,3.928,3.302
10.8736,69.57,3.928,3.302
10.8764,67.9,3.928,3.302
10.8792,68.43,3.928,3.302
10.8819,69.57,3.928,3.303
10.8847,67.35,3.928,3.303
10.8875,66.36,3.928,3.302
10.8903,70.35,3.928,3.302
10.8931,69.33,3.927,3.302
10.8958,69.51,3.929,3.303
10.8986,66.63,3.928,3.303
10.9014,67.6,3.927,3.302
10.9042,69.26,3.928,3.302
10.9069,67.8,3.927,3.302
10.9097,65.82,3.928,3.303
10.9125,67.21,3.928,3.303
10.9153,70.58,3.927,3.302
10.9181,70.2,3.927,3.302
10.9208,69.25,3.927,3.302
10.9236,67.29,3.927,3.303
10.9264,67.77,3.928,3.303
10.9292,66.22,3.926,3.301
10.9319,68.21,3.928,3.303
10.9347,70.03,3.927,3.303
10.9375,67.26,3.926,3.302
10.9403,68.84,3.926,3.302
10.9431,70.81,3.927,3.303
10.9458,65.82,3.926,3.302
10.9486,71.05,3.926,3.302
10.9514,67.07,3.926,3.302
10.9542,68.95,3.925,3.301
10.9569,70.42,3.927,3.303
10.9597,65.72,3.926,3.302
10.9625,66.36,3.926,3.302
10.9653,66.06,3.926,3.303
10.9681,65.16,3.926,3.303
10.9708,66.0,3.926,3.303
10.9736,68.14,3.926,3.303
10.9764,67.33,3.927,3.303
10.9792,70.58,3.925,3.302
10.9819,66.57,3.925,3.302
10.9847,66.91,3.926,3.303
10.9875,70.95,3.924,3.301
10.9903,68.47,3.925,3.303
10.9931,67.77,3.926,3.303
10.9958,68.64,3.925,3.302
10.9986,64.18,3.925,3.303
11.0014,66.22,3.926,3.303
11.0042,67.32,3.925,3.303
11.0069,69.05,3.923,3.301
11.0097,65.6,3.925,3.303
11.0125,67.34,3.925,3.303
11.0153,68.42,3.924,3.302
11.0181,66.51,3.925,3.303
11.0208,68.34,3.924,3.302
11.0236,64.26,3.924,3.302
11.0264,66.12,3.924,3.302
11.0292,67.88,3.924,3.303
11.0319,65.77,3.925,3.303
11.0347,65.81,3.925,3.303
11.0375,64.35,3.924,3.302
11.0403,66.09,3.924,3.303
11.0431,64.52,3.925,3.303
11.0458,66.16,3.924,3.303
11.0486,65.03,3.924,3.304
11.0514,67.16,3.923,3.302
11.0542,67.95,3.923,3.303
11.0569,66.38,3.923,3.303
11.0597,64.82,3.923,3.302
11.0625,66.1,3.924,3.303
11.0653,66.66,3.923,3.302
11.0681,67.15,3.923,3.303
11.0708,66.9,3.923,3.302
11.0736,66.86,3.923,3.302
11.0764,66.55,3.923,3.303
11.0792,67.82,3.923,3.303
11.0819,68.51,3.923,3.303
11.0847,67.28,3.923,3.303
11.0875,67.47,3.922,3.302
11.0903,68.14,3.923,3.303
11.0931,70.59,3.923,3.303
11.0958,65.56,3.922,3.302
11.0986,64.97,3.922,3.303
11.1014,67.44,3.923,3.303
11.1042,67.43,3.921,3.302
11.1069,68.07,3.921,3.302
11.1097,65.81,3.921,3.302
11.1125,66.74,3.922,3.303
11.1153,67.22,3.923,3.304
11.1181,66.9,3.921,3.302
11.1208,64.35,3.922,3.303
11.1236,67.52,3.921,3.303
11.1264,69.13,3.921,3.303
11.1292,64.41,3.923,3.304
11.1319,65.74,3.922,3.303
11.1347,68.65,3.922,3.303
11.1375,69.2,3.921,3.303
11.1403,67.63,3.921,3.302
11.1431,67.42,3.921,3.302
11.1458,70.4,3.921,3.303
11.1486,68.82,3.921,3.302
11.1514,69.6,3.921,3.302
11.1542,72.12,3.919,3.301
11.1569,69.08,3.92,3.303
11.1597,65.69,3.921,3.303
11.1625,66.33,3.921,3.302
11.1653,68.45,3.921,3.303
11.1681,69.3,3.921,3.303
11.1708,69.66,3.919,3.301
11.1736,67.73,3.92,3.302
11.1764,67.16,3.92,3.302
11.1792,67.33,3.921,3.303
11.1819,68.2,3.92,3.302
11.1847,70.11,3.92,3.303
11.1875,67.75,3.92,3.303
11.1903,69.52,3.919,3.301
11.1931,66.53,3.919,3.302
11.1958,65.42,3.92,3.303
11.1986,69.76,3.919,3.303
11.2014,67.76,3.92,3.303
11.2042,68.67,3.918,3.302
11.2069,71.87,3.918,3.301
11.2097,67.97,3.919,3.302
11.2125,68.0,3.919,3.302
11.2153,67.65,3.918,3.302
11.2181,65.56,3.919,3.302
11.2208,63.26,3.918,3.302
11.2236,68.23,3.92,3.303
11.2264,66.07,3.918,3.302
11.2292,68.15,3.918,3.302
11.2319,70.98,3.918,3.302
11.2347,66.4,3.919,3.303
11.2375,74.17,3.917,3.302
11.2403,67.49,3.919,3.303
11.2431,66.18,3.918,3.302
11.2458,64.81,3.919,3.303
11.2486,69.93,3.919,3.303
11.2514,68.04,3.917,3.302
11.2542,66.48,3.919,3.303
11.2569,68.88,3.917,3.302
11.2597,73.49,3.917,3.302
11.2625,63.6,3.919,3.303
11.2653,65.13,3.918,3.302
11.2681,65.44,3.918,3.303
11.2708,67.12,3.916,3.301
11.2736,69.89,3.917,3.302
11.2764,67.82,3.917,3.302
11.2792,67.49,3.917,3.302
11.2819,65.59,3.917,3.303
11.2847,66.63,3.917,3.303
11.2875,66.33,3.916,3.302
11.2903,73.84,3.917,3.302
11.2931,69.26,3.916,3.302
11.2958,68.89,3.916,3.302
11.2986,82.59,3.915,3.301
11.3014,76.42,3.915,3.302
11.3042,73.35,3.916,3.302
11.3069,76.66,3.914,3.301
11.3097,69.8,3.915,3.302
11.3125,68.59,3.915,3.302
11.3153,67.26,3.916,3.303
11.3181,68.58,3.916,3.302
11.3208,72.27,3.915,3.302
11.3236,65.63,3.915,3.302
11.3264,74.16,3.914,3.302
11.3292,83.02,3.913,3.301
11.3319,96.06,3.912,3.3
11.3347,79.65,3.913,3.301
11.3375,73.79,3.913,3.301
11.3403,77.4,3.913,3.301
11.3431,71.64,3.914,3.302
11.3458,72.65,3.915,3.303
11.3486,70.62,3.914,3.302
11.3514,71.54,3.914,3.303
11.3542,69.24,3.912,3.3
11.3569,77.86,3.914,3.302
11.3597,66.97,3.915,3.302
11.3625,66.19,3.914,3.303
11.3653,69.5,3.913,3.301
11.3681,74.47,3.913,3.301
11.3708,67.5,3.914,3.302
11.3736,69.67,3.913,3.301
11.3764,67.0,3.915,3.303
11.3792,67.58,3.914,3.302
11.3819,69.45,3.913,3.302
11.3847,66.91,3.914,3.302
11.3875,66.8,3.914,3.302
11.3903,70.53,3.913,3.301
11.3931,66.74,3.914,3.302
11.3958,69.77,3.914,3.302
11.3986,67.34,3.914,3.303
11.4014,69.17,3.914,3.303
11.4042,75.26,3.912,3.302
11.4069,70.07,3.914,3.303
11.4097,73.55,3.912,3.302
11.4125,67.88,3.914,3.303
11.4153,67.8,3.913,3.303
11.4181,70.89,3.913,3.303
11.4208,67.09,3.913,3.302
11.4236,67.61,3.913,3.303
11.4264,68.54,3.912,3.302
11.4292,65.36,3.913,3.303
11.4319,64.9,3.913,3.302
11.4347,65.63,3.912,3.303
11.4375,66.36,3.911,3.302
11.4403,67.17,3.912,3.303
11.4431,66.74,3.912,3.302
11.4458,65.62,3.912,3.303
11.4486,69.35,3.91,3.301
11.4514,68.5,3.912,3.302
11.4542,67.03,3.912,3.302
11.4569,71.39,3.912,3.302
11.4597,65.41,3.912,3.303
11.4625,66.18,3.911,3.302
11.4653,65.88,3.911,3.302
11.4681,66.12,3.912,3.303
11.4708,68.37,3.91,3.301
11.4736,69.12,3.912,3.303
11.4764,69.21,3.91,3.302
11.4792,70.96,3.91,3.302
11.4819,66.83,3.912,3.303
11.4847,66.31,3.91,3.302
11.4875,77.32,3.91,3.302
11.4903,70.77,3.911,3.302
11.4931,65.83,3.91,3.302
11.4958,65.08,3.911,3.303
11.4986,63.37,3.911,3.303
11.5014,65.59,3.91,3.302
11.5042,66.86,3.911,3.303
11.5069,69.9,3.909,3.301
11.5097,63.59,3.912,3.303
11.5125,63.95,3.911,3.303
11.5153,69.71,3.91,3.302
11.5181,66.97,3.911,3.302
11.5208,67.4,3.91,3.302
11.5236,68.72,3.909,3.302
11.5264,64.94,3.91,3.303
11.5292,70.41,3.909,3.301
11.5319,66.62,3.909,3.302
11.5347,66.7,3.91,3.303
11.5375,66.63,3.908,3.302
11.5403,65.6,3.911,3.303
11.5431,64.79,3.909,3.303
11.5458,67.02,3.91,3.303
11.5486,68.64,3.91,3.302
11.5514,65.47,3.91,3.303
11.5542,67.23,3.908,3.302
11.5569,67.2,3.909,3.302
11.5597,67.84,3.908,3.302
11.5625,66.61,3.909,3.302
11.5653,65.65,3.909,3.303
11.5681,64.4,3.908,3.302
11.5708,69.11,3.909,3.303
11.5736,68.84,3.909,3.302
11.5764,65.5,3.91,3.303
11.5792,68.24,3.909,3.302
11.5819,65.67,3.91,3.303
11.5847,69.57,3.909,3.302
11.5875,71.31,3.908,3.302
11.5903,66.95,3.909,3.303
11.5931,69.16,3.909,3.303
11.5958,68.28,3.908,3.303
11.5986,65.27,3.908,3.303
11.6014,65.01,3.908,3.303
11.6042,68.59,3.908,3.302
11.6069,67.44,3.91,3.303
11.6097,66.91,3.908,3.302
11.6125,69.14,3.907,3.302
11.6153,68.17,3.909,3.303
11.6181,67.51,3.909,3.303
11.6208,69.31,3.907,3.302
11.6236,69.31,3.908,3.302
11.6264,66.92,3.907,3.302
11.6292,67.15,3.908,3.303
11.6319,70.14,3.907,3.302
11.6347,64.55,3.907,3.303
11.6375,64.64,3.908,3.303
11.6403,68.54,3.906,3.302
11.6431,68.56,3.908,3.303
11.6458,66.18,3.907,3.302
11.6486,68.41,3.907,3.303
11.6514,69.61,3.907,3.303
11.6542,71.71,3.905,3.302
11.6569,71.69,3.906,3.302
11.6597,67.27,3.907,3.303
11.6625,64.16,3.907,3.303
11.6653,67.15,3.908,3.303
11.6681,70.68,3.907,3.302
11.6708,69.97,3.907,3.303
11.6736,68.3,3.906,3.301
11.6764,67.84,3.907,3.303
11.6792,66.31,3.907,3.302
11.6819,65.26,3.907,3.303
11.6847,73.19,3.906,3.302
11.6875,69.69,3.905,3.302
11.6903,70.75,3.906,3.302
11.6931,66.47,3.906,3.303
11.6958,67.47,3.906,3.303
11.6986,65.97,3.907,3.303
11.7014,65.54,3.906,3.302
11.7042,64.85,3.905,3.302
11.7069,65.63,3.906,3.303
11.7097,66.27,3.905,3.302
11.7125,68.36,3.905,3.302
11.7153,67.7,3.905,3.303
11.7181,72.1,3.905,3.302
11.7208,67.43,3.906,3.303
11.7236,66.47,3.905,3.302
11.7264,66.4,3.905,3.302
11.7292,68.05,3.905,3.303
11.7319,66.67,3.904,3.302
11.7347,63.85,3.906,3.303
11.7375,69.06,3.905,3.302
11.7403,70.17,3.904,3.302
11.7431,66.03,3.906,3.303
11.7458,68.49,3.904,3.302
11.7486,69.57,3.903,3.302
11.7514,69.34,3.904,3.302
11.7542,67.79,3.905,3.303
11.7569,66.48,3.904,3.303
11.7597,67.64,3.904,3.303
11.7625,68.53,3.903,3.301
11.7653,72.04,3.903,3.302
11.7681,67.67,3.904,3.302
11.7708,67.34,3.905,3.303
11.7736,69.24,3.905,3.303
11.7764,71.36,3.903,3.302
11.7792,67.69,3.905,3.303
11.7819,71.36,3.903,3.302
11.7847,71.82,3.904,3.302
11.7875,68.81,3.905,3.303
11.7903,69.41,3.903,3.303
11.7931,68.36,3.902,3.302
11.7958,66.98,3.903,3.302
11.7986,68.83,3.902,3.302
11.8014,70.29,3.903,3.303
11.8042,67.66,3.904,3.303
11.8069,72.31,3.903,3.303
11.8097,69.22,3.904,3.303
11.8125,69.02,3.902,3.302
11.8153,67.95,3.903,3.302
11.8181,67.74,3.904,3.303
11.8208,71.63,3.902,3.302
11.8236,70.53,3.902,3.302
11.8264,68.07,3.903,3.303
11.8292,63.9,3.902,3.302
11.8319,70.22,3.9,3.301
11.8347,69.41,3.903,3.303
11.8375,68.36,3.902,3.303
11.8403,71.69,3.901,3.302
11.8431,67.84,3.902,3.303
11.8458,67.41,3.902,3.302
11.8486,67.34,3.902,3.302
11.8514,69.19,3.901,3.302
11.8542,67.62,3.901,3.302
11.8569,68.64,3.902,3.303
11.8597,66.76,3.902,3.303
11.8625,67.51,3.903,3.303
11.8653,68.99,3.902,3.302
11.8681,69.97,3.902,3.303
11.8708,67.79,3.903,3.304
11.8736,66.38,3.901,3.302
11.8764,66.53,3.901,3.303
11.8792,66.27,3.902,3.303
11.8819,66.97,3.901,3.302
11.8847,72.53,3.902,3.303
11.8875,68.89,3.9,3.302
11.8903,68.21,3.9,3.302
11.8931,68.9,3.902,3.303
11.8958,70.86,3.901,3.302
11.8986,66.94,3.9,3.302
11.9014,67.43,3.902,3.303
11.9042,73.51,3.899,3.302
11.9069,69.3,3.9,3.302
11.9097,66.72,3.901,3.303
11.9125,66.45,3.9,3.303
11.9153,71.57,3.9,3.302
11.9181,71.12,3.9,3.302
11.9208,65.79,3.9,3.303
11.9236,69.7,3.899,3.301
11.9264,66.88,3.899,3.302
11.9292,69.82,3.9,3.303
11.9319,66.88,3.901,3.303
11.9347,67.48,3.9,3.303
11.9375,68.64,3.9,3.303
11.9403,69.48,3.9,3.302
11.9431,67.76,3.9,3.302
11.9458,65.93,3.901,3.303
11.9486,67.79,3.9,3.302
11.9514,68.59,3.9,3.303
11.9542,67.31,3.9,3.302
11.9569,67.51,3.899,3.302
11.9597,70.45,3.9,3.302
11.9625,64.8,3.9,3.302
11.9653,66.51,3.9,3.302
11.9681,68.45,3.9,3.302
11.9708,69.82,3.899,3.302
11.9736,68.25,3.899,3.303
11.9764,66.87,3.899,3.302
11.9792,69.08,3.899,3.302
11.9819,67.02,3.899,3.302
11.9847,65.86,3.9,3.303
11.9875,72.8,3.9,3.303
11.9903,67.35,3.899,3.302
11.9931,66.68,3.898,3.302
11.9958,66.25,3.9,3.303
11.9986,65.8,3.899,3.303
12.0014,66.17,3.899,3.303
12.0042,69.67,3.897,3.301
12.0069,69.31,3.899,3.303
12.0097,67.34,3.898,3.302
12.0125,64.78,3.899,3.303
12.0153,65.43,3.898,3.302
12.0181,65.15,3.898,3.302
12.0208,67.79,3.899,3.303
12.0236,71.62,3.898,3.303
12.0264,70.64,3.897,3.302
12.0292,65.91,3.899,3.303
12.0319,69.04,3.897,3.302
12.0347,66.33,3.898,3.303
12.0375,68.08,3.898,3.303
12.0403,67.5,3.898,3.303
12.0431,67.52,3.899,3.303
12.0458,64.7,3.897,3.302
12.0486,65.63,3.898,3.303
12.0514,65.95,3.899,3.303
12.0542,65.76,3.897,3.302
12.0569,64.17,3.898,3.303
12.0597,67.29,3.897,3.302
12.0625,63.6,3.897,3.302
12.0653,64.58,3.898,3.303
12.0681,67.02,3.897,3.302
12.0708,69.94,3.896,3.302
12.0736,68.87,3.898,3.303
12.0764,64.44,3.897,3.302
12.0792,65.89,3.897,3.303
12.0819,67.82,3.896,3.302
12.0847,69.25,3.896,3.302
12.0875,67.39,3.897,3.303
12.0903,67.65,3.897,3.302
12.0931,66.8,3.897,3.302
12.0958,66.97,3.896,3.302
12.0986,65.85,3.896,3.303
12.1014,64.25,3.896,3.303
12.1042,68.71,3.897,3.303
12.1069,68.97,3.895,3.302
12.1097,66.0,3.897,3.303
12.1125,65.33,3.897,3.303
12.1153,64.54,3.895,3.302
12.1181,67.7,3.897,3.303
12.1208,63.34,3.896,3.303
12.1236,68.96,3.895,3.302
12.1264,67.78,3.896,3.303
12.1292,66.26,3.896,3.303
12.1319,70.6,3.897,3.303
12.1347,67.01,3.894,3.302
12.1375,65.51,3.896,3.303
12.1403,66.34,3.895,3.302
12.1431,69.38,3.894,3.302
12.1458,69.89,3.896,3.303
12.1486,69.43,3.895,3.302
12.1514,63.82,3.895,3.303
12.1542,72.33,3.895,3.303
12.1569,68.15,3.894,3.302
12.1597,65.61,3.896,3.304
12.1625,66.95,3.894,3.302
12.1653,65.58,3.895,3.303
12.1681,74.13,3.895,3.303
12.1708,68.56,3.895,3.303
12.1736,71.54,3.894,3.302
12.1764,66.76,3.895,3.303
12.1792,64.21,3.895,3.303
12.1819,65.89,3.896,3.304
12.1847,66.21,3.895,3.303
12.1875,65.2,3.894,3.303
12.1903,67.82,3.894,3.302
12.1931,67.37,3.895,3.303
12.1958,66.21,3.895,3.303
12.1986,63.36,3.895,3.303
12.2014,65.1,3.895,3.303
12.2042,69.65,3.894,3.302
12.2069,69.03,3.893,3.303
12.2097,67.93,3.893,3.302
12.2125,67.35,3.894,3.303
12.2153,70.25,3.895,3.303
12.2181,67.98,3.894,3.303
12.2208,68.41,3.895,3.303
12.2236,68.79,3.893,3.302
12.2264,69.74,3.893,3.303
12.2292,69.12,3.893,3.302
12.2319,65.71,3.894,3.303
12.2347,69.83,3.894,3.303
12.2375,75.31,3.893,3.302
12.2403,69.66,3.893,3.302
12.2431,69.54,3.893,3.302
12.2458,68.42,3.892,3.302
12.2486,68.07,3.894,3.304
12.2514,65.63,3.894,3.303
12.2542,68.8,3.893,3.302
12.2569,72.82,3.893,3.302
12.2597,64.99,3.893,3.302
12.2625,66.06,3.893,3.303
12.2653,67.21,3.892,3.302
12.2681,68.61,3.893,3.303
12.2708,68.05,3.893,3.303
12.2736,71.08,3.892,3.303
12.2764,66.51,3.893,3.303
12.2792,70.13,3.893,3.303
12.2819,71.82,3.891,3.301
12.2847,66.96,3.893,3.303
12.2875,69.71,3.892,3.302
12.2903,69.95,3.892,3.302
12.2931,65.27,3.893,3.303
12.2958,66.73,3.892,3.302
12.2986,71.58,3.891,3.302
12.3014,65.52,3.891,3.302
12.3042,68.33,3.891,3.302
12.3069,70.22,3.892,3.303
12.3097,71.32,3.892,3.302
12.3125,71.4,3.89,3.302
12.3153,79.3,3.89,3.302
12.3181,83.7,3.89,3.301
12.3208,80.82,3.889,3.301
12.3236,77.66,3.89,3.302
12.3264,78.51,3.891,3.302
12.3292,66.46,3.892,3.303
12.3319,69.63,3.891,3.302
12.3347,81.14,3.889,3.301
12.3375,76.71,3.89,3.301
12.3403,72.98,3.892,3.303
12.3431,71.69,3.89,3.302
12.3458,66.11,3.891,3.303
12.3486,68.34,3.891,3.303
12.3514,68.08,3.89,3.302
12.3542,69.34,3.891,3.303
12.3569,69.74,3.892,3.302
12.3597,68.15,3.89,3.302
12.3625,69.44,3.891,3.303
12.3653,68.79,3.891,3.303
12.3681,69.04,3.89,3.303
12.3708,69.36,3.891,3.303
12.3736,71.95,3.89,3.302
12.3764,65.26,3.891,3.303
12.3792,68.81,3.89,3.302
12.3819,66.94,3.891,3.303
12.3847,68.89,3.891,3.303
12.3875,65.59,3.891,3.302
12.3903,69.96,3.891,3.303
12.3931,66.74,3.89,3.303
12.3958,65.99,3.891,3.303
12.3986,67.29,3.891,3.303
12.4014,71.76,3.89,3.303
12.4042,82.35,3.889,3.302
12.4069,71.93,3.889,3.302
12.4097,71.97,3.889,3.302
12.4125,65.87,3.89,3.303
12.4153,66.28,3.89,3.302
12.4181,67.73,3.89,3.302
12.4208,86.65,3.888,3.301
12.4236,72.69,3.888,3.302
12.4264,68.25,3.89,3.303
12.4292,69.49,3.889,3.303
12.4319,69.31,3.889,3.302
12.4347,68.43,3.89,3.303
12.4375,70.96,3.889,3.302
12.4403,71.03,3.888,3.301
12.4431,67.95,3.889,3.302
12.4458,71.38,3.89,3.303
12.4486,70.96,3.89,3.303
12.4514,68.14,3.89,3.303
12.4542,66.0,3.889,3.302
12.4569,69.73,3.889,3.302
12.4597,68.27,3.889,3.302
12.4625,64.6,3.89,3.303
12.4653,66.42,3.889,3.303
12.4681,69.18,3.887,3.302
12.4708,67.67,3.89,3.303
12.4736,71.36,3.888,3.302
12.4764,68.3,3.889,3.303
12.4792,64.64,3.889,3.302
12.4819,67.47,3.888,3.301
12.4847,64.86,3.889,3.302
12.4875,83.46,3.889,3.303
12.4903,71.8,3.887,3.302
12.4931,67.61,3.888,3.302
12.4958,67.3,3.889,3.303
12.4986,67.2,3.889,3.303
12.5014,68.43,3.89,3.303
12.5042,67.09,3.888,3.302
12.5069,68.4,3.888,3.303
12.5097,66.53,3.889,3.303
12.5125,66.99,3.888,3.302
12.5153,67.92,3.889,3.303
12.5181,67.15,3.888,3.303
12.5208,66.13,3.888,3.303
12.5236,69.75,3.888,3.303
12.5264,69.42,3.887,3.303
12.5292,69.53,3.888,3.303
12.5319,66.73,3.889,3.303
12.5347,70.31,3.887,3.302
12.5375,66.63,3.888,3.303
12.5403,71.43,3.888,3.302
12.5431,65.77,3.888,3.302
12.5458,66.54,3.889,3.303
12.5486,65.04,3.888,3.303
12.5514,64.04,3.888,3.303
12.5542,65.35,3.888,3.303
12.5569,72.4,3.886,3.302
12.5597,66.88,3.887,3.302
12.5625,67.13,3.887,3.303
12.5653,67.87,3.886,3.302
12.5681,68.14,3.888,3.303
12.5708,78.58,3.884,3.3
12.5736,69.77,3.887,3.302
12.5764,66.64,3.888,3.303
12.5792,68.26,3.886,3.302
12.5819,68.5,3.887,3.302
12.5847,70.63,3.887,3.303
12.5875,67.68,3.886,3.302
12.5903,69.71,3.886,3.302
12.5931,68.23,3.886,3.303
12.5958,66.44,3.888,3.303
12.5986,65.36,3.887,3.303
12.6014,68.26,3.886,3.302
12.6042,68.18,3.887,3.302
12.6069,69.58,3.886,3.302
12.6097,70.21,3.885,3.301
12.6125,66.15,3.887,3.303
12.6153,69.26,3.886,3.302
12.6181,67.08,3.887,3.303
12.6208,65.0,3.887,3.303
12.6236,70.77,3.886,3.302
12.6264,64.47,3.886,3.302
12.6292,66.76,3.887,3.303
12.6319,66.07,3.887,3.303
12.6347,65.69,3.887,3.303
12.6375,69.73,3.886,3.302
12.6403,67.97,3.887,3.302
12.6431,64.34,3.886,3.302
12.6458,68.49,3.886,3.303
12.6486,71.48,3.886,3.302
12.6514,80.25,3.885,3.302
12.6542,84.15,3.884,3.301
12.6569,78.88,3.884,3.302
12.6597,71.14,3.884,3.302
12.6625,79.38,3.883,3.301
12.6653,80.01,3.883,3.301
12.6681,79.45,3.883,3.301
12.6708,83.22,3.884,3.301
12.6736,70.66,3.885,3.302
12.6764,72.43,3.885,3.302
12.6792,68.62,3.885,3.302
12.6819,71.04,3.885,3.303
12.6847,67.5,3.884,3.302
12.6875,66.43,3.885,3.303
12.6903,72.69,3.884,3.302
12.6931,64.6,3.885,3.303
12.6958,63.73,3.886,3.303
12.6986,67.47,3.883,3.301
12.7014,67.13,3.885,3.302
12.7042,70.02,3.885,3.303
12.7069,69.61,3.884,3.302
12.7097,65.68,3.886,3.303
12.7125,71.15,3.884,3.302
12.7153,65.45,3.885,3.302
12.7181,67.61,3.885,3.303
12.7208,67.3,3.885,3.303
12.7236,66.79,3.884,3.302
12.7264,67.78,3.884,3.302
12.7292,66.45,3.884,3.302
12.7319,64.66,3.885,3.303
12.7347,66.54,3.885,3.303
12.7375,82.97,3.882,3.301
12.7403,68.05,3.885,3.303
12.7431,65.45,3.884,3.302
12.7458,65.52,3.885,3.303
12.7486,70.68,3.885,3.302
12.7514,69.97,3.883,3.302
12.7542,63.45,3.885,3.303
12.7569,67.28,3.884,3.303
12.7597,64.22,3.885,3.303
12.7625,65.96,3.883,3.302
12.7653,76.06,3.883,3.302
12.7681,73.51,3.883,3.302
12.7708,65.15,3.885,3.303
12.7736,68.61,3.883,3.302
12.7764,66.4,3.885,3.303
12.7792,65.26,3.884,3.302
12.7819,69.69,3.884,3.302
12.7847,68.24,3.884,3.302
12.7875,64.52,3.884,3.303
12.7903,69.05,3.884,3.302
12.7931,65.72,3.883,3.302
12.7958,67.42,3.884,3.303
12.7986,69.28,3.884,3.303
12.8014,67.33,3.884,3.303
12.8042,66.72,3.884,3.303
12.8069,66.73,3.883,3.302
12.8097,66.12,3.882,3.302
12.8125,67.74,3.884,3.302
12.8153,67.3,3.884,3.303
12.8181,66.53,3.884,3.303
12.8208,79.6,3.881,3.301
12.8236,67.73,3.883,3.302
12.8264,63.98,3.884,3.303
12.8292,68.16,3.883,3.303
12.8319,69.94,3.882,3.302
12.8347,68.26,3.883,3.303
12.8375,69.6,3.883,3.302
12.8403,67.74,3.884,3.303
12.8431,66.98,3.883,3.302
12.8458,72.84,3.881,3.301
12.8486,68.87,3.883,3.303
12.8514,66.1,3.883,3.303
12.8542,69.77,3.883,3.302
12.8569,68.99,3.883,3.303
12.8597,68.07,3.88,3.301
12.8625,67.84,3.883,3.303
12.8653,65.97,3.882,3.302
12.8681,68.99,3.882,3.302
12.8708,66.67,3.883,3.303
12.8736,74.29,3.882,3.302
12.8764,70.8,3.882,3.302
12.8792,67.31,3.881,3.302
12.8819,66.7,3.882,3.303
12.8847,67.05,3.883,3.303
12.8875,73.78,3.882,3.303
12.8903,69.94,3.881,3.302
12.8931,69.26,3.883,3.303
12.8958,66.88,3.882,3.302
12.8986,70.31,3.883,3.303
12.9014,67.65,3.881,3.302
12.9042,79.63,3.881,3.302
12.9069,69.43,3.882,3.303
12.9097,70.31,3.88,3.302
12.9125,70.99,3.882,3.302
12.9153,71.0,3.882,3.303
12.9181,70.71,3.882,3.303
12.9208,68.52,3.883,3.303
12.9236,74.88,3.881,3.302
12.9264,73.3,3.88,3.302
12.9292,68.91,3.881,3.302
12.9319,69.14,3.881,3.302
12.9347,67.78,3.881,3.303
12.9375,68.61,3.881,3.302
12.9403,69.97,3.881,3.302
12.9431,65.36,3.881,3.303
12.9458,67.5,3.882,3.303
12.9486,70.99,3.88,3.301
12.9514,70.59,3.882,3.302
12.9542,64.17,3.882,3.303
12.9569,68.56,3.881,3.302
12.9597,65.61,3.882,3.303
12.9625,68.96,3.88,3.301
12.9653,69.05,3.881,3.303
12.9681,65.62,3.881,3.302
12.9708,64.77,3.881,3.303
12.9736,69.24,3.88,3.302
12.9764,66.27,3.88,3.302
12.9792,64.67,3.882,3.303
12.9819,66.86,3.88,3.302
12.9847,66.3,3.88,3.302
12.9875,78.14,3.881,3.302
12.9903,70.52,3.88,3.302
12.9931,65.91,3.881,3.302
12.9958,65.51,3.882,3.303
12.9986,64.78,3.88,3.302
13.0014,70.69,3.881,3.302
13.0042,71.25,3.879,3.301
13.0069,69.63,3.881,3.302
13.0097,67.67,3.882,3.303
13.0125,64.48,3.881,3.303
13.0153,70.36,3.881,3.302
13.0181,69.16,3.88,3.302
13.0208,68.7,3.879,3.302
13.0236,70.95,3.88,3.302
13.0264,68.27,3.881,3.303
13.0292,67.36,3.88,3.302
13.0319,66.14,3.88,3.302
13.0347,67.68,3.881,3.303
13.0375,65.4,3.88,3.302
13.0403,68.2,3.88,3.302
13.0431,67.1,3.881,3.303
13.0458,68.53,3.881,3.303
13.0486,68.37,3.881,3.302
13.0514,66.91,3.881,3.303
13.0542,67.37,3.878,3.301
13.0569,69.02,3.878,3.301
13.0597,67.55,3.881,3.303
13.0625,66.28,3.88,3.303
13.0653,65.04,3.88,3.303
13.0681,65.53,3.88,3.303
13.0708,78.62,3.879,3.302
13.0736,68.47,3.88,3.302
13.0764,64.44,3.88,3.302
13.0792,68.25,3.88,3.303
13.0819,66.44,3.88,3.302
13.0847,69.3,3.88,3.302
13.0875,65.49,3.88,3.303
13.0903,71.98,3.878,3.302
13.0931,72.44,3.879,3.302
13.0958,66.72,3.88,3.303
13.0986,68.09,3.879,3.302
13.1014,69.6,3.88,3.303
13.1042,67.75,3.88,3.303
13.1069,70.67,3.879,3.303
13.1097,66.92,3.879,3.302
13.1125,66.61,3.879,3.302
13.1153,66.08,3.88,3.302
13.1181,67.24,3.88,3.303
13.1208,67.95,3.879,3.303
13.1236,69.88,3.88,3.303
13.1264,67.82,3.879,3.302
13.1292,63.98,3.88,3.303
13.1319,66.64,3.881,3.303
13.1347,63.69,3.88,3.303
13.1375,67.74,3.879,3.303
13.1403,65.83,3.878,3.302
13.1431,66.15,3.878,3.302
13.1458,66.18,3.878,3.302
13.1486,66.7,3.878,3.302
13.1514,67.49,3.879,3.302
13.1542,74.7,3.878,3.302
13.1569,68.55,3.878,3.302
13.1597,66.47,3.879,3.303
13.1625,64.49,3.879,3.303
13.1653,63.26,3.879,3.303
13.1681,67.41,3.88,3.303
13.1708,68.34,3.878,3.302
13.1736,65.39,3.879,3.302
13.1764,65.9,3.879,3.303
13.1792,64.76,3.879,3.302
13.1819,65.04,3.879,3.303
13.1847,69.0,3.878,3.302
13.1875,66.53,3.879,3.303
13.1903,65.6,3.879,3.303
13.1931,64.09,3.878,3.302
13.1958,62.56,3.88,3.303
13.1986,66.41,3.878,3.302
13.2014,67.43,3.878,3.302
13.2042,64.63,3.879,3.303
13.2069,66.27,3.878,3.303
13.2097,65.35,3.879,3.303
13.2125,63.29,3.878,3.303
13.2153,64.05,3.878,3.303
13.2181,66.44,3.878,3.302
13.2208,66.55,3.879,3.303
13.2236,65.72,3.878,3.303
13.2264,65.33,3.878,3.303
13.2292,66.67,3.878,3.302
13.2319,66.12,3.879,3.303
13.2347,66.69,3.878,3.302
13.2375,77.02,3.877,3.302
13.2403,68.1,3.877,3.302
13.2431,69.28,3.877,3.302
13.2458,64.84,3.879,3.303
13.2486,62.96,3.878,3.303
13.2514,64.95,3.877,3.302
13.2542,65.26,3.878,3.304
13.2569,68.46,3.878,3.303
13.2597,63.52,3.878,3.303
13.2625,66.64,3.878,3.302
13.2653,65.36,3.879,3.303
13.2681,67.4,3.878,3.303
13.2708,65.07,3.878,3.303
13.2736,71.18,3.877,3.303
13.2764,65.74,3.878,3.303
13.2792,68.35,3.876,3.302
13.2819,65.97,3.878,3.303
13.2847,63.14,3.878,3.303
13.2875,64.33,3.878,3.303
13.2903,67.56,3.878,3.303
13.2931,65.61,3.877,3.303
13.2958,66.18,3.877,3.303
13.2986,68.34,3.878,3.304
13.3014,65.24,3.877,3.303
13.3042,67.83,3.877,3.303
13.3069,68.09,3.877,3.302
13.3097,66.13,3.877,3.303
13.3125,64.87,3.878,3.303
13.3153,67.73,3.877,3.302
13.3181,64.59,3.878,3.303
13.3208,71.88,3.877,3.303
13.3236,68.36,3.876,3.302
13.3264,62.71,3.878,3.303
13.3292,68.81,3.876,3.303
13.3319,63.31,3.877,3.303
13.3347,66.58,3.877,3.303
13.3375,65.84,3.876,3.302
13.3403,68.49,3.876,3.302
13.3431,67.15,3.876,3.302
13.3458,68.62,3.875,3.302
13.3486,65.41,3.878,3.303
13.3514,63.7,3.877,3.303
13.3542,65.03,3.877,3.303
13.3569,69.39,3.877,3.302
13.3597,67.8,3.877,3.303
13.3625,63.65,3.878,3.303
13.3653,68.31,3.876,3.302
13.3681,68.26,3.877,3.303
13.3708,65.16,3.877,3.303
13.3736,64.95,3.876,3.302
13.3764,66.74,3.877,3.303
13.3792,63.86,3.877,3.303
13.3819,64.61,3.877,3.303
13.3847,65.87,3.878,3.303
13.3875,64.27,3.877,3.303
13.3903,64.99,3.877,3.303
13.3931,63.79,3.877,3.303
13.3958,67.34,3.877,3.303
13.3986,68.39,3.878,3.303
13.4014,64.93,3.877,3.303
13.4042,65.86,3.876,3.302
13.4069,67.47,3.876,3.302
13.4097,63.96,3.877,3.303
13.4125,62.0,3.877,3.303
13.4153,64.41,3.877,3.303
13.4181,65.81,3.877,3.303
13.4208,64.42,3.877,3.303
13.4236,67.81,3.876,3.302
13.4264,63.23,3.877,3.303
13.4292,65.42,3.877,3.302
13.4319,62.82,3.877,3.303
13.4347,65.99,3.876,3.303
13.4375,68.91,3.876,3.302
13.4403,64.9,3.876,3.303
13.4431,63.67,3.877,3.303
13.4458,62.81,3.876,3.302
13.4486,66.45,3.876,3.303
13.4514,66.3,3.876,3.303
13.4542,64.28,3.876,3.302
13.4569,64.5,3.876,3.303
13.4597,64.37,3.876,3.303
13.4625,64.06,3.876,3.303
13.4653,69.15,3.876,3.302
13.4681,68.0,3.875,3.302
13.4708,64.84,3.876,3.303
13.4736,67.35,3.874,3.302
13.4764,65.67,3.875,3.302
13.4792,66.52,3.875,3.302
13.4819,62.81,3.876,3.303
13.4847,64.86,3.876,3.303
13.4875,74.37,3.875,3.302
13.4903,66.74,3.875,3.302
13.4931,61.8,3.877,3.303
13.4958,66.73,3.875,3.302
13.4986,64.87,3.876,3.303
13.5014,65.3,3.876,3.303
13.5042,67.78,3.875,3.303
13.5069,66.75,3.875,3.302
13.5097,65.39,3.876,3.303
13.5125,63.18,3.876,3.303
13.5153,65.09,3.876,3.303
13.5181,67.88,3.875,3.302
13.5208,64.98,3.876,3.302
13.5236,70.92,3.874,3.302
13.5264,63.72,3.876,3.303
13.5292,62.71,3.876,3.303
13.5319,63.24,3.875,3.303
13.5347,66.25,3.875,3.302
13.5375,62.59,3.876,3.303
13.5403,66.81,3.875,3.302
13.5431,63.31,3.876,3.303
13.5458,62.51,3.875,3.303
13.5486,65.41,3.876,3.303
13.5514,67.61,3.875,3.302
13.5542,66.01,3.875,3.303
13.5569,63.68,3.875,3.302
13.5597,67.07,3.875,3.302
13.5625,63.96,3.874,3.303
13.5653,63.87,3.876,3.303
13.5681,64.78,3.875,3.303
13.5708,74.41,3.873,3.302
13.5736,66.32,3.875,3.303
13.5764,64.24,3.875,3.302
13.5792,64.18,3.875,3.303
13.5819,67.74,3.874,3.302
13.5847,67.21,3.875,3.303
13.5875,65.6,3.874,3.301
13.5903,68.41,3.875,3.303
13.5931,65.72,3.874,3.302
13.5958,62.41,3.876,3.303
13.5986,66.71,3.874,3.302
13.6014,63.96,3.875,3.303
13.6042,62.56,3.875,3.303
13.6069,63.86,3.875,3.303
13.6097,65.79,3.875,3.303
13.6125,64.82,3.875,3.304
13.6153,64.07,3.874,3.302
13.6181,66.12,3.874,3.302
13.6208,64.35,3.874,3.302
13.6236,64.3,3.874,3.303
13.6264,66.87,3.874,3.302
13.6292,63.72,3.874,3.303
13.6319,66.34,3.873,3.302
13.6347,64.9,3.874,3.303
13.6375,63.19,3.875,3.303
13.6403,69.03,3.875,3.303
13.6431,66.99,3.874,3.302
13.6458,64.73,3.874,3.303
13.6486,66.8,3.874,3.303
13.6514,65.76,3.874,3.303
13.6542,108.71,3.869,3.3
13.6569,75.1,3.873,3.302
13.6597,65.91,3.873,3.303
13.6625,67.64,3.873,3.302
13.6653,64.94,3.873,3.302
13.6681,65.81,3.873,3.302
13.6708,66.84,3.875,3.303
13.6736,66.57,3.874,3.303
13.6764,65.11,3.874,3.302
13.6792,67.11,3.874,3.303
13.6819,65.87,3.873,3.302
13.6847,63.21,3.874,3.303
13.6875,63.34,3.874,3.303
13.6903,66.79,3.873,3.302
13.6931,65.15,3.873,3.302
13.6958,64.91,3.874,3.303
13.6986,64.96,3.872,3.302
13.7014,66.8,3.874,3.303
13.7042,65.21,3.873,3.302
13.7069,68.27,3.874,3.302
13.7097,64.3,3.874,3.303
13.7125,63.9,3.874,3.303
13.7153,65.0,3.874,3.302
13.7181,66.27,3.873,3.302
13.7208,64.9,3.874,3.303
13.7236,66.77,3.873,3.303
13.7264,64.45,3.873,3.303
13.7292,64.83,3.872,3.302
13.7319,64.38,3.874,3.303
13.7347,65.76,3.873,3.302
13.7375,73.97,3.872,3.302
13.7403,68.6,3.872,3.302
13.7431,63.15,3.874,3.303
13.7458,64.97,3.873,3.303
13.7486,68.93,3.873,3.303
13.7514,69.13,3.872,3.302
13.7542,64.29,3.874,3.303
13.7569,69.87,3.873,3.302
13.7597,65.52,3.874,3.303
13.7625,64.9,3.873,3.303
13.7653,63.58,3.874,3.303
13.7681,65.18,3.873,3.302
13.7708,68.76,3.873,3.303
13.7736,66.47,3.872,3.302
13.7764,63.19,3.873,3.303
13.7792,63.82,3.873,3.302
13.7819,64.29,3.873,3.303
13.7847,66.94,3.873,3.302
13.7875,63.43,3.873,3.303
13.7903,78.31,3.871,3.301
13.7931,114.35,3.868,3.299
13.7958,65.26,3.872,3.303
13.7986,68.87,3.872,3.302
13.8014,72.48,3.872,3.302
13.8042,68.76,3.871,3.302
13.8069,64.6,3.873,3.303
13.8097,63.66,3.872,3.302
13.8125,61.28,3.873,3.303
13.8153,63.51,3.872,3.302
13.8181,65.28,3.873,3.303
13.8208,77.28,3.871,3.301
13.8236,71.52,3.872,3.302
13.8264,65.23,3.873,3.303
13.8292,64.07,3.872,3.303
13.8319,66.7,3.871,3.302
13.8347,67.26,3.873,3.303
13.8375,70.29,3.872,3.302
13.8403,69.75,3.871,3.302
13.8431,70.3,3.872,3.302
13.8458,65.93,3.872,3.302
13.8486,64.94,3.873,3.303
13.8514,64.81,3.873,3.303
13.8542,66.53,3.872,3.303
13.8569,69.54,3.871,3.302
13.8597,67.52,3.873,3.303
13.8625,66.81,3.872,3.302
13.8653,65.15,3.872,3.303
13.8681,64.51,3.872,3.303
13.8708,63.9,3.873,3.303
13.8736,66.79,3.871,3.302
13.8764,65.09,3.873,3.303
13.8792,65.79,3.872,3.302
13.8819,63.32,3.873,3.303
13.8847,66.86,3.871,3.302
13.8875,65.3,3.872,3.303
13.8903,66.0,3.871,3.302
13.8931,67.04,3.871,3.302
13.8958,63.47,3.872,3.303
13.8986,64.98,3.872,3.303
13.9014,64.19,3.873,3.303
13.9042,73.29,3.871,3.302
13.9069,64.34,3.872,3.303
13.9097,63.78,3.871,3.302
13.9125,66.5,3.872,3.303
13.9153,65.0,3.871,3.302
13.9181,67.12,3.872,3.303
13.9208,66.75,3.871,3.303
13.9236,70.18,3.871,3.302
13.9264,65.55,3.872,3.303
13.9292,64.61,3.872,3.303
13.9319,67.84,3.872,3.303
13.9347,69.39,3.872,3.303
13.9375,65.44,3.871,3.302
13.9403,66.73,3.871,3.302
13.9431,64.69,3.872,3.303
13.9458,68.98,3.871,3.302
13.9486,68.26,3.872,3.303
13.9514,69.15,3.87,3.301
13.9542,64.29,3.872,3.303
13.9569,67.53,3.871,3.302
13.9597,65.55,3.872,3.303
13.9625,67.78,3.871,3.302
13.9653,67.01,3.872,3.303
13.9681,64.55,3.871,3.302
13.9708,68.42,3.871,3.303
13.9736,67.69,3.87,3.302
13.9764,64.59,3.872,3.303
13.9792,65.33,3.872,3.303
13.9819,65.31,3.87,3.302
13.9847,68.26,3.87,3.302
13.9875,74.22,3.87,3.302
13.9903,68.83,3.871,3.303
13.9931,64.05,3.872,3.303
13.9958,67.2,3.871,3.303
13.9986,65.92,3.871,3.303
14.0014,64.1,3.871,3.303
14.0042,70.59,3.87,3.302
14.0069,69.63,3.87,3.302
14.0097,67.64,3.871,3.303
14.0125,63.44,3.871,3.303
14.0153,67.39,3.871,3.302
14.0181,67.65,3.869,3.301
14.0208,64.78,3.871,3.303
14.0236,67.99,3.871,3.302
14.0264,68.05,3.87,3.302
14.0292,65.81,3.871,3.303
14.0319,66.96,3.871,3.302
14.0347,64.67,3.871,3.303
14.0375,65.48,3.871,3.302
14.0403,67.39,3.871,3.303
14.0431,64.9,3.871,3.303
14.0458,62.85,3.871,3.303
14.0486,63.41,3.871,3.303
14.0514,65.41,3.871,3.303
14.0542,64.68,3.871,3.303
14.0569,69.71,3.87,3.302
14.0597,66.56,3.872,3.303
14.0625,66.81,3.87,3.302
14.0653,65.72,3.871,3.303
14.0681,65.01,3.871,3.303
14.0708,74.55,3.87,3.302
14.0736,71.55,3.87,3.301
14.0764,66.93,3.87,3.303
14.0792,65.84,3.871,3.302
14.0819,65.87,3.871,3.303
14.0847,66.45,3.87,3.303
14.0875,64.57,3.871,3.303
14.0903,65.28,3.871,3.303
14.0931,64.72,3.87,3.303
14.0958,66.64,3.87,3.302
14.0986,68.17,3.87,3.303
14.1014,64.54,3.871,3.303
14.1042,65.28,3.871,3.303
14.1069,67.09,3.869,3.302
14.1097,65.94,3.87,3.302
14.1125,65.08,3.871,3.303
14.1153,65.58,3.87,3.303
14.1181,65.52,3.87,3.303
14.1208,64.44,3.871,3.302
14.1236,66.99,3.87,3.302
14.1264,67.89,3.869,3.301
14.1292,63.82,3.871,3.304
14.1319,67.45,3.87,3.303
14.1347,66.26,3.87,3.303
14.1375,67.76,3.87,3.303
14.1403,67.88,3.87,3.303
14.1431,65.86,3.87,3.303
14.1458,67.55,3.87,3.303
14.1486,67.53,3.87,3.302
14.1514,68.67,3.87,3.302
14.1542,74.13,3.869,3.302
14.1569,68.08,3.87,3.303
14.1597,66.32,3.869,3.302
14.1625,67.22,3.869,3.302
14.1653,63.56,3.87,3.303
14.1681,66.24,3.87,3.303
14.1708,67.36,3.871,3.303
14.1736,67.56,3.869,3.302
14.1764,64.48,3.87,3.303
14.1792,64.95,3.87,3.303
14.1819,67.99,3.869,3.302
14.1847,66.36,3.869,3.302
14.1875,65.8,3.87,3.303
14.1903,67.85,3.869,3.302
14.1931,71.58,3.868,3.302
14.1958,65.3,3.869,3.302
14.1986,67.04,3.868,3.301
14.2014,67.31,3.87,3.303
14.2042,66.14,3.869,3.302
14.2069,67.86,3.87,3.303
14.2097,67.91,3.868,3.302
14.2125,67.19,3.869,3.303
14.2153,65.18,3.869,3.302
14.2181,64.97,3.87,3.303
14.2208,63.85,3.869,3.302
14.2236,67.72,3.87,3.303
14.2264,65.1,3.869,3.302
14.2292,67.19,3.869,3.303
14.2319,69.72,3.869,3.302
14.2347,65.59,3.87,3.303
14.2375,79.81,3.867,3.301
14.2403,72.51,3.867,3.301
14.2431,64.77,3.869,3.302
14.2458,65.38,3.869,3.302
14.2486,64.5,3.869,3.302
14.2514,68.25,3.869,3.303
14.2542,63.76,3.87,3.303
14.2569,66.28,3.869,3.302
14.2597,64.09,3.869,3.303
14.2625,67.52,3.868,3.302
14.2653,63.72,3.87,3.303
14.2681,65.79,3.868,3.302
14.2708,65.32,3.87,3.303
14.2736,65.71,3.869,3.302
14.2764,65.47,3.869,3.303
14.2792,65.59,3.869,3.303
14.2819,65.97,3.869,3.303
14.2847,66.7,3.868,3.302
14.2875,63.13,3.869,3.303
14.2903,64.83,3.869,3.303
14.2931,65.82,3.869,3.302
14.2958,67.37,3.869,3.303
14.2986,63.8,3.869,3.302
14.3014,65.32,3.869,3.303
14.3042,66.42,3.868,3.302
14.3069,66.36,3.869,3.303
14.3097,64.48,3.869,3.303
14.3125,63.99,3.869,3.302
14.3153,64.25,3.869,3.303
14.3181,65.26,3.87,3.303
14.3208,80.81,3.868,3.302
14.3236,66.75,3.868,3.302
14.3264,64.51,3.869,3.303
14.3292,65.26,3.869,3.303
14.3319,63.21,3.869,3.303
14.3347,65.23,3.869,3.303
14.3375,67.29,3.868,3.302
14.3403,66.64,3.87,3.303
14.3431,64.34,3.869,3.302
14.3458,63.14,3.87,3.304
14.3486,62.83,3.868,3.302
14.3514,65.55,3.869,3.303
14.3542,64.17,3.869,3.302
14.3569,66.51,3.87,3.303
14.3597,62.86,3.869,3.303
14.3625,63.67,3.869,3.303
14.3653,65.14,3.868,3.302
14.3681,65.0,3.869,3.303
14.3708,63.07,3.869,3.303
14.3736,67.94,3.868,3.303
14.3764,64.12,3.869,3.303
14.3792,62.48,3.869,3.303
14.3819,65.49,3.869,3.303
14.3847,65.8,3.869,3.303
14.3875,65.25,3.869,3.303
14.3903,65.27,3.868,3.302
14.3931,64.39,3.869,3.303
14.3958,64.83,3.868,3.302
14.3986,63.76,3.869,3.304
14.4014,65.54,3.867,3.302
14.4042,67.82,3.869,3.304
14.4069,70.0,3.867,3.302
14.4097,64.17,3.869,3.304
14.4125,63.57,3.869,3.303
14.4153,63.9,3.869,3.304
14.4181,64.85,3.868,3.303
14.4208,66.08,3.868,3.302
14.4236,67.12,3.868,3.303
14.4264,65.78,3.869,3.303
14.4292,63.75,3.868,3.302
14.4319,64.76,3.868,3.303
14.4347,65.74,3.868,3.303
14.4375,63.14,3.868,3.303
14.4403,67.29,3.868,3.303
14.4431,65.57,3.868,3.303
14.4458,62.5,3.869,3.303
14.4486,64.89,3.868,3.303
14.4514,65.1,3.869,3.303
14.4542,66.52,3.867,3.302
14.4569,64.35,3.868,3.303
14.4597,63.9,3.868,3.303
14.4625,65.86,3.868,3.303
14.4653,64.26,3.868,3.303
14.4681,66.49,3.869,3.303
14.4708,63.86,3.868,3.303
14.4736,66.03,3.869,3.303
14.4764,63.37,3.868,3.303
14.4792,67.34,3.868,3.303
14.4819,64.28,3.868,3.303
14.4847,64.87,3.869,3.303
14.4875,69.4,3.867,3.302
14.4903,64.83,3.869,3.303
14.4931,64.7,3.867,3.302
14.4958,64.18,3.868,3.303
14.4986,64.8,3.867,3.302
14.5014,66.92,3.868,3.303
14.5042,66.94,3.867,3.302
14.5069,68.98,3.867,3.302
14.5097,64.52,3.867,3.302
14.5125,65.7,3.868,3.303
14.5153,64.71,3.868,3.302
14.5181,63.37,3.868,3.303
14.5208,65.28,3.867,3.303
14.5236,66.23,3.867,3.303
14.5264,67.35,3.868,3.303
14.5292,63.39,3.867,3.302
14.5319,63.65,3.867,3.303
14.5347,64.86,3.868,3.303
14.5375,66.67,3.868,3.303
14.5403,66.94,3.868,3.302
14.5431,64.04,3.868,3.303
14.5458,65.36,3.867,3.302
14.5486,67.98,3.868,3.302
14.5514,65.86,3.867,3.302
14.5542,63.32,3.867,3.302
14.5569,65.4,3.867,3.302
14.5597,63.48,3.867,3.302
14.5625,63.98,3.867,3.303
14.5653,62.99,3.867,3.303
14.5681,64.97,3.867,3.302
14.5708,68.08,3.868,3.303
14.5736,65.53,3.866,3.302
14.5764,65.3,3.868,3.303
14.5792,65.61,3.867,3.302
14.5819,65.9,3.867,3.302
14.5847,63.09,3.867,3.303
14.5875,65.58,3.867,3.303
14.5903,62.6,3.868,3.303
14.5931,65.21,3.867,3.302
14.5958,64.52,3.867,3.302
14.5986,66.31,3.867,3.303
14.6014,65.26,3.867,3.303
14.6042,64.14,3.867,3.302
14.6069,63.45,3.868,3.303
14.6097,66.5,3.866,3.302
14.6125,63.82,3.868,3.303
14.6153,66.69,3.866,3.302
14.6181,67.75,3.868,3.303
14.6208,64.86,3.866,3.302
14.6236,67.55,3.867,3.302
14.6264,62.83,3.867,3.302
14.6292,61.97,3.868,3.303
14.6319,65.5,3.866,3.302
14.6347,63.94,3.867,3.303
14.6375,63.34,3.866,3.302
14.6403,63.28,3.868,3.303
14.6431,65.91,3.866,3.302
14.6458,63.01,3.867,3.303
14.6486,65.16,3.867,3.303
14.6514,63.91,3.867,3.303
14.6542,64.2,3.867,3.302
14.6569,63.04,3.867,3.303
14.6597,66.12,3.867,3.302
14.6625,66.1,3.867,3.303
14.6653,62.81,3.867,3.303
14.6681,67.64,3.867,3.303
14.6708,67.22,3.866,3.302
14.6736,65.58,3.866,3.303
14.6764,65.08,3.867,3.303
14.6792,67.9,3.866,3.302
14.6819,65.07,3.867,3.303
14.6847,66.49,3.867,3.303
14.6875,65.25,3.867,3.302
14.6903,64.05,3.867,3.302
14.6931,65.13,3.866,3.302
14.6958,62.87,3.867,3.303
14.6986,63.06,3.867,3.303
14.7014,64.96,3.867,3.303
14.7042,64.47,3.867,3.303
14.7069,67.72,3.866,3.303
14.7097,66.18,3.866,3.303
14.7125,64.88,3.865,3.302
14.7153,68.4,3.867,3.303
14.7181,68.29,3.866,3.302
14.7208,69.05,3.866,3.302
14.7236,65.71,3.866,3.302
14.7264,62.34,3.867,3.303
14.7292,65.07,3.865,3.302
14.7319,65.92,3.866,3.303
14.7347,65.66,3.866,3.303
14.7375,68.01,3.866,3.302
14.7403,64.93,3.866,3.302
14.7431,65.84,3.866,3.303
14.7458,64.79,3.866,3.302
14.7486,65.36,3.867,3.303
14.7514,66.17,3.866,3.302
14.7542,66.92,3.867,3.303
14.7569,66.25,3.866,3.303
14.7597,66.94,3.866,3.303
14.7625,64.91,3.866,3.302
14.7653,66.43,3.866,3.303
14.7681,67.08,3.864,3.302
14.7708,66.57,3.866,3.303
14.7736,64.68,3.867,3.304
14.7764,65.16,3.865,3.302
14.7792,68.15,3.865,3.302
14.7819,69.26,3.863,3.301
14.7847,65.55,3.866,3.303
14.7875,66.02,3.866,3.302
14.7903,66.49,3.865,3.302
14.7931,67.82,3.866,3.303
14.7958,65.78,3.867,3.303
14.7986,68.05,3.866,3.303
14.8014,65.62,3.865,3.302
14.8042,63.74,3.866,3.303
14.8069,65.44,3.865,3.302
14.8097,68.31,3.866,3.303
14.8125,65.49,3.865,3.303
14.8153,65.06,3.865,3.303
14.8181,66.0,3.865,3.302
14.8208,64.9,3.866,3.303
14.8236,65.99,3.866,3.303
14.8264,69.92,3.865,3.302
14.8292,65.91,3.865,3.302
14.8319,64.05,3.866,3.303
14.8347,65.04,3.865,3.302
14.8375,65.55,3.866,3.303
14.8403,66.18,3.864,3.302
14.8431,64.95,3.866,3.303
14.8458,65.5,3.865,3.302
14.8486,66.97,3.865,3.302
14.8514,64.67,3.864,3.303
14.8542,63.92,3.866,3.303
14.8569,71.41,3.865,3.302
14.8597,65.41,3.865,3.302
14.8625,64.86,3.866,3.303
14.8653,65.59,3.866,3.303
14.8681,66.3,3.865,3.302
14.8708,66.49,3.865,3.303
14.8736,66.08,3.865,3.303
14.8764,63.6,3.864,3.302
14.8792,64.99,3.867,3.303
14.8819,64.45,3.865,3.302
14.8847,65.09,3.865,3.303
14.8875,65.19,3.864,3.302
14.8903,64.72,3.866,3.303
14.8931,64.25,3.865,3.302
14.8958,64.26,3.866,3.303
14.8986,65.85,3.865,3.302
14.9014,62.77,3.866,3.303
14.9042,66.53,3.864,3.302
14.9069,65.49,3.865,3.303
14.9097,63.77,3.865,3.303
14.9125,61.66,3.866,3.303
14.9153,64.25,3.865,3.303
14.9181,66.15,3.865,3.303
14.9208,64.2,3.865,3.303
14.9236,64.54,3.865,3.302
14.9264,65.15,3.865,3.303
14.9292,66.04,3.863,3.302
14.9319,65.79,3.864,3.302
14.9347,69.94,3.864,3.302
14.9375,65.29,3.865,3.303
14.9403,64.65,3.864,3.302
14.9431,64.69,3.865,3.303
14.9458,65.73,3.865,3.302
14.9486,68.86,3.865,3.303
14.9514,66.89,3.864,3.302
14.9542,65.53,3.866,3.303
14.9569,66.82,3.864,3.302
14.9597,63.48,3.865,3.303
14.9625,64.16,3.864,3.302
14.9653,66.47,3.865,3.303
14.9681,66.48,3.865,3.303
14.9708,68.58,3.865,3.303
14.9736,65.35,3.865,3.303
14.9764,66.11,3.865,3.303
14.9792,68.08,3.864,3.302
14.9819,68.73,3.863,3.302
14.9847,67.99,3.865,3.303
14.9875,67.61,3.863,3.302
14.9903,66.39,3.864,3.302
14.9931,67.52,3.864,3.302
14.9958,64.15,3.864,3.302
14.9986,63.92,3.864,3.302
15.0014,67.12,3.864,3.303
15.0042,66.29,3.865,3.303
15.0069,65.24,3.864,3.302
15.0097,64.27,3.865,3.303
15.0125,63.66,3.864,3.302
15.0153,66.83,3.865,3.303
15.0181,68.06,3.864,3.302
15.0208,62.6,3.865,3.303
15.0236,65.75,3.864,3.302
15.0264,61.6,3.865,3.303
15.0292,63.6,3.864,3.302
15.0319,63.83,3.864,3.303
15.0347,65.43,3.864,3.303
15.0375,66.78,3.864,3.303
15.0403,70.05,3.864,3.303
15.0431,66.77,3.864,3.302
15.0458,67.89,3.863,3.302
15.0486,67.23,3.863,3.301
15.0514,67.34,3.865,3.302
15.0542,68.47,3.864,3.303
15.0569,64.48,3.864,3.302
15.0597,65.65,3.864,3.302
15.0625,65.27,3.864,3.303
15.0653,65.03,3.864,3.302
15.0681,65.4,3.865,3.303
15.0708,70.85,3.862,3.301
15.0736,66.93,3.865,3.303
15.0764,68.31,3.863,3.302
15.0792,66.54,3.863,3.303
15.0819,66.03,3.863,3.302
15.0847,65.4,3.865,3.303
15.0875,67.35,3.863,3.302
15.0903,65.78,3.863,3.302
15.0931,65.59,3.863,3.302
15.0958,66.87,3.864,3.303
15.0986,65.9,3.862,3.302
15.1014,65.21,3.863,3.303
15.1042,64.22,3.864,3.303
15.1069,66.69,3.864,3.303
15.1097,64.61,3.864,3.302
15.1125,65.43,3.864,3.303
15.1153,66.3,3.864,3.302
15.1181,68.0,3.863,3.303
15.1208,62.96,3.865,3.303
15.1236,64.98,3.863,3.302
15.1264,62.95,3.864,3.303
15.1292,65.01,3.863,3.303
15.1319,64.85,3.864,3.303
15.1347,64.47,3.863,3.302
15.1375,64.49,3.864,3.303
15.1403,64.72,3.863,3.302
15.1431,63.95,3.864,3.303
15.1458,64.39,3.864,3.302
15.1486,64.19,3.865,3.303
15.1514,67.15,3.864,3.302
15.1542,63.64,3.864,3.303
15.1569,63.27,3.863,3.302
15.1597,62.44,3.864,3.303
15.1625,63.57,3.863,3.302
15.1653,63.46,3.864,3.303
15.1681,65.29,3.864,3.303
15.1708,65.19,3.864,3.302
15.1736,63.68,3.863,3.302
15.1764,62.56,3.864,3.303
15.1792,64.52,3.864,3.303
15.1819,66.48,3.863,3.303
15.1847,65.07,3.864,3.303
15.1875,64.39,3.864,3.303
15.1903,63.17,3.864,3.303
15.1931,66.73,3.861,3.301
15.1958,64.19,3.863,3.303
15.1986,66.95,3.863,3.303
15.2014,64.0,3.865,3.303
15.2042,65.85,3.863,3.303
15.2069,62.7,3.864,3.303
15.2097,63.99,3.863,3.302
15.2125,62.38,3.864,3.303
15.2153,63.09,3.862,3.302
15.2181,65.16,3.864,3.303
15.2208,66.14,3.863,3.302
15.2236,65.66,3.863,3.303
15.2264,64.74,3.863,3.302
15.2292,61.47,3.864,3.303
15.2319,63.05,3.863,3.303
15.2347,64.24,3.864,3.303
15.2375,65.16,3.863,3.302
15.2403,67.0,3.863,3.303
15.2431,63.66,3.863,3.303
15.2458,64.9,3.863,3.303
15.2486,65.14,3.863,3.302
15.2514,63.17,3.863,3.303
15.2542,63.39,3.864,3.303
15.2569,66.1,3.862,3.302
15.2597,63.9,3.864,3.303
15.2625,63.29,3.863,3.303
15.2653,65.8,3.863,3.303
15.2681,66.26,3.863,3.303
15.2708,65.36,3.864,3.304
15.2736,65.38,3.863,3.303
15.2764,64.63,3.863,3.303
15.2792,65.14,3.863,3.302
15.2819,63.85,3.863,3.303
15.2847,67.89,3.862,3.303
15.2875,63.28,3.863,3.304
15.2903,69.78,3.862,3.303
15.2931,65.23,3.862,3.303
15.2958,66.33,3.862,3.302
15.2986,65.42,3.863,3.303
15.3014,67.21,3.862,3.302
15.3042,64.79,3.863,3.303
15.3069,65.56,3.862,3.303
15.3097,65.62,3.861,3.302
15.3125,63.76,3.863,3.303
15.3153,63.32,3.863,3.303
15.3181,65.16,3.863,3.303
15.3208,65.28,3.862,3.302
15.3236,63.76,3.863,3.303
15.3264,64.02,3.863,3.303
15.3292,63.37,3.864,3.303
15.3319,64.9,3.863,3.303
15.3347,65.85,3.863,3.302
15.3375,66.39,3.862,3.303
15.3403,68.42,3.863,3.303
15.3431,63.93,3.862,3.303
15.3458,62.77,3.863,3.303
15.3486,66.69,3.862,3.303
15.3514,65.07,3.863,3.303
15.3542,64.02,3.863,3.303
15.3569,64.78,3.862,3.303
15.3597,63.14,3.862,3.302
15.3625,64.0,3.863,3.303
15.3653,65.62,3.862,3.302
15.3681,67.33,3.861,3.302
15.3708,65.59,3.863,3.302
15.3736,66.16,3.861,3.302
15.3764,65.26,3.862,3.303
15.3792,63.79,3.861,3.302
15.3819,63.62,3.863,3.303
15.3847,67.8,3.861,3.302
15.3875,65.77,3.862,3.302
15.3903,63.72,3.861,3.302
15.3931,62.56,3.863,3.303
15.3958,65.09,3.862,3.302
15.3986,67.62,3.862,3.302
15.4014,65.27,3.861,3.301
15.4042,66.84,3.862,3.303
15.4069,64.12,3.862,3.302
15.4097,63.96,3.862,3.303
15.4125,65.0,3.863,3.303
15.4153,65.4,3.862,3.303
15.4181,69.62,3.861,3.302
15.4208,63.2,3.862,3.303
15.4236,65.25,3.862,3.302
15.4264,68.88,3.861,3.302
15.4292,67.55,3.863,3.303
15.4319,68.04,3.862,3.302
15.4347,67.71,3.862,3.303
15.4375,66.65,3.861,3.302
15.4403,65.9,3.862,3.303
15.4431,65.8,3.861,3.302
15.4458,65.44,3.862,3.303
15.4486,65.46,3.861,3.302
15.4514,67.13,3.862,3.303
15.4542,65.24,3.861,3.302
15.4569,66.14,3.863,3.303
15.4597,64.77,3.862,3.303
15.4625,65.01,3.862,3.303
15.4653,64.1,3.861,3.303
15.4681,66.31,3.861,3.302
15.4708,64.54,3.862,3.303
15.4736,68.26,3.861,3.303
15.4764,64.33,3.861,3.302
15.4792,63.48,3.862,3.303
15.4819,68.0,3.861,3.302
15.4847,67.66,3.86,3.302
15.4875,65.69,3.862,3.303
15.4903,64.75,3.861,3.302
15.4931,62.86,3.863,3.303
15.4958,63.49,3.861,3.302
15.4986,62.05,3.862,3.303
15.5014,65.74,3.861,3.303
15.5042,64.23,3.862,3.303
15.5069,63.35,3.861,3.303
15.5097,64.51,3.862,3.304
15.5125,64.2,3.861,3.303
15.5153,64.66,3.861,3.303
15.5181,63.62,3.861,3.303
15.5208,64.41,3.861,3.302
15.5236,63.15,3.862,3.303
15.5264,64.42,3.862,3.303
15.5292,85.23,3.859,3.301
15.5319,95.42,3.859,3.302
15.5347,64.87,3.86,3.303
15.5375,69.03,3.86,3.302
15.5403,65.85,3.861,3.302
15.5431,64.27,3.861,3.302
15.5458,70.43,3.861,3.302
15.5486,66.14,3.861,3.303
15.5514,69.74,3.861,3.303
15.5542,69.61,3.861,3.302
15.5569,66.52,3.861,3.303
15.5597,62.55,3.861,3.303
15.5625,66.9,3.862,3.303
15.5653,64.7,3.86,3.303
15.5681,70.02,3.86,3.302
15.5708,68.44,3.859,3.302
15.5736,68.84,3.86,3.303
15.5764,69.23,3.86,3.303
15.5792,68.41,3.86,3.303
15.5819,67.26,3.861,3.303
15.5847,71.75,3.861,3.303
15.5875,65.8,3.86,3.302
15.5903,68.18,3.861,3.302
15.5931,69.21,3.86,3.302
15.5958,66.04,3.86,3.302
15.5986,69.36,3.86,3.303
15.6014,69.95,3.859,3.301
15.6042,68.44,3.859,3.301
15.6069,66.85,3.861,3.303
15.6097,66.15,3.859,3.302
15.6125,65.74,3.861,3.303
15.6153,66.77,3.86,3.302
15.6181,67.95,3.859,3.301
15.6208,64.29,3.861,3.302
15.6236,64.79,3.861,3.303
15.6264,66.46,3.86,3.303
15.6292,64.06,3.861,3.303
15.6319,63.5,3.86,3.303
15.6347,64.92,3.86,3.302
15.6375,63.49,3.861,3.303
15.6403,64.96,3.86,3.303
15.6431,66.52,3.861,3.303
15.6458,65.3,3.86,3.302
15.6486,65.79,3.861,3.303
15.6514,65.7,3.86,3.302
15.6542,65.6,3.861,3.303
15.6569,64.22,3.861,3.303
15.6597,65.23,3.86,3.303
15.6625,65.02,3.86,3.302
15.6653,66.55,3.861,3.303
15.6681,68.78,3.859,3.302
15.6708,66.14,3.861,3.304
15.6736,66.18,3.86,3.303
15.6764,68.98,3.859,3.302
15.6792,64.53,3.86,3.303
15.6819,65.16,3.86,3.303
15.6847,66.81,3.859,3.302
15.6875,65.37,3.86,3.303
15.6903,64.83,3.86,3.303
15.6931,63.8,3.86,3.303
15.6958,64.49,3.86,3.302
15.6986,65.27,3.859,3.302
15.7014,66.35,3.86,3.303
15.7042,67.19,3.86,3.303
15.7069,64.34,3.86,3.303
15.7097,62.69,3.86,3.303
15.7125,65.48,3.86,3.303
15.7153,62.39,3.861,3.303
15.7181,65.63,3.859,3.302
15.7208,66.04,3.86,3.303
15.7236,66.45,3.86,3.303
15.7264,63.47,3.86,3.303
15.7292,66.22,3.86,3.303
15.7319,66.48,3.859,3.302
15.7347,66.43,3.859,3.302
15.7375,66.36,3.86,3.304
15.7403,65.44,3.86,3.302
15.7431,66.94,3.859,3.302
15.7458,64.93,3.86,3.302
15.7486,63.62,3.859,3.303
15.7514,67.41,3.86,3.303
15.7542,68.07,3.858,3.302
15.7569,66.1,3.859,3.303
15.7597,64.38,3.86,3.303
15.7625,67.08,3.858,3.302
15.7653,65.38,3.86,3.303
15.7681,67.35,3.86,3.303
15.7708,64.01,3.86,3.303
15.7736,64.53,3.86,3.303
15.7764,65.41,3.859,3.302
15.7792,67.99,3.859,3.303
15.7819,65.92,3.86,3.303
15.7847,68.21,3.858,3.302
15.7875,68.74,3.859,3.303
15.7903,66.75,3.859,3.302
15.7931,65.29,3.859,3.303
15.7958,66.9,3.858,3.302
15.7986,67.48,3.858,3.302
15.8014,69.87,3.859,3.302
15.8042,68.9,3.859,3.303
15.8069,71.15,3.857,3.302
15.8097,67.55,3.86,3.303
15.8125,67.67,3.859,3.302
15.8153,65.07,3.858,3.302
15.8181,112.77,3.854,3.299
15.8208,96.42,3.855,3.301
15.8236,68.88,3.858,3.302
15.8264,72.97,3.858,3.302
15.8292,73.07,3.857,3.302
15.8319,69.02,3.858,3.302
15.8347,66.75,3.859,3.303
15.8375,69.81,3.859,3.302
15.8403,70.82,3.858,3.302
15.8431,69.4,3.856,3.301
15.8458,67.41,3.858,3.303
15.8486,67.41,3.858,3.302
15.8514,76.39,3.858,3.302
15.8542,66.09,3.858,3.303
15.8569,70.19,3.858,3.302
15.8597,69.05,3.858,3.303
15.8625,69.65,3.858,3.302
15.8653,67.55,3.858,3.302
15.8681,67.35,3.859,3.303
15.8708,67.0,3.859,3.303
15.8736,67.91,3.858,3.302
15.8764,67.1,3.858,3.303
15.8792,68.0,3.856,3.301
15.8819,68.11,3.859,3.303
15.8847,67.35,3.858,3.302
15.8875,65.64,3.858,3.303
15.8903,69.18,3.859,3.303
15.8931,65.06,3.857,3.302
15.8958,65.58,3.857,3.302
15.8986,66.62,3.858,3.302
15.9014,70.83,3.857,3.302
15.9042,71.49,3.858,3.303
15.9069,72.95,3.857,3.302
15.9097,69.81,3.857,3.302
15.9125,65.57,3.858,3.303
15.9153,66.96,3.857,3.302
15.9181,67.41,3.858,3.303
15.9208,65.52,3.858,3.303
15.9236,67.54,3.858,3.302
15.9264,68.88,3.857,3.302
15.9292,65.34,3.858,3.303
15.9319,66.42,3.858,3.303
15.9347,67.6,3.858,3.302
15.9375,68.03,3.858,3.303
15.9403,66.82,3.857,3.302
15.9431,66.14,3.858,3.303
15.9458,65.46,3.858,3.303
15.9486,66.63,3.857,3.302
15.9514,67.16,3.858,3.302
15.9542,64.86,3.858,3.303
15.9569,67.09,3.858,3.303
15.9597,64.9,3.858,3.303
15.9625,70.07,3.857,3.302
15.9653,65.88,3.858,3.302
15.9681,65.89,3.858,3.303
15.9708,66.76,3.857,3.302
15.9736,64.8,3.857,3.302
15.9764,67.26,3.857,3.302
15.9792,66.63,3.858,3.303
15.9819,69.26,3.856,3.302
15.9847,70.55,3.857,3.303
15.9875,66.3,3.858,3.303
15.9903,68.48,3.857,3.303
15.9931,63.25,3.858,3.303
15.9958,65.26,3.858,3.303
15.9986,66.36,3.857,3.303
16.0014,67.83,3.857,3.302
16.0042,67.73,3.857,3.303
16.0069,65.53,3.856,3.302
16.0097,70.13,3.856,3.302
16.0125,65.15,3.858,3.303
16.0153,64.23,3.857,3.303
16.0181,69.61,3.856,3.302
16.0208,70.15,3.855,3.301
16.0236,66.91,3.856,3.302
16.0264,64.06,3.857,3.302
16.0292,64.85,3.857,3.303
16.0319,69.93,3.857,3.302
16.0347,67.94,3.857,3.302
16.0375,66.27,3.856,3.302
16.0403,65.95,3.858,3.303
16.0431,65.84,3.856,3.303
16.0458,67.24,3.856,3.302
16.0486,63.76,3.858,3.303
16.0514,66.79,3.856,3.302
16.0542,64.0,3.858,3.304
16.0569,65.57,3.857,3.302
16.0597,67.06,3.856,3.301
16.0625,67.07,3.856,3.302
16.0653,65.95,3.856,3.303
16.0681,67.85,3.856,3.302
16.0708,66.87,3.857,3.303
16.0736,63.94,3.856,3.303
16.0764,64.73,3.857,3.303
16.0792,63.64,3.857,3.303
16.0819,63.04,3.856,3.303
16.0847,67.42,3.857,3.303
16.0875,66.44,3.856,3.302
16.0903,64.41,3.857,3.303
16.0931,67.34,3.856,3.302
16.0958,65.01,3.857,3.303
16.0986,67.64,3.856,3.303
16.1014,67.56,3.855,3.302
16.1042,65.32,3.856,3.303
16.1069,66.54,3.857,3.303
16.1097,66.54,3.857,3.303
16.1125,66.76,3.856,3.303
16.1153,64.46,3.857,3.303
16.1181,67.98,3.855,3.302
16.1208,64.78,3.857,3.303
16.1236,64.65,3.857,3.302
16.1264,65.24,3.856,3.303
16.1292,66.66,3.857,3.303
16.1319,61.55,3.856,3.303
16.1347,65.72,3.856,3.302
16.1375,64.83,3.856,3.303
16.1403,64.57,3.856,3.303
16.1431,66.82,3.856,3.302
16.1458,66.86,3.856,3.302
16.1486,65.43,3.856,3.303
16.1514,66.08,3.855,3.302
16.1542,66.99,3.856,3.302
16.1569,66.3,3.856,3.303
16.1597,68.9,3.856,3.303
16.1625,64.5,3.856,3.303
16.1653,66.7,3.856,3.303
16.1681,71.84,3.855,3.302
16.1708,68.01,3.854,3.302
16.1736,67.34,3.855,3.303
16.1764,66.66,3.855,3.303
16.1792,65.4,3.855,3.302
16.1819,67.07,3.856,3.303
16.1847,65.87,3.856,3.303
16.1875,65.36,3.856,3.303
16.1903,65.38,3.856,3.302
16.1931,66.43,3.854,3.302
16.1958,63.64,3.856,3.303
16.1986,65.37,3.856,3.303
16.2014,65.11,3.855,3.303
16.2042,65.57,3.856,3.302
16.2069,64.66,3.855,3.303
16.2097,63.71,3.855,3.302
16.2125,67.66,3.854,3.302
16.2153,62.59,3.856,3.303
16.2181,69.83,3.855,3.302
16.2208,65.1,3.856,3.303
16.2236,65.18,3.855,3.302
16.2264,67.7,3.856,3.303
16.2292,63.43,3.856,3.302
16.2319,65.02,3.856,3.303
16.2347,65.86,3.855,3.302
16.2375,64.86,3.855,3.302
16.2403,64.48,3.856,3.303
16.2431,64.66,3.855,3.302
16.2458,65.62,3.855,3.303
16.2486,63.74,3.855,3.303
16.2514,65.7,3.856,3.303
16.2542,67.44,3.855,3.303
16.2569,63.8,3.855,3.303
16.2597,64.1,3.855,3.303
16.2625,64.2,3.855,3.303
16.2653,63.22,3.854,3.302
16.2681,69.35,3.854,3.302
16.2708,65.84,3.855,3.302
16.2736,65.93,3.855,3.303
16.2764,65.36,3.854,3.302
16.2792,62.45,3.855,3.303
16.2819,64.74,3.855,3.302
16.2847,67.21,3.854,3.303
16.2875,66.86,3.855,3.303
16.2903,67.87,3.854,3.303
16.2931,65.14,3.854,3.303
16.2958,64.57,3.855,3.302
16.2986,64.38,3.855,3.303
16.3014,65.76,3.854,3.302
16.3042,64.94,3.855,3.303
16.3069,63.54,3.854,3.302
16.3097,62.69,3.854,3.303
16.3125,65.33,3.855,3.303
16.3153,62.67,3.854,3.302
16.3181,64.22,3.854,3.302
16.3208,67.35,3.855,3.303
16.3236,65.49,3.853,3.302
16.3264,63.28,3.855,3.303
16.3292,66.37,3.855,3.303
16.3319,64.66,3.854,3.302
16.3347,64.78,3.855,3.303
16.3375,65.65,3.854,3.302
16.3403,67.5,3.854,3.303
16.3431,65.7,3.855,3.303
16.3458,63.17,3.854,3.302
16.3486,63.26,3.854,3.303
16.3514,64.41,3.854,3.303
16.3542,66.33,3.854,3.302
16.3569,65.03,3.855,3.303
16.3597,65.0,3.854,3.303
16.3625,68.16,3.854,3.302
16.3653,70.63,3.854,3.303
16.3681,67.04,3.853,3.302
16.3708,67.65,3.853,3.303
16.3736,66.56,3.853,3.302
16.3764,63.9,3.853,3.303
16.3792,67.23,3.854,3.303
16.3819,69.42,3.854,3.303
16.3847,67.1,3.852,3.302
16.3875,65.74,3.854,3.303
16.3903,64.15,3.853,3.302
16.3931,65.58,3.853,3.302
16.3958,66.13,3.854,3.303
16.3986,65.39,3.853,3.303
16.4014,68.56,3.852,3.302
16.4042,66.03,3.853,3.303
16.4069,65.35,3.852,3.302
16.4097,66.23,3.853,3.303
16.4125,63.81,3.853,3.303
16.4153,66.28,3.853,3.303
16.4181,66.13,3.853,3.302
16.4208,65.01,3.853,3.303
16.4236,64.65,3.854,3.303
16.4264,64.28,3.852,3.302
16.4292,67.66,3.853,3.302
16.4319,63.22,3.854,3.303
16.4347,66.68,3.852,3.302
16.4375,65.93,3.852,3.303
16.4403,64.19,3.854,3.303
16.4431,66.84,3.853,3.302
16.4458,66.06,3.853,3.303
16.4486,66.48,3.852,3.302
16.4514,67.18,3.853,3.303
16.4542,65.69,3.852,3.302
16.4569,64.99,3.853,3.303
16.4597,66.31,3.852,3.302
16.4625,66.15,3.853,3.303
16.4653,68.71,3.852,3.302
16.4681,64.14,3.853,3.303
16.4708,63.26,3.852,3.303
16.4736,66.69,3.852,3.302
16.4764,67.34,3.853,3.303
16.4792,64.78,3.853,3.303
16.4819,67.2,3.853,3.302
16.4847,66.55,3.852,3.302
16.4875,65.81,3.853,3.302
16.4903,65.75,3.853,3.303
16.4931,64.42,3.852,3.303
16.4958,63.74,3.851,3.302
16.4986,61.62,3.853,3.303
16.5014,64.48,3.852,3.303
16.5042,65.72,3.852,3.302
16.5069,65.63,3.853,3.303
16.5097,64.81,3.852,3.302
16.5125,64.74,3.852,3.303
16.5153,70.59,3.852,3.302
16.5181,64.3,3.852,3.302
16.5208,66.89,3.852,3.302
16.5236,66.42,3.852,3.303
16.5264,65.03,3.852,3.302
16.5292,62.74,3.853,3.303
16.5319,62.67,3.851,3.303
16.5347,65.99,3.852,3.303
16.5375,64.44,3.852,3.303
16.5403,65.61,3.852,3.303
16.5431,63.19,3.852,3.303
16.5458,65.25,3.851,3.302
16.5486,64.9,3.851,3.302
16.5514,65.34,3.852,3.303
16.5542,65.08,3.851,3.302
16.5569,63.43,3.851,3.303
16.5597,63.61,3.852,3.303
16.5625,62.66,3.851,3.302
16.5653,61.83,3.852,3.303
16.5681,63.43,3.851,3.302
16.5708,99.54,3.847,3.3
16.5736,75.9,3.851,3.303
16.5764,62.52,3.852,3.303
16.5792,62.74,3.852,3.303
16.5819,64.94,3.851,3.303
16.5847,66.8,3.851,3.302
16.5875,64.74,3.852,3.303
16.5903,63.51,3.851,3.303
16.5931,64.3,3.851,3.303
16.5958,66.77,3.852,3.303
16.5986,61.93,3.851,3.303
16.6014,63.06,3.852,3.303
16.6042,67.49,3.851,3.303
16.6069,65.2,3.851,3.303
16.6097,64.6,3.851,3.303
16.6125,62.83,3.851,3.303
16.6153,62.81,3.851,3.303
16.6181,74.47,3.851,3.303
16.6208,115.63,3.846,3.299
16.6236,116.38,3.845,3.299
16.6264,114.57,3.845,3.3
16.6292,114.75,3.845,3.3
16.6319,114.89,3.845,3.3
16.6347,117.62,3.844,3.299
16.6375,113.15,3.844,3.299
16.6403,113.93,3.844,3.3
16.6431,117.25,3.843,3.298
16.6458,111.23,3.845,3.3
16.6486,115.6,3.844,3.3
16.6514,117.5,3.842,3.299
16.6542,116.14,3.844,3.3
16.6569,116.58,3.843,3.299
16.6597,118.56,3.843,3.299
16.6625,117.85,3.842,3.299
16.6653,121.89,3.842,3.299
16.6681,120.33,3.843,3.3
16.6708,114.19,3.842,3.299
16.6736,109.37,3.844,3.3
16.6764,119.47,3.841,3.298
16.6792,120.97,3.842,3.299
16.6819,122.13,3.842,3.299
16.6847,121.44,3.841,3.298
16.6875,121.04,3.842,3.299
16.6903,120.55,3.841,3.299
16.6931,120.72,3.842,3.299
16.6958,96.72,3.844,3.301
16.6986,121.26,3.841,3.298
16.7014,109.42,3.843,3.3
16.7042,64.83,3.847,3.303
16.7069,64.51,3.847,3.302
16.7097,62.97,3.848,3.303
16.7125,63.7,3.847,3.302
16.7153,65.77,3.846,3.302
16.7181,65.05,3.848,3.303
16.7208,65.88,3.848,3.303
16.7236,66.76,3.848,3.303
16.7264,65.42,3.848,3.302
16.7292,66.83,3.847,3.302
16.7319,65.77,3.849,3.303
16.7347,65.54,3.848,3.303
16.7375,64.08,3.848,3.302
16.7403,64.29,3.849,3.303
16.7431,63.54,3.848,3.302
16.7458,63.66,3.848,3.303
16.7486,63.3,3.848,3.303
16.7514,65.71,3.847,3.302
16.7542,64.85,3.848,3.303
16.7569,65.05,3.848,3.302
16.7597,64.88,3.848,3.303
16.7625,62.97,3.848,3.303
16.7653,63.55,3.848,3.303
16.7681,67.18,3.849,3.303
16.7708,65.91,3.848,3.303
16.7736,66.23,3.847,3.302
16.7764,66.42,3.848,3.303
16.7792,64.98,3.847,3.302
16.7819,65.89,3.848,3.302
16.7847,65.8,3.849,3.303
16.7875,69.99,3.847,3.302
16.7903,67.6,3.848,3.303
16.7931,67.72,3.846,3.302
16.7958,66.63,3.848,3.303
16.7986,66.64,3.849,3.303
16.8014,72.0,3.847,3.303
16.8042,71.08,3.845,3.302
16.8069,70.78,3.847,3.303
16.8097,64.75,3.847,3.302
16.8125,64.41,3.847,3.303
16.8153,66.49,3.847,3.303
16.8181,67.03,3.847,3.303
16.8208,68.23,3.848,3.303
16.8236,66.13,3.847,3.303
16.8264,67.35,3.847,3.303
16.8292,66.44,3.847,3.302
16.8319,65.84,3.847,3.303
16.8347,69.06,3.848,3.303
16.8375,67.44,3.847,3.303
16.8403,67.05,3.846,3.302
16.8431,83.61,3.844,3.301
16.8458,65.16,3.847,3.303
16.8486,63.99,3.847,3.303
16.8514,66.23,3.847,3.303
16.8542,64.82,3.846,3.302
16.8569,66.29,3.847,3.303
16.8597,67.02,3.847,3.303
16.8625,65.99,3.847,3.302
16.8653,63.53,3.847,3.302
16.8681,77.53,3.844,3.301
16.8708,121.12,3.84,3.298
16.8736,120.76,3.84,3.299
16.8764,121.77,3.84,3.298
16.8792,121.72,3.839,3.298
16.8819,121.79,3.839,3.299
16.8847,120.89,3.838,3.298
16.8875,121.49,3.839,3.299
16.8903,120.6,3.839,3.298
16.8931,122.07,3.838,3.298
16.8958,120.44,3.839,3.299
16.8986,119.98,3.838,3.298
16.9014,121.02,3.838,3.299
16.9042,120.48,3.838,3.298
16.9069,121.34,3.838,3.298
16.9097,122.32,3.838,3.299
16.9125,122.18,3.837,3.298
16.9153,120.37,3.837,3.299
16.9181,122.3,3.837,3.299
16.9208,122.77,3.837,3.298
16.9236,121.24,3.837,3.299
16.9264,120.96,3.837,3.298
16.9292,122.76,3.837,3.298
16.9319,121.44,3.837,3.299
16.9347,121.91,3.837,3.299
16.9375,121.57,3.837,3.299
16.9403,122.63,3.836,3.298
16.9431,122.2,3.836,3.298
16.9458,122.13,3.837,3.299
16.9486,122.26,3.836,3.298
16.9514,112.38,3.839,3.301
16.9542,91.04,3.84,3.301
16.9569,95.57,3.839,3.3
16.9597,90.45,3.841,3.301
16.9625,95.04,3.839,3.3
16.9653,91.63,3.84,3.301
16.9681,100.83,3.837,3.299
16.9708,89.88,3.84,3.301
16.9736,103.76,3.838,3.3
16.9764,98.23,3.838,3.3
16.9792,93.17,3.838,3.3
16.9819,87.99,3.84,3.301
16.9847,91.11,3.84,3.301
16.9875,88.61,3.84,3.301
16.9903,90.27,3.839,3.301
16.9931,90.92,3.841,3.301
16.9958,90.02,3.839,3.301
16.9986,96.41,3.837,3.299
17.0014,96.76,3.839,3.301
17.0042,85.75,3.841,3.302
17.0069,86.08,3.839,3.301
17.0097,90.74,3.839,3.301
17.0125,92.34,3.839,3.301
17.0153,92.7,3.839,3.301
17.0181,90.31,3.839,3.301
17.0208,95.45,3.84,3.302
17.0236,93.81,3.839,3.301
17.0264,87.14,3.84,3.301
17.0292,97.49,3.838,3.3
17.0319,92.82,3.838,3.3
17.0347,99.71,3.838,3.301
17.0375,120.01,3.836,3.299
17.0403,121.17,3.835,3.298
17.0431,120.35,3.836,3.299
17.0458,121.73,3.835,3.298
17.0486,117.09,3.835,3.299
17.0514,119.33,3.835,3.299
17.0542,120.72,3.834,3.298
17.0569,119.22,3.834,3.298
17.0597,117.04,3.834,3.299
17.0625,119.02,3.834,3.299
17.0653,117.48,3.835,3.3
17.0681,116.89,3.833,3.298
17.0708,117.5,3.834,3.299
17.0736,120.08,3.833,3.298
17.0764,121.81,3.833,3.298
17.0792,122.43,3.834,3.299
17.0819,116.49,3.834,3.299
17.0847,121.42,3.834,3.299
17.0875,122.12,3.833,3.298
17.0903,121.56,3.833,3.298
17.0931,116.9,3.834,3.3
17.0958,119.22,3.832,3.298
17.0986,122.67,3.833,3.299
17.1014,119.4,3.833,3.299
17.1042,116.87,3.832,3.298
17.1069,120.37,3.833,3.299
17.1097,120.65,3.833,3.299
17.1125,119.86,3.833,3.299
17.1153,119.47,3.832,3.298
17.1181,102.74,3.833,3.3
17.1208,74.52,3.837,3.302
17.1236,80.03,3.835,3.3
17.1264,81.69,3.836,3.302
17.1292,85.48,3.836,3.301
17.1319,85.04,3.835,3.301
17.1347,89.58,3.836,3.301
17.1375,114.19,3.833,3.299
17.1403,112.31,3.833,3.3
17.1431,116.21,3.832,3.299
17.1458,115.35,3.832,3.299
17.1486,117.09,3.832,3.299
17.1514,114.28,3.833,3.299
17.1542,113.82,3.832,3.299
17.1569,111.56,3.832,3.299
17.1597,116.31,3.832,3.299
17.1625,106.76,3.833,3.3
17.1653,113.43,3.832,3.299
17.1681,114.9,3.832,3.299
17.1708,118.47,3.831,3.299
17.1736,119.79,3.831,3.298
17.1764,111.56,3.833,3.3
17.1792,102.34,3.833,3.3
17.1819,109.49,3.833,3.301
17.1847,112.35,3.831,3.299
17.1875,98.93,3.833,3.301
17.1903,102.09,3.831,3.299
17.1931,99.93,3.833,3.301
17.1958,110.46,3.831,3.299
17.1986,111.6,3.831,3.299
17.2014,113.39,3.832,3.3
17.2042,118.97,3.83,3.298
17.2069,117.72,3.83,3.299
17.2097,114.6,3.831,3.299
17.2125,114.65,3.83,3.299
17.2153,114.63,3.831,3.299
17.2181,108.63,3.83,3.299
17.2208,117.8,3.829,3.298
17.2236,114.75,3.83,3.3
17.2264,113.97,3.829,3.299
17.2292,116.65,3.83,3.299
17.2319,117.96,3.829,3.298
17.2347,118.72,3.829,3.299
17.2375,104.42,3.83,3.3
17.2403,117.61,3.828,3.298
17.2431,117.99,3.829,3.299
17.2458,118.83,3.829,3.299
17.2486,115.95,3.829,3.299
17.2514,116.7,3.829,3.299
17.2542,114.17,3.828,3.298
17.2569,119.61,3.828,3.299
17.2597,114.49,3.829,3.299
17.2625,105.68,3.829,3.299
17.2653,113.33,3.83,3.3
17.2681,117.46,3.828,3.298
17.2708,114.89,3.828,3.299
17.2736,112.63,3.828,3.299
17.2764,87.53,3.83,3.3
17.2792,69.7,3.834,3.303
17.2819,66.31,3.834,3.303
17.2847,67.3,3.833,3.302
17.2875,71.67,3.835,3.303
17.2903,72.47,3.834,3.302
17.2931,70.6,3.835,3.303
17.2958,68.75,3.834,3.302
17.2986,65.6,3.833,3.302
17.3014,67.32,3.835,3.303
17.3042,72.6,3.833,3.301
17.3069,65.68,3.834,3.303
17.3097,65.16,3.835,3.303
17.3125,65.76,3.834,3.302
17.3153,65.51,3.835,3.303
17.3181,66.9,3.834,3.303
17.3208,64.73,3.834,3.302
17.3236,67.48,3.835,3.303
17.3264,65.63,3.834,3.303
17.3292,65.22,3.833,3.302
17.3319,64.5,3.834,3.303
17.3347,64.94,3.833,3.302
17.3375,66.64,3.833,3.302
17.3403,67.42,3.834,3.303
17.3431,65.95,3.833,3.302
17.3458,66.51,3.834,3.303
17.3486,63.35,3.834,3.303
17.3514,69.27,3.832,3.301
17.3542,64.88,3.834,3.303
17.3569,65.85,3.834,3.303
17.3597,65.01,3.834,3.302
17.3625,67.35,3.835,3.303
17.3653,67.41,3.833,3.303
17.3681,64.22,3.834,3.303
17.3708,65.71,3.834,3.302
17.3736,69.45,3.833,3.302
17.3764,69.89,3.834,3.303
17.3792,67.47,3.833,3.302
17.3819,65.37,3.833,3.302
17.3847,100.85,3.83,3.3
17.3875,80.47,3.832,3.302
17.3903,66.49,3.833,3.303
17.3931,65.45,3.834,3.303
17.3958,67.46,3.831,3.302
17.3986,68.58,3.834,3.303
17.4014,67.7,3.832,3.302
17.4042,65.45,3.833,3.302
17.4069,68.87,3.833,3.302
17.4097,65.63,3.833,3.303
17.4125,67.3,3.834,3.303
17.4153,66.4,3.834,3.303
17.4181,68.46,3.833,3.302
17.4208,70.13,3.833,3.303
17.4236,67.15,3.833,3.302
17.4264,65.38,3.833,3.302
17.4292,68.8,3.833,3.303
17.4319,66.21,3.832,3.302
17.4347,69.29,3.833,3.303
17.4375,67.11,3.832,3.302
17.4403,64.82,3.833,3.303
17.4431,67.61,3.833,3.303
17.4458,68.9,3.832,3.302
17.4486,68.57,3.832,3.302
17.4514,65.52,3.833,3.303
17.4542,71.41,3.83,3.301
17.4569,69.96,3.831,3.302
17.4597,64.79,3.832,3.303
17.4625,66.56,3.832,3.303
17.4653,65.15,3.833,3.303
17.4681,66.18,3.832,3.303
17.4708,69.33,3.832,3.303
17.4736,66.0,3.832,3.303
17.4764,67.17,3.832,3.302
17.4792,66.87,3.833,3.303
17.4819,70.56,3.83,3.301
17.4847,65.09,3.832,3.302
17.4875,68.28,3.831,3.302
17.4903,63.88,3.832,3.303
17.4931,68.58,3.831,3.302
17.4958,66.48,3.832,3.303
17.4986,66.57,3.831,3.302
17.5014,65.38,3.832,3.303
17.5042,66.14,3.831,3.302
17.5069,67.29,3.831,3.302
17.5097,65.22,3.832,3.302
17.5125,65.41,3.832,3.303
17.5153,67.02,3.831,3.302
17.5181,68.45,3.831,3.302
17.5208,68.55,3.832,3.303
17.5236,66.45,3.831,3.303
17.5264,66.77,3.832,3.303
17.5292,67.05,3.829,3.301
17.5319,66.48,3.831,3.303
17.5347,63.84,3.832,3.303
17.5375,66.57,3.831,3.302
17.5403,65.96,3.832,3.303
17.5431,64.72,3.831,3.303
17.5458,65.93,3.831,3.302
17.5486,67.0,3.831,3.303
17.5514,66.45,3.831,3.303
17.5542,68.45,3.831,3.303
17.5569,67.27,3.83,3.302
17.5597,67.53,3.829,3.302
17.5625,67.27,3.832,3.303
17.5653,68.71,3.83,3.302
17.5681,69.35,3.83,3.302
17.5708,66.57,3.831,3.303
17.5736,65.86,3.83,3.302
17.5764,69.93,3.829,3.302
17.5792,66.74,3.83,3.302
17.5819,65.38,3.829,3.302
17.5847,67.64,3.831,3.303
17.5875,67.14,3.83,3.302
17.5903,68.2,3.83,3.303
17.5931,63.63,3.831,3.303
17.5958,71.42,3.829,3.302
17.5986,68.39,3.83,3.303
17.6014,70.24,3.83,3.302
17.6042,66.42,3.828,3.302
17.6069,63.54,3.831,3.303
17.6097,69.11,3.83,3.302
17.6125,68.29,3.83,3.303
17.6153,64.55,3.83,3.303
17.6181,69.39,3.83,3.303
17.6208,67.12,3.829,3.302
17.6236,65.67,3.83,3.303
17.6264,71.48,3.829,3.302
17.6292,70.22,3.83,3.303
17.6319,68.6,3.83,3.303
17.6347,69.13,3.829,3.302
17.6375,68.44,3.83,3.302
17.6403,66.93,3.829,3.302
17.6431,67.02,3.829,3.302
17.6458,65.54,3.828,3.302
17.6486,67.07,3.829,3.303
17.6514,69.16,3.829,3.303
17.6542,67.88,3.829,3.303
17.6569,72.13,3.827,3.302
17.6597,72.53,3.829,3.303
17.6625,70.93,3.828,3.302
17.6653,67.41,3.829,3.303
17.6681,69.24,3.828,3.302
17.6708,64.86,3.828,3.303
17.6736,65.3,3.829,3.302
17.6764,64.98,3.829,3.303
17.6792,66.44,3.828,3.303
17.6819,65.42,3.828,3.303
17.6847,67.86,3.828,3.303
17.6875,66.13,3.828,3.303
17.6903,65.63,3.828,3.302
17.6931,65.58,3.827,3.302
17.6958,69.9,3.827,3.302
17.6986,64.42,3.828,3.302
17.7014,72.22,3.827,3.302
17.7042,69.76,3.826,3.301
17.7069,67.15,3.827,3.302
17.7097,66.68,3.828,3.303
17.7125,66.62,3.827,3.302
17.7153,66.25,3.828,3.303
17.7181,74.21,3.827,3.302
17.7208,66.81,3.828,3.303
17.7236,70.46,3.827,3.303
17.7264,66.37,3.827,3.302
17.7292,68.67,3.827,3.302
17.7319,63.63,3.829,3.304
17.7347,69.12,3.827,3.302
17.7375,66.3,3.828,3.303
17.7403,63.86,3.827,3.303
17.7431,66.16,3.827,3.303
17.7458,65.58,3.828,3.304
17.7486,63.77,3.827,3.302
17.7514,66.8,3.827,3.303
17.7542,65.27,3.828,3.304
17.7569,64.48,3.827,3.303
17.7597,70.91,3.826,3.302
17.7625,67.42,3.827,3.303
17.7653,67.19,3.827,3.302
17.7681,67.94,3.826,3.302
17.7708,67.86,3.826,3.302
17.7736,63.79,3.827,3.303
17.7764,69.29,3.827,3.303
17.7792,63.51,3.826,3.302
17.7819,65.36,3.827,3.303
17.7847,67.78,3.826,3.303
17.7875,70.8,3.825,3.302
17.7903,68.65,3.826,3.303
17.7931,67.36,3.826,3.303
17.7958,65.71,3.826,3.303
17.7986,68.78,3.827,3.303
17.8014,68.86,3.826,3.302
17.8042,71.43,3.825,3.302
17.8069,68.13,3.825,3.302
17.8097,66.56,3.825,3.302
17.8125,68.26,3.827,3.303
17.8153,67.19,3.825,3.302
17.8181,65.02,3.825,3.302
17.8208,69.85,3.826,3.303
17.8236,74.91,3.825,3.302
17.8264,72.37,3.826,3.303
17.8292,73.5,3.824,3.302
17.8319,68.47,3.825,3.302
17.8347,78.97,3.825,3.302
17.8375,74.09,3.823,3.301
17.8403,81.93,3.823,3.301
17.8431,75.26,3.824,3.302
17.8458,75.02,3.823,3.301
17.8486,75.9,3.822,3.301
17.8514,69.69,3.823,3.301
17.8542,74.72,3.823,3.302
17.8569,70.18,3.823,3.301
17.8597,63.93,3.825,3.303
17.8625,70.15,3.824,3.302
17.8653,70.64,3.824,3.302
17.8681,65.57,3.825,3.303
17.8708,67.94,3.824,3.302
17.8736,67.2,3.824,3.303
17.8764,65.84,3.825,3.303
17.8792,68.63,3.824,3.302
17.8819,64.3,3.825,3.303
17.8847,67.66,3.824,3.302
17.8875,65.49,3.825,3.303
17.8903,69.64,3.826,3.303
17.8931,70.35,3.825,3.302
17.8958,66.79,3.825,3.303
17.8986,65.51,3.825,3.303
17.9014,70.42,3.824,3.302
17.9042,68.01,3.824,3.302
17.9069,66.78,3.825,3.303
17.9097,68.63,3.824,3.302
17.9125,70.83,3.825,3.303
17.9153,67.31,3.823,3.302
17.9181,68.89,3.823,3.302
17.9208,69.03,3.824,3.302
17.9236,67.04,3.823,3.302
17.9264,70.16,3.824,3.303
17.9292,69.12,3.823,3.302
17.9319,70.09,3.822,3.301
17.9347,71.77,3.824,3.303
17.9375,67.1,3.823,3.303
17.9403,69.42,3.823,3.302
17.9431,66.19,3.823,3.302
17.9458,67.82,3.823,3.302
17.9486,63.35,3.824,3.303
17.9514,65.29,3.823,3.302
17.9542,68.29,3.823,3.303
17.9569,68.0,3.824,3.303
17.9597,69.02,3.822,3.302
17.9625,65.24,3.823,3.303
17.9653,66.19,3.823,3.303
17.9681,71.22,3.823,3.302
17.9708,68.11,3.823,3.303
17.9736,68.95,3.823,3.302
17.9764,65.84,3.822,3.302
17.9792,67.47,3.822,3.302
17.9819,70.73,3.821,3.302
17.9847,72.65,3.823,3.302
17.9875,72.6,3.82,3.3
17.9903,69.03,3.822,3.301
17.9931,67.4,3.823,3.302
17.9958,68.89,3.822,3.302
17.9986,67.21,3.822,3.302
18.0014,70.14,3.822,3.301
18.0042,69.95,3.822,3.301
18.0069,72.77,3.82,3.301
18.0097,69.9,3.821,3.301
18.0125,67.87,3.821,3.302
18.0153,69.95,3.82,3.301
18.0181,70.05,3.822,3.302
18.0208,67.9,3.822,3.302
18.0236,67.68,3.821,3.302
18.0264,68.58,3.822,3.303
18.0292,68.48,3.821,3.301
18.0319,66.53,3.821,3.301
18.0347,69.96,3.822,3.302
18.0375,69.31,3.821,3.302
18.0403,69.35,3.82,3.301
18.0431,67.68,3.82,3.301
18.0458,71.91,3.821,3.302
18.0486,69.49,3.821,3.302
18.0514,68.55,3.821,3.302
18.0542,67.74,3.819,3.301
18.0569,69.31,3.821,3.302
18.0597,69.01,3.82,3.301
18.0625,65.74,3.821,3.302
18.0653,66.48,3.821,3.302
18.0681,71.69,3.82,3.302
18.0708,69.56,3.821,3.302
18.0736,67.93,3.819,3.301
18.0764,70.42,3.82,3.301
18.0792,70.47,3.82,3.302
18.0819,70.43,3.819,3.301
18.0847,68.59,3.821,3.302
18.0875,69.1,3.82,3.301
18.0903,68.25,3.82,3.301
18.0931,68.95,3.821,3.302
18.0958,67.95,3.82,3.301
18.0986,69.38,3.82,3.302
18.1014,69.72,3.819,3.301
18.1042,72.32,3.819,3.301
18.1069,70.76,3.82,3.302
18.1097,70.12,3.819,3.302
18.1125,67.93,3.819,3.302
18.1153,65.83,3.819,3.302
18.1181,65.56,3.819,3.302
18.1208,72.03,3.82,3.302
18.1236,69.9,3.82,3.302
18.1264,68.96,3.82,3.302
18.1292,71.05,3.819,3.302
18.1319,69.86,3.819,3.301
18.1347,68.79,3.819,3.302
18.1375,70.05,3.82,3.303
18.1403,69.72,3.818,3.301
18.1431,68.29,3.819,3.302
18.1458,68.47,3.819,3.302
18.1486,67.07,3.817,3.301
18.1514,71.06,3.818,3.302
18.1542,73.88,3.817,3.301
18.1569,66.23,3.819,3.302
18.1597,70.83,3.819,3.302
18.1625,69.94,3.818,3.301
18.1653,71.63,3.82,3.303
18.1681,69.5,3.819,3.302
18.1708,69.38,3.818,3.302
18.1736,68.92,3.819,3.302
18.1764,69.63,3.818,3.301
18.1792,67.99,3.818,3.301
18.1819,66.0,3.819,3.302
18.1847,69.83,3.818,3.301
18.1875,67.82,3.82,3.303
18.1903,68.0,3.818,3.301
18.1931,68.5,3.818,3.302
18.1958,70.9,3.819,3.303
18.1986,67.88,3.817,3.301
18.2014,70.62,3.818,3.302
18.2042,69.44,3.818,3.302
18.2069,70.72,3.816,3.301
18.2097,71.04,3.818,3.302
18.2125,69.61,3.817,3.301
18.2153,69.84,3.817,3.301
18.2181,69.42,3.818,3.302
18.2208,70.1,3.817,3.301
18.2236,69.04,3.818,3.302
18.2264,65.7,3.818,3.302
18.2292,66.57,3.817,3.302
18.2319,67.73,3.818,3.302
18.2347,69.65,3.817,3.302
18.2375,70.5,3.817,3.301
18.2403,71.31,3.818,3.302
18.2431,68.05,3.816,3.301
18.2458,67.75,3.819,3.303
18.2486,69.49,3.817,3.302
18.2514,70.5,3.816,3.301
18.2542,68.03,3.818,3.302
18.2569,66.71,3.817,3.302
18.2597,65.28,3.817,3.302
18.2625,67.78,3.817,3.301
18.2653,68.21,3.818,3.302
18.2681,65.91,3.818,3.303
18.2708,97.67,3.814,3.3
18.2736,66.53,3.817,3.302
18.2764,67.78,3.817,3.303
18.2792,66.97,3.814,3.3
18.2819,68.86,3.816,3.302
18.2847,67.72,3.817,3.302
18.2875,65.73,3.816,3.301
18.2903,64.98,3.816,3.302
18.2931,64.42,3.817,3.302
18.2958,67.37,3.815,3.302
18.2986,65.35,3.816,3.302
18.3014,65.69,3.816,3.302
18.3042,64.72,3.817,3.303
18.3069,66.37,3.816,3.302
18.3097,66.18,3.815,3.301
18.3125,67.8,3.817,3.302
18.3153,67.82,3.815,3.302
18.3181,65.4,3.817,3.302
18.3208,64.62,3.815,3.302
18.3236,69.87,3.814,3.301
18.3264,64.39,3.815,3.302
18.3292,65.99,3.815,3.302
18.3319,65.37,3.814,3.302
18.3347,68.45,3.816,3.302
18.3375,68.29,3.814,3.301
18.3403,65.24,3.816,3.302
18.3431,68.67,3.814,3.301
18.3458,65.22,3.816,3.303
18.3486,68.07,3.814,3.301
18.3514,65.05,3.816,3.302
18.3542,66.21,3.815,3.302
18.3569,65.3,3.815,3.302
18.3597,70.11,3.815,3.302
18.3625,62.92,3.815,3.302
18.3653,65.58,3.815,3.302
18.3681,67.66,3.815,3.303
18.3708,66.04,3.814,3.302
18.3736,67.47,3.816,3.302
18.3764,65.43,3.814,3.301
18.3792,68.9,3.812,3.3
18.3819,64.78,3.815,3.303
18.3847,66.5,3.814,3.301
18.3875,69.09,3.813,3.301
18.3903,69.16,3.815,3.303
18.3931,66.26,3.813,3.302
18.3958,63.91,3.815,3.303
18.3986,68.77,3.812,3.301
18.4014,68.02,3.814,3.302
18.4042,67.45,3.815,3.303
18.4069,66.7,3.814,3.302
18.4097,65.77,3.815,3.302
18.4125,66.68,3.814,3.302
18.4153,68.19,3.812,3.301
18.4181,68.95,3.813,3.302
18.4208,68.25,3.814,3.302
18.4236,65.57,3.813,3.302
18.4264,66.82,3.815,3.303
18.4292,69.41,3.813,3.302
18.4319,67.21,3.814,3.302
18.4347,71.08,3.814,3.302
18.4375,68.68,3.813,3.302
18.4403,68.1,3.812,3.301
18.4431,68.32,3.813,3.302
18.4458,68.64,3.812,3.301
18.4486,66.92,3.813,3.302
18.4514,67.65,3.813,3.302
18.4542,72.07,3.813,3.302
18.4569,68.06,3.813,3.301
18.4597,65.18,3.814,3.302
18.4625,68.42,3.814,3.302
18.4653,65.16,3.813,3.302
18.4681,68.5,3.811,3.301
18.4708,67.36,3.813,3.302
18.4736,67.96,3.812,3.302
18.4764,65.77,3.812,3.302
18.4792,65.17,3.813,3.303
18.4819,67.73,3.813,3.302
18.4847,68.27,3.813,3.302
18.4875,67.88,3.813,3.302
18.4903,67.49,3.813,3.302
18.4931,64.23,3.813,3.302
18.4958,69.22,3.812,3.302
18.4986,67.24,3.813,3.302
18.5014,68.8,3.812,3.302
18.5042,70.21,3.812,3.302
18.5069,94.88,3.809,3.3
18.5097,79.76,3.811,3.301
18.5125,65.15,3.813,3.303
18.5153,68.5,3.812,3.302
18.5181,66.67,3.812,3.302
18.5208,66.92,3.812,3.302
18.5236,72.9,3.81,3.3
18.5264,66.58,3.812,3.302
18.5292,65.1,3.812,3.302
18.5319,66.94,3.811,3.301
18.5347,66.39,3.811,3.302
18.5375,67.24,3.811,3.302
18.5403,68.9,3.811,3.302
18.5431,66.78,3.811,3.302
18.5458,66.18,3.812,3.302
18.5486,64.21,3.812,3.302
18.5514,68.63,3.811,3.302
18.5542,67.5,3.81,3.302
18.5569,68.41,3.812,3.303
18.5597,66.92,3.809,3.301
18.5625,65.6,3.811,3.302
18.5653,69.53,3.809,3.301
18.5681,68.66,3.81,3.301
18.5708,66.31,3.811,3.302
18.5736,70.38,3.81,3.302
18.5764,72.75,3.809,3.302
18.5792,68.54,3.81,3.302
18.5819,68.27,3.811,3.302
18.5847,67.4,3.811,3.302
18.5875,68.49,3.81,3.302
18.5903,68.66,3.808,3.301
18.5931,68.67,3.811,3.302
18.5958,70.96,3.81,3.302
18.5986,72.75,3.809,3.301
18.6014,77.06,3.808,3.301
18.6042,72.46,3.81,3.302
18.6069,65.41,3.811,3.303
18.6097,64.54,3.811,3.303
18.6125,69.65,3.81,3.302
18.6153,71.43,3.81,3.302
18.6181,70.19,3.81,3.302
18.6208,67.92,3.809,3.301
18.6236,68.26,3.81,3.302
18.6264,81.96,3.807,3.3
18.6292,103.71,3.806,3.3
18.6319,67.95,3.81,3.302
18.6347,70.46,3.809,3.302
18.6375,66.35,3.81,3.303
18.6403,67.59,3.81,3.302
18.6431,70.12,3.809,3.302
18.6458,65.74,3.809,3.302
18.6486,67.68,3.809,3.302
18.6514,68.92,3.809,3.302
18.6542,69.89,3.809,3.302
18.6569,67.95,3.809,3.302
18.6597,66.33,3.811,3.303
18.6625,65.7,3.809,3.302
18.6653,68.36,3.81,3.302
18.6681,73.26,3.809,3.302
18.6708,67.73,3.809,3.302
18.6736,67.14,3.81,3.303
18.6764,68.66,3.808,3.301
18.6792,74.7,3.806,3.3
18.6819,73.38,3.808,3.302
18.6847,70.36,3.807,3.301
18.6875,71.76,3.807,3.302
18.6903,70.33,3.809,3.302
18.6931,71.59,3.807,3.302
18.6958,67.24,3.808,3.302
18.6986,67.68,3.808,3.302
18.7014,72.56,3.808,3.302
18.7042,70.59,3.808,3.302
18.7069,67.46,3.807,3.301
18.7097,67.27,3.808,3.302
18.7125,70.32,3.808,3.302
18.7153,74.16,3.806,3.301
18.7181,68.08,3.808,3.302
18.7208,66.33,3.808,3.302
18.7236,65.91,3.806,3.302
18.7264,72.59,3.807,3.302
18.7292,67.54,3.806,3.301
18.7319,65.79,3.808,3.302
18.7347,69.55,3.807,3.302
18.7375,64.38,3.808,3.303
18.7403,67.58,3.808,3.303
18.7431,68.33,3.807,3.302
18.7458,66.61,3.807,3.302
18.7486,66.19,3.806,3.301
18.7514,66.81,3.807,3.302
18.7542,70.06,3.806,3.302
18.7569,69.18,3.808,3.302
18.7597,70.02,3.806,3.301
18.7625,67.77,3.808,3.303
18.7653,65.84,3.807,3.302
18.7681,69.54,3.807,3.303
18.7708,67.47,3.807,3.302
18.7736,67.43,3.805,3.302
18.7764,65.62,3.806,3.302
18.7792,65.6,3.806,3.302
18.7819,69.46,3.806,3.302
18.7847,70.69,3.807,3.302
18.7875,67.17,3.807,3.302
18.7903,68.27,3.806,3.302
18.7931,65.67,3.807,3.303
18.7958,67.37,3.805,3.302
18.7986,70.52,3.806,3.302
18.8014,74.68,3.805,3.301
18.8042,68.39,3.806,3.302
18.8069,79.3,3.804,3.301
18.8097,72.7,3.806,3.302
18.8125,65.97,3.805,3.301
18.8153,68.09,3.805,3.302
18.8181,69.51,3.804,3.301
18.8208,65.19,3.806,3.303
18.8236,71.69,3.805,3.302
18.8264,66.58,3.805,3.302
18.8292,70.32,3.805,3.302
18.8319,67.73,3.805,3.302
18.8347,68.82,3.806,3.303
18.8375,72.01,3.806,3.302
18.8403,68.42,3.805,3.302
18.8431,70.14,3.803,3.3
18.8458,65.86,3.806,3.303
18.8486,68.61,3.805,3.302
18.8514,68.29,3.805,3.302
18.8542,67.22,3.805,3.303
18.8569,65.84,3.805,3.303
18.8597,66.52,3.805,3.303
18.8625,65.87,3.805,3.302
18.8653,66.36,3.804,3.302
18.8681,65.68,3.806,3.303
18.8708,65.9,3.804,3.302
18.8736,66.99,3.805,3.302
18.8764,68.37,3.804,3.302
18.8792,64.82,3.804,3.302
18.8819,67.31,3.804,3.302
18.8847,68.05,3.804,3.302
18.8875,69.68,3.803,3.302
18.8903,67.7,3.804,3.303
18.8931,67.86,3.803,3.302
18.8958,67.69,3.804,3.303
18.8986,66.72,3.805,3.302
18.9014,64.92,3.804,3.303
18.9042,68.59,3.804,3.302
18.9069,66.38,3.803,3.302
18.9097,65.22,3.804,3.302
18.9125,69.41,3.804,3.303
18.9153,65.12,3.804,3.302
18.9181,71.19,3.803,3.302
18.9208,67.06,3.804,3.302
18.9236,66.23,3.803,3.302
18.9264,65.66,3.803,3.302
18.9292,65.18,3.804,3.302
18.9319,85.97,3.801,3.301
18.9347,70.2,3.804,3.302
18.9375,69.71,3.803,3.302
18.9403,66.29,3.803,3.302
18.9431,67.9,3.803,3.302
18.9458,67.66,3.803,3.302
18.9486,68.31,3.803,3.302
18.9514,73.66,3.802,3.302
18.9542,74.49,3.802,3.302
18.9569,70.08,3.803,3.302
18.9597,70.71,3.8,3.301
18.9625,72.12,3.802,3.302
18.9653,73.55,3.801,3.301
18.9681,76.0,3.801,3.302
18.9708,71.49,3.802,3.302
18.9736,72.9,3.801,3.301
18.9764,70.64,3.801,3.302
18.9792,67.16,3.802,3.302
18.9819,67.04,3.802,3.302
18.9847,67.58,3.802,3.302
18.9875,68.53,3.801,3.302
18.9903,66.02,3.802,3.302
18.9931,70.86,3.802,3.302
18.9958,68.14,3.801,3.302
18.9986,68.81,3.801,3.302
19.0014,68.1,3.802,3.302
19.0042,80.34,3.799,3.302
19.0069,77.78,3.8,3.302
19.0097,71.22,3.8,3.301
19.0125,71.08,3.8,3.301
19.0153,70.1,3.802,3.302
19.0181,69.57,3.801,3.302
19.0208,64.94,3.802,3.303
19.0236,65.01,3.801,3.302
19.0264,65.05,3.801,3.302
19.0292,68.01,3.801,3.302
19.0319,66.47,3.8,3.302
19.0347,68.48,3.801,3.302
19.0375,66.28,3.801,3.302
19.0403,71.39,3.799,3.3
19.0431,67.51,3.801,3.302
19.0458,66.93,3.801,3.302
19.0486,66.94,3.799,3.301
19.0514,69.65,3.8,3.302
19.0542,71.01,3.798,3.301
19.0569,75.42,3.799,3.301
19.0597,72.65,3.798,3.302
19.0625,74.12,3.798,3.301
19.0653,72.23,3.8,3.302
19.0681,75.81,3.799,3.302
19.0708,70.92,3.799,3.301
19.0736,70.71,3.799,3.302
19.0764,73.68,3.799,3.301
19.0792,69.81,3.798,3.302
19.0819,68.13,3.798,3.302
19.0847,69.0,3.798,3.302
19.0875,69.37,3.799,3.302
19.0903,70.47,3.798,3.301
19.0931,69.75,3.798,3.302
19.0958,69.54,3.798,3.302
19.0986,65.62,3.798,3.302
19.1014,71.5,3.799,3.302
19.1042,68.59,3.799,3.302
19.1069,65.57,3.799,3.301
19.1097,65.79,3.799,3.302
19.1125,67.78,3.797,3.301
19.1153,69.45,3.797,3.302
19.1181,68.04,3.799,3.303
19.1208,70.45,3.796,3.301
19.1236,69.6,3.797,3.301
19.1264,67.81,3.798,3.302
19.1292,69.9,3.797,3.301
19.1319,69.51,3.798,3.301
19.1347,67.9,3.798,3.302
19.1375,67.44,3.798,3.302
19.1403,69.65,3.797,3.301
19.1431,67.22,3.796,3.301
19.1458,67.22,3.798,3.302
19.1486,68.56,3.796,3.301
19.1514,72.75,3.796,3.302
19.1542,74.1,3.797,3.302
19.1569,67.64,3.797,3.302
19.1597,71.88,3.797,3.302
19.1625,70.51,3.797,3.302
19.1653,67.58,3.796,3.301
19.1681,72.62,3.797,3.302
19.1708,72.68,3.796,3.301
19.1736,68.04,3.796,3.301
19.1764,68.5,3.797,3.302
19.1792,66.07,3.796,3.302
19.1819,68.7,3.796,3.302
19.1847,69.27,3.797,3.302
19.1875,66.31,3.796,3.302
19.1903,70.38,3.796,3.302
19.1931,66.99,3.797,3.302
19.1958,65.07,3.796,3.302
19.1986,67.04,3.797,3.302
19.2014,71.2,3.795,3.302
19.2042,69.36,3.795,3.302
19.2069,68.94,3.796,3.302
19.2097,69.66,3.794,3.301
19.2125,67.28,3.794,3.301
19.2153,67.71,3.796,3.302
19.2181,72.88,3.795,3.302
19.2208,69.44,3.796,3.302
19.2236,70.49,3.795,3.301
19.2264,72.64,3.796,3.302
19.2292,66.9,3.797,3.302
19.2319,67.11,3.796,3.302
19.2347,68.98,3.794,3.301
19.2375,71.61,3.796,3.302
19.2403,68.05,3.794,3.301
19.2431,68.26,3.795,3.302
19.2458,67.55,3.796,3.302
19.2486,69.53,3.793,3.301
19.2514,76.39,3.794,3.302
19.2542,71.01,3.794,3.301
19.2569,71.38,3.793,3.301
19.2597,70.5,3.795,3.302
19.2625,65.41,3.794,3.302
19.2653,65.27,3.794,3.302
19.2681,66.56,3.793,3.301
19.2708,70.27,3.793,3.302
19.2736,68.5,3.794,3.302
19.2764,68.29,3.793,3.302
19.2792,65.86,3.794,3.302
19.2819,68.84,3.795,3.303
19.2847,70.04,3.793,3.301
19.2875,68.51,3.794,3.302
19.2903,67.27,3.793,3.302
19.2931,66.61,3.793,3.301
19.2958,66.2,3.794,3.302
19.2986,68.1,3.793,3.302
19.3014,66.99,3.794,3.302
19.3042,67.23,3.794,3.302
19.3069,67.89,3.792,3.301
19.3097,68.24,3.793,3.302
19.3125,66.34,3.794,3.302
19.3153,67.97,3.793,3.302
19.3181,68.52,3.792,3.302
19.3208,65.35,3.793,3.302
19.3236,67.54,3.794,3.302
19.3264,67.26,3.793,3.302
19.3292,70.94,3.792,3.301
19.3319,70.71,3.792,3.302
19.3347,70.19,3.792,3.302
19.3375,75.24,3.789,3.29
19.3403,76.36,3.791,3.295
19.3431,70.25,3.793,3.302
19.3458,67.71,3.792,3.302
19.3486,68.72,3.792,3.302
19.3514,69.09,3.793,3.303
19.3542,68.74,3.793,3.302
19.3569,67.55,3.792,3.302
19.3597,65.25,3.793,3.302
19.3625,67.67,3.791,3.301
19.3653,68.62,3.792,3.302
19.3681,66.46,3.791,3.302
19.3708,68.52,3.792,3.301
19.3736,69.06,3.792,3.302
19.3764,69.98,3.791,3.301
19.3792,66.15,3.791,3.302
19.3819,64.35,3.791,3.302
19.3847,66.69,3.79,3.301
19.3875,64.91,3.793,3.303
19.3903,71.08,3.79,3.301
19.3931,64.45,3.792,3.302
19.3958,63.74,3.792,3.302
19.3986,64.19,3.791,3.302
19.4014,68.54,3.792,3.302
19.4042,64.3,3.792,3.303
19.4069,67.49,3.791,3.302
19.4097,65.27,3.792,3.303
19.4125,66.34,3.79,3.301
19.4153,65.27,3.79,3.302
19.4181,68.94,3.79,3.302
19.4208,74.31,3.789,3.302
19.4236,70.61,3.788,3.301
19.4264,67.64,3.79,3.301
19.4292,71.26,3.788,3.301
19.4319,64.98,3.791,3.302
19.4347,69.51,3.789,3.302
19.4375,66.56,3.791,3.302
19.4403,69.68,3.79,3.302
19.4431,67.66,3.788,3.301
19.4458,68.51,3.79,3.302
19.4486,68.06,3.79,3.302
19.4514,69.49,3.79,3.302
19.4542,67.83,3.791,3.303
19.4569,67.85,3.789,3.302
19.4597,64.24,3.79,3.302
19.4625,67.54,3.79,3.302
19.4653,64.84,3.789,3.302
19.4681,74.69,3.787,3.301
19.4708,68.96,3.788,3.301
19.4736,67.91,3.788,3.301
19.4764,66.8,3.789,3.302
19.4792,65.29,3.788,3.302
19.4819,66.34,3.789,3.303
19.4847,71.14,3.789,3.302
19.4875,64.61,3.789,3.302
19.4903,68.38,3.79,3.303
19.4931,66.85,3.788,3.302
19.4958,66.73,3.788,3.302
19.4986,67.6,3.789,3.302
19.5014,68.88,3.789,3.302
19.5042,66.61,3.788,3.302
19.5069,67.76,3.788,3.302
19.5097,67.31,3.787,3.302
19.5125,67.07,3.788,3.302
19.5153,68.26,3.788,3.302
19.5181,70.37,3.786,3.301
19.5208,69.9,3.788,3.302
19.5236,80.02,3.786,3.301
19.5264,71.72,3.787,3.302
19.5292,63.31,3.787,3.302
19.5319,65.88,3.788,3.303
19.5347,70.55,3.787,3.301
19.5375,66.46,3.788,3.303
19.5403,66.54,3.787,3.302
19.5431,66.01,3.788,3.302
19.5458,66.48,3.787,3.302
19.5486,67.77,3.787,3.302
19.5514,65.54,3.787,3.302
19.5542,64.77,3.788,3.303
19.5569,63.92,3.786,3.302
19.5597,69.29,3.788,3.303
19.5625,71.86,3.785,3.301
19.5653,75.03,3.786,3.302
19.5681,73.55,3.786,3.302
19.5708,68.95,3.786,3.302
19.5736,65.66,3.787,3.302
19.5764,65.43,3.787,3.302
19.5792,65.88,3.787,3.302
19.5819,67.02,3.785,3.302
19.5847,65.45,3.786,3.302
19.5875,63.91,3.785,3.302
19.5903,66.01,3.787,3.303
19.5931,66.42,3.784,3.301
19.5958,71.35,3.785,3.302
19.5986,65.26,3.784,3.301
19.6014,68.19,3.786,3.302
19.6042,61.68,3.786,3.302
19.6069,64.92,3.786,3.303
19.6097,66.1,3.785,3.302
19.6125,67.78,3.785,3.302
19.6153,65.46,3.784,3.302
19.6181,66.78,3.786,3.303
19.6208,66.06,3.785,3.302
19.6236,66.03,3.785,3.303
19.6264,64.6,3.785,3.302
19.6292,65.3,3.784,3.302
19.6319,67.19,3.784,3.302
19.6347,65.17,3.786,3.302
19.6375,69.3,3.784,3.301
19.6403,63.99,3.785,3.302
19.6431,67.19,3.785,3.302
19.6458,66.22,3.784,3.301
19.6486,67.75,3.784,3.302
19.6514,66.16,3.783,3.301
19.6542,66.71,3.785,3.302
19.6569,66.86,3.783,3.302
19.6597,66.36,3.784,3.302
19.6625,63.47,3.784,3.302
19.6653,66.66,3.784,3.302
19.6681,71.19,3.783,3.301
19.6708,65.05,3.784,3.302
19.6736,67.15,3.784,3.303
19.6764,67.73,3.782,3.301
19.6792,62.97,3.784,3.303
19.6819,64.04,3.782,3.302
19.6847,68.21,3.783,3.302
19.6875,65.02,3.784,3.302
19.6903,66.26,3.782,3.302
19.6931,64.52,3.782,3.302
19.6958,64.1,3.783,3.302
19.6986,62.89,3.783,3.302
19.7014,65.25,3.783,3.302
19.7042,68.78,3.782,3.302
19.7069,68.41,3.781,3.301
19.7097,70.83,3.783,3.302
19.7125,67.87,3.781,3.301
19.7153,68.62,3.783,3.303
19.7181,67.81,3.782,3.302
19.7208,66.54,3.783,3.303
19.7236,68.92,3.782,3.302
19.7264,66.83,3.782,3.302
19.7292,66.9,3.782,3.302
19.7319,66.81,3.783,3.302
19.7347,68.44,3.781,3.302
19.7375,65.51,3.783,3.302
19.7403,64.89,3.781,3.302
19.7431,66.03,3.782,3.302
19.7458,64.71,3.781,3.302
19.7486,64.01,3.782,3.303
19.7514,68.91,3.781,3.302
19.7542,65.98,3.781,3.302
19.7569,65.59,3.781,3.302
19.7597,63.25,3.782,3.302
19.7625,65.85,3.782,3.303
19.7653,62.61,3.781,3.302
19.7681,64.73,3.782,3.302
19.7708,64.61,3.781,3.302
19.7736,67.27,3.782,3.302
19.7764,64.96,3.781,3.302
19.7792,68.97,3.781,3.303
19.7819,65.93,3.78,3.302
19.7847,68.7,3.781,3.303
19.7875,66.33,3.781,3.302
19.7903,67.26,3.781,3.302
19.7931,66.75,3.78,3.302
19.7958,68.16,3.779,3.302
19.7986,64.47,3.781,3.302
19.8014,68.05,3.78,3.302
19.8042,67.99,3.78,3.302
19.8069,67.84,3.78,3.303
19.8097,66.53,3.779,3.302
19.8125,68.95,3.78,3.302
19.8153,65.58,3.78,3.302
19.8181,66.07,3.78,3.302
19.8208,69.05,3.779,3.302
19.8236,67.26,3.78,3.303
19.8264,71.56,3.778,3.301
19.8292,72.64,3.779,3.302
19.8319,71.43,3.778,3.302
19.8347,69.69,3.778,3.302
19.8375,71.11,3.779,3.301
19.8403,66.16,3.779,3.303
19.8431,67.96,3.778,3.301
19.8458,68.69,3.778,3.302
19.8486,69.82,3.779,3.302
19.8514,65.4,3.778,3.302
19.8542,66.84,3.778,3.302
19.8569,64.72,3.779,3.302
19.8597,62.43,3.778,3.302
19.8625,68.31,3.778,3.302
19.8653,63.61,3.779,3.302
19.8681,66.24,3.778,3.302
19.8708,67.7,3.778,3.302
19.8736,66.9,3.778,3.302
19.8764,66.54,3.778,3.302
19.8792,66.71,3.779,3.302
19.8819,66.96,3.778,3.294
19.8847,67.47,3.778,3.302
19.8875,65.93,3.778,3.302
19.8903,65.79,3.777,3.302
19.8931,67.92,3.778,3.302
19.8958,68.27,3.776,3.301
19.8986,66.96,3.778,3.302
19.9014,66.88,3.777,3.302
19.9042,67.41,3.778,3.303
19.9069,67.68,3.777,3.302
19.9097,67.2,3.778,3.302
19.9125,66.83,3.777,3.302
19.9153,67.49,3.778,3.302
19.9181,68.56,3.776,3.301
19.9208,71.21,3.777,3.302
19.9236,71.43,3.776,3.301
19.9264,67.01,3.777,3.302
19.9292,66.27,3.775,3.302
19.9319,63.99,3.777,3.303
19.9347,67.83,3.776,3.302
19.9375,68.54,3.776,3.302
19.9403,66.81,3.777,3.302
19.9431,72.79,3.775,3.301
19.9458,71.04,3.776,3.302
19.9486,67.49,3.775,3.302
19.9514,68.96,3.776,3.302
19.9542,65.99,3.775,3.302
19.9569,64.61,3.776,3.303
19.9597,62.21,3.775,3.302
19.9625,63.95,3.777,3.303
19.9653,70.57,3.774,3.301
19.9681,67.64,3.777,3.303
19.9708,64.94,3.776,3.302
19.9736,65.65,3.777,3.303
19.9764,68.05,3.774,3.302
19.9792,63.41,3.776,3.303
19.9819,64.45,3.775,3.302
19.9847,66.94,3.775,3.302
19.9875,65.37,3.776,3.303
19.9903,63.5,3.775,3.302
19.9931,65.49,3.775,3.302
19.9958,62.39,3.774,3.302
19.9986,62.36,3.776,3.303
20.0014,64.86,3.775,3.302
20.0042,65.83,3.776,3.303
20.0069,62.55,3.775,3.303
20.0097,64.82,3.775,3.303
20.0125,62.37,3.775,3.303
20.0153,68.21,3.773,3.302
20.0181,65.67,3.775,3.303
20.0208,64.31,3.775,3.303
20.0236,63.68,3.774,3.302
20.0264,66.62,3.775,3.303
20.0292,61.24,3.774,3.302
20.0319,64.67,3.775,3.302
20.0347,67.11,3.772,3.301
20.0375,62.42,3.775,3.303
20.0403,62.98,3.773,3.302
20.0431,64.88,3.775,3.303
20.0458,61.67,3.774,3.302
20.0486,69.23,3.773,3.302
20.0514,63.63,3.774,3.302
20.0542,64.72,3.775,3.303
20.0569,64.79,3.774,3.302
20.0597,61.85,3.774,3.302
20.0625,63.64,3.774,3.302
20.0653,65.69,3.773,3.303
20.0681,66.08,3.773,3.302
20.0708,62.86,3.774,3.302
20.0736,61.76,3.773,3.302
20.0764,63.17,3.774,3.303
20.0792,64.78,3.773,3.302
20.0819,64.76,3.774,3.302
20.0847,65.59,3.773,3.302
20.0875,62.74,3.773,3.302
20.0903,63.17,3.773,3.302
20.0931,62.69,3.773,3.302
20.0958,64.88,3.772,3.302
20.0986,63.86,3.773,3.302
20.1014,66.14,3.773,3.302
20.1042,63.93,3.772,3.302
20.1069,63.91,3.773,3.303
20.1097,65.13,3.772,3.302
20.1125,65.77,3.773,3.302
20.1153,63.06,3.772,3.302
20.1181,63.98,3.773,3.302
20.1208,63.0,3.772,3.302
20.1236,65.62,3.773,3.303
20.1264,62.64,3.771,3.302
20.1292,64.79,3.772,3.302
20.1319,63.1,3.771,3.301
20.1347,63.23,3.773,3.302
20.1375,62.16,3.772,3.302
20.1403,63.02,3.773,3.303
20.1431,63.76,3.772,3.302
20.1458,63.83,3.773,3.303
20.1486,64.8,3.771,3.301
20.1514,65.38,3.771,3.302
20.1542,67.94,3.771,3.302
20.1569,64.43,3.772,3.302
20.1597,65.85,3.771,3.302
20.1625,64.83,3.77,3.302
20.1653,66.28,3.77,3.302
20.1681,68.27,3.771,3.302
20.1708,71.74,3.771,3.302
20.1736,68.05,3.772,3.303
20.1764,66.66,3.769,3.301
20.1792,69.87,3.771,3.302
20.1819,64.38,3.77,3.302
20.1847,67.89,3.77,3.302
20.1875,67.7,3.768,3.301
20.1903,66.24,3.771,3.303
20.1931,67.44,3.77,3.302
20.1958,66.7,3.771,3.303
20.1986,67.99,3.768,3.3
20.2014,65.4,3.77,3.303
20.2042,69.48,3.768,3.301
20.2069,69.56,3.768,3.301
20.2097,66.6,3.769,3.302
20.2125,67.14,3.769,3.302
20.2153,69.0,3.77,3.303
20.2181,69.95,3.768,3.301
20.2208,65.99,3.77,3.303
20.2236,70.42,3.769,3.301
20.2264,68.69,3.77,3.302
20.2292,68.08,3.768,3.302
20.2319,68.42,3.77,3.302
20.2347,65.23,3.768,3.302
20.2375,68.61,3.769,3.302
20.2403,69.69,3.768,3.302
20.2431,65.03,3.77,3.303
20.2458,65.05,3.768,3.302
20.2486,69.39,3.769,3.302
20.2514,67.9,3.768,3.301
20.2542,67.75,3.767,3.301
20.2569,67.53,3.768,3.301
20.2597,67.49,3.768,3.302
20.2625,69.22,3.767,3.301
20.2653,69.35,3.768,3.302
20.2681,73.59,3.767,3.302
20.2708,66.59,3.768,3.302
20.2736,68.77,3.767,3.302
20.2764,66.93,3.766,3.301
20.2792,66.24,3.769,3.303
20.2819,64.48,3.768,3.302
20.2847,71.17,3.767,3.302
20.2875,72.49,3.766,3.301
20.2903,68.71,3.768,3.302
20.2931,66.11,3.767,3.302
20.2958,73.98,3.766,3.301
20.2986,70.14,3.765,3.301
20.3014,71.57,3.767,3.302
20.3042,66.63,3.766,3.302
20.3069,69.72,3.766,3.302
20.3097,73.82,3.766,3.301
20.3125,72.37,3.767,3.302
20.3153,70.83,3.766,3.302
20.3181,77.85,3.763,3.296
20.3208,68.83,3.767,3.302
20.3236,74.29,3.765,3.301
20.3264,69.19,3.767,3.302
20.3292,64.47,3.766,3.302
20.3319,67.9,3.766,3.302
20.3347,69.21,3.764,3.301
20.3375,69.72,3.765,3.302
20.3403,71.32,3.766,3.302
20.3431,68.5,3.766,3.302
20.3458,71.05,3.767,3.302
20.3486,68.08,3.765,3.301
20.3514,69.93,3.765,3.301
20.3542,67.03,3.766,3.302
20.3569,67.38,3.765,3.302
20.3597,69.37,3.764,3.301
20.3625,66.29,3.766,3.303
20.3653,70.17,3.764,3.301
20.3681,72.98,3.766,3.303
20.3708,68.59,3.764,3.302
20.3736,65.64,3.765,3.302
20.3764,68.05,3.765,3.302
20.3792,73.69,3.765,3.302
20.3819,72.21,3.764,3.302
20.3847,76.06,3.764,3.301
20.3875,75.77,3.763,3.301
20.3903,73.64,3.763,3.301
20.3931,71.9,3.763,3.302
20.3958,66.53,3.763,3.302
20.3986,66.66,3.764,3.302
20.4014,70.8,3.763,3.302
20.4042,70.74,3.764,3.301
20.4069,69.55,3.765,3.302
20.4097,68.38,3.764,3.302
20.4125,69.02,3.765,3.302
20.4153,67.01,3.762,3.301
20.4181,73.24,3.762,3.3
20.4208,68.15,3.763,3.302
20.4236,64.6,3.764,3.302
20.4264,65.1,3.764,3.303
20.4292,69.3,3.762,3.301
20.4319,68.95,3.762,3.302
20.4347,66.49,3.764,3.303
20.4375,68.54,3.762,3.301
20.4403,68.57,3.763,3.302
20.4431,67.19,3.764,3.302
20.4458,65.8,3.763,3.302
20.4486,66.23,3.764,3.302
20.4514,73.91,3.761,3.301
20.4542,68.6,3.762,3.302
20.4569,68.98,3.763,3.303
20.4597,66.26,3.763,3.302
20.4625,66.28,3.762,3.302
20.4653,68.25,3.763,3.303
20.4681,69.16,3.762,3.302
20.4708,64.85,3.764,3.303
20.4736,68.75,3.762,3.302
20.4764,68.88,3.761,3.302
20.4792,67.98,3.763,3.302
20.4819,67.9,3.761,3.301
20.4847,65.4,3.762,3.302
20.4875,65.04,3.762,3.303
20.4903,66.64,3.761,3.302
20.4931,68.02,3.762,3.302
20.4958,69.55,3.76,3.301
20.4986,68.06,3.761,3.302
20.5014,68.43,3.761,3.302
20.5042,69.28,3.761,3.301
20.5069,69.69,3.761,3.302
20.5097,67.09,3.762,3.302
20.5125,65.37,3.761,3.302
20.5153,69.16,3.76,3.301
20.5181,67.82,3.76,3.302
20.5208,65.93,3.76,3.302
20.5236,66.52,3.76,3.302
20.5264,71.09,3.76,3.301
20.5292,67.92,3.761,3.302
20.5319,69.53,3.76,3.302
20.5347,69.2,3.76,3.302
20.5375,70.54,3.761,3.303
20.5403,67.4,3.76,3.302
20.5431,69.53,3.759,3.301
20.5458,66.43,3.76,3.302
20.5486,65.7,3.759,3.302
20.5514,70.63,3.76,3.302
20.5542,68.02,3.76,3.302
20.5569,69.69,3.759,3.302
20.5597,68.41,3.759,3.301
20.5625,66.93,3.759,3.302
20.5653,67.84,3.76,3.303
20.5681,66.94,3.76,3.302
20.5708,66.18,3.759,3.301
20.5736,67.41,3.76,3.303
20.5764,69.72,3.758,3.301
20.5792,64.44,3.759,3.302
20.5819,72.46,3.759,3.302
20.5847,69.8,3.758,3.301
20.5875,69.02,3.758,3.302
20.5903,65.86,3.759,3.302
20.5931,64.69,3.759,3.302
20.5958,64.57,3.759,3.302
20.5986,72.9,3.757,3.301
20.6014,70.37,3.759,3.302
20.6042,64.82,3.759,3.303
20.6069,68.21,3.759,3.302
20.6097,67.82,3.757,3.302
20.6125,69.9,3.757,3.301
20.6153,70.73,3.756,3.302
20.6181,71.48,3.758,3.302
20.6208,69.96,3.757,3.301
20.6236,69.78,3.756,3.301
20.6264,70.35,3.758,3.303
20.6292,69.27,3.754,3.3
20.6319,68.04,3.757,3.302
20.6347,70.09,3.757,3.302
20.6375,67.11,3.757,3.301
20.6403,67.93,3.756,3.302
20.6431,65.67,3.757,3.302
20.6458,65.79,3.757,3.302
20.6486,66.71,3.758,3.303
20.6514,67.31,3.756,3.303
20.6542,64.54,3.758,3.303
20.6569,65.07,3.757,3.302
20.6597,65.47,3.756,3.301
20.6625,64.47,3.758,3.303
20.6653,65.63,3.757,3.302
20.6681,68.41,3.758,3.302
20.6708,68.23,3.757,3.302
20.6736,66.25,3.756,3.302
20.6764,66.59,3.755,3.301
20.6792,63.84,3.755,3.302
20.6819,65.61,3.757,3.302
20.6847,65.99,3.756,3.302
20.6875,66.32,3.756,3.302
20.6903,67.24,3.756,3.302
20.6931,64.85,3.756,3.301
20.6958,65.46,3.756,3.302
20.6986,74.06,3.755,3.302
20.7014,73.44,3.755,3.302
20.7042,71.45,3.755,3.302
20.7069,70.81,3.755,3.302
20.7097,66.07,3.755,3.302
20.7125,66.16,3.755,3.302
20.7153,62.51,3.756,3.302
20.7181,65.12,3.756,3.302
20.7208,65.95,3.755,3.302
20.7236,63.5,3.755,3.302
20.7264,64.97,3.756,3.302
20.7292,68.6,3.753,3.301
20.7319,107.28,3.751,3.3
20.7347,67.59,3.754,3.301
20.7375,66.54,3.754,3.302
20.7403,66.33,3.755,3.302
20.7431,66.59,3.754,3.302
20.7458,64.36,3.755,3.302
20.7486,63.56,3.754,3.302
20.7514,68.53,3.753,3.301
20.7542,65.86,3.754,3.302
20.7569,66.62,3.753,3.302
20.7597,66.59,3.754,3.302
20.7625,64.07,3.754,3.302
20.7653,66.09,3.753,3.301
20.7681,76.04,3.752,3.302
20.7708,70.93,3.752,3.301
20.7736,65.93,3.754,3.302
20.7764,68.96,3.754,3.303
20.7792,65.01,3.753,3.302
20.7819,65.63,3.753,3.302
20.7847,69.41,3.753,3.302
20.7875,67.08,3.753,3.302
20.7903,67.28,3.753,3.302
20.7931,67.3,3.753,3.301
20.7958,68.54,3.753,3.302
20.7986,73.36,3.753,3.302
20.8014,70.34,3.752,3.302
20.8042,70.89,3.753,3.302
20.8069,70.51,3.752,3.302
20.8097,70.91,3.751,3.302
20.8125,64.48,3.753,3.303
20.8153,67.99,3.752,3.302
20.8181,65.55,3.752,3.302
20.8208,71.65,3.753,3.302
20.8236,68.21,3.751,3.301
20.8264,65.43,3.752,3.302
20.8292,63.93,3.752,3.302
20.8319,67.18,3.751,3.301
20.8347,66.01,3.752,3.302
20.8375,65.88,3.751,3.302
20.8403,65.23,3.751,3.302
20.8431,63.21,3.753,3.302
20.8458,67.89,3.751,3.301
20.8486,68.86,3.751,3.302
20.8514,69.2,3.75,3.301
20.8542,70.59,3.75,3.301
20.8569,66.45,3.751,3.302
20.8597,65.3,3.75,3.301
20.8625,65.78,3.75,3.301
20.8653,66.02,3.752,3.303
20.8681,66.1,3.75,3.301
20.8708,69.02,3.75,3.301
20.8736,67.14,3.751,3.302
20.8764,64.92,3.75,3.301
20.8792,66.71,3.75,3.302
20.8819,65.35,3.75,3.302
20.8847,67.51,3.749,3.301
20.8875,75.88,3.748,3.301
20.8903,73.45,3.748,3.301
20.8931,66.01,3.75,3.302
20.8958,65.28,3.751,3.302
20.8986,67.88,3.748,3.301
20.9014,67.8,3.75,3.301
20.9042,64.95,3.75,3.302
20.9069,65.67,3.749,3.301
20.9097,67.12,3.75,3.302
20.9125,65.64,3.749,3.301
20.9153,66.34,3.75,3.302
20.9181,68.86,3.75,3.302
20.9208,69.53,3.748,3.301
20.9236,69.78,3.748,3.301
20.9264,66.79,3.749,3.301
20.9292,67.98,3.748,3.301
20.9319,68.93,3.749,3.301
20.9347,73.32,3.747,3.3
20.9375,68.01,3.749,3.302
20.9403,71.99,3.747,3.301
20.9431,68.58,3.747,3.301
20.9458,68.3,3.749,3.302
20.9486,68.92,3.748,3.301
20.9514,68.28,3.748,3.301
20.9542,66.94,3.749,3.302
20.9569,71.48,3.746,3.3
20.9597,67.95,3.748,3.301
20.9625,66.7,3.748,3.302
20.9653,68.62,3.748,3.302
20.9681,71.21,3.749,3.302
20.9708,71.21,3.747,3.301
20.9736,70.26,3.748,3.301
20.9764,69.28,3.748,3.302
20.9792,68.58,3.746,3.301
20.9819,71.22,3.747,3.301
20.9847,72.43,3.747,3.301
20.9875,73.39,3.746,3.301
20.9903,71.75,3.747,3.302
20.9931,70.35,3.745,3.3
20.9958,66.93,3.746,3.3
20.9986,69.6,3.747,3.301
21.0014,67.94,3.747,3.301
21.0042,74.51,3.747,3.302
21.0069,69.43,3.745,3.301
21.0097,66.66,3.747,3.302
21.0125,69.85,3.746,3.302
21.0153,68.43,3.746,3.301
21.0181,68.71,3.747,3.302
21.0208,69.73,3.746,3.301
21.0236,67.47,3.747,3.302
21.0264,68.78,3.746,3.301
21.0292,71.68,3.746,3.301
21.0319,121.0,3.741,3.298
21.0347,71.49,3.746,3.302
21.0375,65.73,3.744,3.301
21.0403,66.3,3.746,3.302
21.0431,69.11,3.746,3.302
21.0458,69.41,3.745,3.301
21.0486,71.51,3.746,3.302
21.0514,67.76,3.745,3.302
21.0542,67.81,3.746,3.302
21.0569,64.84,3.746,3.301
21.0597,70.39,3.745,3.301
21.0625,70.56,3.746,3.302
21.0653,66.25,3.745,3.302
21.0681,69.4,3.745,3.301
21.0708,68.97,3.745,3.301
21.0736,66.87,3.745,3.302
21.0764,65.31,3.745,3.302
21.0792,69.51,3.745,3.302
21.0819,64.98,3.742,3.302
21.0847,67.87,3.738,3.302
21.0875,66.33,3.737,3.302
21.0903,71.53,3.736,3.302
21.0931,67.6,3.736,3.301
21.0958,66.88,3.736,3.302
21.0986,66.15,3.732,3.302
21.1014,72.29,3.736,3.302
21.1042,69.13,3.737,3.302
21.1069,67.08,3.737,3.303
21.1097,72.07,3.734,3.302
21.1125,66.59,3.738,3.302
21.1153,68.53,3.734,3.302
21.1181,68.63,3.734,3.301
21.1208,65.45,3.736,3.302
21.1236,66.27,3.734,3.301
21.1264,65.48,3.734,3.302
21.1292,66.95,3.736,3.302
21.1319,67.23,3.735,3.302
21.1347,67.87,3.734,3.302
21.1375,68.99,3.734,3.302
21.1403,66.05,3.733,3.302
21.1431,68.29,3.738,3.303
21.1458,72.32,3.732,3.301
21.1486,70.07,3.734,3.302
21.1514,68.62,3.734,3.302
21.1542,69.61,3.735,3.302
21.1569,67.15,3.737,3.302
21.1597,70.79,3.735,3.302
21.1625,73.14,3.729,3.3
21.1653,69.75,3.736,3.302
21.1681,72.16,3.731,3.301
21.1708,69.85,3.733,3.302
21.1736,69.0,3.735,3.302
21.1764,68.76,3.732,3.301
21.1792,71.37,3.736,3.302
21.1819,68.65,3.733,3.301
21.1847,71.66,3.733,3.301
21.1875,69.04,3.735,3.301
21.1903,66.82,3.735,3.301
21.1931,66.35,3.734,3.301
21.1958,65.94,3.736,3.302
21.1986,66.32,3.733,3.301
21.2014,68.37,3.735,3.301
21.2042,68.53,3.734,3.301
21.2069,70.48,3.733,3.301
21.2097,68.31,3.737,3.302
21.2125,69.34,3.734,3.301
21.2153,68.12,3.734,3.301
21.2181,68.77,3.732,3.301
21.2208,68.08,3.733,3.3
21.2236,72.63,3.734,3.301
21.2264,66.62,3.734,3.301
21.2292,70.05,3.731,3.301
21.2319,69.01,3.737,3.302
21.2347,68.2,3.732,3.301
21.2375,71.37,3.732,3.301
21.2403,70.6,3.731,3.301
21.2431,72.01,3.732,3.301
21.2458,68.72,3.736,3.302
21.2486,83.3,3.731,3.3
21.2514,69.45,3.735,3.301
21.2542,70.6,3.733,3.301
21.2569,73.85,3.732,3.301
21.2597,69.02,3.732,3.301
21.2625,69.74,3.733,3.301
21.2653,69.0,3.731,3.301
21.2681,72.42,3.731,3.3
21.2708,71.08,3.729,3.3
21.2736,73.29,3.729,3.3
21.2764,69.7,3.735,3.301
21.2792,71.2,3.731,3.3
21.2819,72.51,3.729,3.3
21.2847,71.54,3.732,3.301
21.2875,69.76,3.73,3.3
21.2903,68.84,3.732,3.301
21.2931,68.02,3.73,3.301
21.2958,67.49,3.73,3.3
21.2986,69.1,3.732,3.3
21.3014,70.99,3.731,3.3
21.3042,69.82,3.731,3.301
21.3069,71.03,3.729,3.3
21.3097,71.98,3.727,3.3
21.3125,68.5,3.731,3.301
21.3153,69.33,3.731,3.301
21.3181,69.66,3.731,3.3
21.3208,70.28,3.733,3.301
21.3236,74.13,3.726,3.3
21.3264,67.58,3.732,3.301
21.3292,66.15,3.732,3.301
21.3319,69.95,3.729,3.301
21.3347,70.58,3.73,3.3
21.3375,68.17,3.732,3.301
21.3403,68.39,3.727,3.299
21.3431,69.59,3.733,3.301
21.3458,68.96,3.73,3.301
21.3486,65.24,3.732,3.301
21.3514,71.09,3.731,3.301
21.3542,70.36,3.729,3.3
21.3569,70.35,3.731,3.301
21.3597,66.05,3.733,3.301
21.3625,65.16,3.73,3.301
21.3653,67.01,3.731,3.301
21.3681,67.19,3.729,3.3
21.3708,66.59,3.729,3.301
21.3736,68.56,3.733,3.302
21.3764,67.02,3.73,3.3
21.3792,67.42,3.73,3.301
21.3819,67.63,3.731,3.301
21.3847,70.24,3.728,3.3
21.3875,70.19,3.732,3.301
21.3903,69.82,3.73,3.301
21.3931,67.77,3.729,3.3
21.3958,69.09,3.731,3.301
21.3986,66.1,3.731,3.301
21.4014,69.16,3.729,3.3
21.4042,70.38,3.73,3.301
21.4069,69.43,3.726,3.3
21.4097,66.51,3.732,3.302
21.4125,70.87,3.73,3.301
21.4153,66.32,3.731,3.302
21.4181,72.73,3.729,3.301
21.4208,68.23,3.731,3.301
21.4236,66.31,3.732,3.301
21.4264,70.96,3.724,3.299
21.4292,68.29,3.728,3.3
21.4319,68.56,3.731,3.301
21.4347,67.74,3.728,3.301
21.4375,66.21,3.73,3.301
21.4403,70.96,3.726,3.3
21.4431,67.27,3.73,3.301
21.4458,67.16,3.732,3.301
21.4486,69.04,3.729,3.301
21.4514,69.91,3.726,3.3
21.4542,67.82,3.731,3.301
21.4569,69.95,3.726,3.3
21.4597,68.21,3.731,3.302
21.4625,72.55,3.726,3.3
21.4653,70.74,3.726,3.3
21.4681,70.41,3.727,3.3
21.4708,65.88,3.729,3.301
21.4736,69.45,3.729,3.301
21.4764,71.03,3.727,3.3
21.4792,66.87,3.729,3.301
21.4819,69.65,3.728,3.301
21.4847,70.19,3.729,3.3
21.4875,69.51,3.724,3.3
21.4903,71.83,3.729,3.3
21.4931,70.52,3.727,3.3
21.4958,69.94,3.729,3.302
21.4986,67.18,3.73,3.302
21.5014,67.96,3.725,3.301
21.5042,70.82,3.726,3.301
21.5069,70.9,3.73,3.302
21.5097,68.38,3.729,3.301
21.5125,70.94,3.727,3.301
21.5153,70.79,3.728,3.301
21.5181,70.31,3.728,3.301
21.5208,67.67,3.731,3.302
21.5236,68.85,3.727,3.301
21.5264,82.07,3.724,3.299
21.5292,77.56,3.726,3.3
21.5319,69.29,3.727,3.3
21.5347,72.38,3.726,3.3
21.5375,67.03,3.728,3.301
21.5403,66.8,3.727,3.301
21.5431,64.13,3.732,3.302
21.5458,66.47,3.73,3.301
21.5486,66.35,3.728,3.301
21.5514,69.28,3.73,3.301
21.5542,70.73,3.725,3.3
21.5569,69.13,3.729,3.301
21.5597,67.36,3.726,3.301
21.5625,65.43,3.728,3.301
21.5653,68.2,3.728,3.301
21.5681,68.59,3.728,3.3
21.5708,67.46,3.726,3.3
21.5736,68.68,3.727,3.301
21.5764,67.79,3.727,3.301
21.5792,65.16,3.729,3.302
21.5819,66.73,3.73,3.301
21.5847,69.57,3.727,3.301
21.5875,69.33,3.728,3.301
21.5903,67.01,3.727,3.301
21.5931,67.09,3.729,3.301
21.5958,70.07,3.729,3.301
21.5986,66.81,3.727,3.301
21.6014,67.52,3.726,3.301
21.6042,71.37,3.727,3.301
21.6069,71.1,3.728,3.301
21.6097,67.46,3.727,3.301
21.6125,68.23,3.727,3.3
21.6153,71.35,3.725,3.3
21.6181,74.27,3.726,3.301
21.6208,67.94,3.726,3.301
21.6236,70.22,3.725,3.301
21.6264,70.6,3.725,3.301
21.6292,66.71,3.728,3.301
21.6319,65.36,3.729,3.302
21.6347,67.52,3.726,3.301
21.6375,65.81,3.728,3.302
21.6403,67.46,3.728,3.301
21.6431,67.09,3.728,3.301
21.6458,69.21,3.726,3.301
21.6486,65.26,3.728,3.301
21.6514,66.57,3.725,3.301
21.6542,65.37,3.729,3.302
21.6569,67.8,3.726,3.301
21.6597,68.45,3.725,3.3
21.6625,68.69,3.73,3.302
21.6653,64.93,3.727,3.301
21.6681,68.44,3.725,3.3
21.6708,75.74,3.726,3.3
21.6736,67.37,3.727,3.301
21.6764,71.17,3.726,3.301
21.6792,68.82,3.725,3.3
21.6819,66.47,3.722,3.3
21.6847,70.45,3.724,3.301
21.6875,68.34,3.722,3.301
21.6903,66.5,3.727,3.301
21.6931,65.71,3.725,3.301
21.6958,66.59,3.726,3.301
21.6986,65.38,3.726,3.301
21.7014,70.91,3.725,3.301
21.7042,69.63,3.726,3.301
21.7069,65.11,3.727,3.301
21.7097,68.03,3.727,3.301
21.7125,66.81,3.727,3.301
21.7153,67.93,3.725,3.301
21.7181,69.38,3.724,3.301
21.7208,69.06,3.725,3.301
21.7236,68.46,3.726,3.301
21.7264,67.72,3.728,3.302
21.7292,70.58,3.724,3.3
21.7319,65.41,3.725,3.301
21.7347,70.91,3.728,3.301
21.7375,68.82,3.726,3.301
21.7403,68.47,3.723,3.3
21.7431,69.8,3.725,3.301
21.7458,65.58,3.725,3.301
21.7486,64.05,3.726,3.301
21.7514,68.92,3.722,3.3
21.7542,68.6,3.721,3.3
21.7569,72.32,3.724,3.301
21.7597,70.94,3.723,3.3
21.7625,67.63,3.724,3.3
21.7653,67.82,3.725,3.301
21.7681,71.98,3.722,3.3
21.7708,69.84,3.726,3.301
21.7736,69.72,3.724,3.301
21.7764,69.81,3.721,3.3
21.7792,70.19,3.723,3.3
21.7819,71.4,3.722,3.3
21.7847,69.32,3.724,3.301
21.7875,69.79,3.723,3.301
21.7903,66.24,3.724,3.301
21.7931,66.0,3.723,3.3
21.7958,64.2,3.723,3.301
21.7986,69.64,3.722,3.3
21.8014,69.98,3.726,3.301
21.8042,66.65,3.724,3.301
21.8069,69.31,3.724,3.301
21.8097,67.98,3.724,3.301
21.8125,67.33,3.724,3.301
21.8153,65.52,3.725,3.301
21.8181,66.16,3.723,3.301
21.8208,68.21,3.722,3.301
21.8236,67.06,3.726,3.302
21.8264,65.14,3.724,3.301
21.8292,66.81,3.722,3.301
21.8319,67.65,3.725,3.301
21.8347,67.47,3.724,3.301
21.8375,70.46,3.724,3.3
21.8403,68.68,3.723,3.301
21.8431,64.11,3.724,3.301
21.8458,67.98,3.723,3.301
21.8486,65.65,3.723,3.301
21.8514,67.9,3.725,3.301
21.8542,70.79,3.725,3.301
21.8569,64.69,3.725,3.301
21.8597,64.47,3.723,3.301
21.8625,65.52,3.724,3.301
21.8653,67.55,3.722,3.301
21.8681,67.28,3.721,3.3
21.8708,67.85,3.721,3.301
21.8736,67.31,3.721,3.3
21.8764,65.06,3.724,3.301
21.8792,67.19,3.723,3.301
21.8819,68.2,3.722,3.3
21.8847,69.07,3.72,3.3
21.8875,69.1,3.724,3.301
21.8903,68.59,3.724,3.301
21.8931,66.97,3.722,3.301
21.8958,68.13,3.721,3.3
21.8986,70.5,3.721,3.3
21.9014,71.09,3.72,3.3
21.9042,68.44,3.721,3.301
21.9069,68.57,3.724,3.301
21.9097,64.92,3.724,3.301
21.9125,73.32,3.721,3.3
21.9153,69.24,3.723,3.301
21.9181,68.64,3.72,3.3
21.9208,65.33,3.722,3.301
21.9236,70.61,3.721,3.301
21.9264,69.64,3.721,3.3
21.9292,71.4,3.719,3.3
21.9319,68.09,3.721,3.301
21.9347,66.76,3.72,3.3
21.9375,64.57,3.723,3.301
21.9403,72.35,3.718,3.3
21.9431,76.81,3.716,3.3
21.9458,66.02,3.722,3.301
21.9486,69.21,3.721,3.301
21.9514,67.41,3.719,3.3
21.9542,67.27,3.721,3.301
21.9569,67.69,3.72,3.3
21.9597,65.32,3.72,3.3
21.9625,72.34,3.72,3.301
21.9653,67.41,3.72,3.3
21.9681,65.52,3.722,3.301
21.9708,69.31,3.72,3.3
21.9736,68.51,3.72,3.301
21.9764,67.86,3.718,3.3
21.9792,66.98,3.72,3.3
21.9819,68.55,3.722,3.301
21.9847,68.89,3.719,3.3
21.9875,65.45,3.719,3.3
21.9903,67.61,3.722,3.301
21.9931,63.0,3.722,3.301
21.9958,68.52,3.721,3.301
21.9986,67.62,3.72,3.301
22.0014,68.05,3.718,3.3
22.0042,68.95,3.72,3.301
22.0069,68.22,3.719,3.301
22.0097,65.38,3.722,3.302
22.0125,65.11,3.721,3.302
22.0153,65.95,3.721,3.301
22.0181,69.5,3.722,3.301
22.0208,65.09,3.718,3.301
22.0236,63.44,3.722,3.301
22.0264,63.8,3.721,3.301
22.0292,66.49,3.721,3.301
22.0319,67.62,3.721,3.301
22.0347,68.67,3.718,3.301
22.0375,68.05,3.717,3.301
22.0403,65.89,3.722,3.302
22.0431,65.59,3.719,3.301
22.0458,68.58,3.718,3.301
22.0486,69.74,3.72,3.301
22.0514,68.71,3.717,3.301
22.0542,64.76,3.721,3.301
22.0569,67.21,3.721,3.301
22.0597,67.28,3.72,3.301
22.0625,70.16,3.719,3.301
22.0653,66.82,3.72,3.301
22.0681,66.7,3.719,3.301
22.0708,66.37,3.721,3.302
22.0736,68.3,3.716,3.301
22.0764,70.19,3.72,3.301
22.0792,65.02,3.718,3.301
22.0819,70.09,3.716,3.3
22.0847,70.83,3.72,3.301
22.0875,67.93,3.718,3.301
22.0903,66.05,3.718,3.301
22.0931,62.72,3.719,3.301
22.0958,65.59,3.72,3.301
22.0986,67.51,3.716,3.301
22.1014,68.47,3.715,3.3
22.1042,66.42,3.717,3.301
22.1069,65.58,3.721,3.302
22.1097,66.49,3.719,3.301
22.1125,66.71,3.721,3.302
22.1153,67.64,3.718,3.301
22.1181,67.49,3.714,3.3
22.1208,69.14,3.72,3.302
22.1236,67.29,3.716,3.3
22.1264,69.82,3.716,3.301
22.1292,67.93,3.717,3.301
22.1319,70.47,3.717,3.301
22.1347,68.48,3.718,3.301
22.1375,69.09,3.716,3.301
22.1403,64.6,3.719,3.301
22.1431,67.0,3.719,3.302
22.1458,67.62,3.719,3.301
22.1486,71.23,3.717,3.301
22.1514,70.89,3.715,3.3
22.1542,74.29,3.716,3.301
22.1569,75.78,3.715,3.3
22.1597,74.57,3.712,3.299
22.1625,68.2,3.716,3.301
22.1653,67.54,3.717,3.301
22.1681,70.49,3.716,3.301
22.1708,67.62,3.717,3.301
22.1736,66.3,3.719,3.302
22.1764,68.58,3.716,3.301
22.1792,67.39,3.718,3.302
22.1819,66.03,3.718,3.301
22.1847,68.09,3.717,3.301
22.1875,66.99,3.719,3.301
22.1903,65.35,3.717,3.301
22.1931,67.87,3.716,3.302
22.1958,71.08,3.717,3.301
22.1986,73.03,3.713,3.3
22.2014,67.48,3.719,3.302
22.2042,71.3,3.713,3.3
22.2069,64.8,3.714,3.3
22.2097,66.97,3.715,3.301
22.2125,66.5,3.716,3.301
22.2153,64.08,3.719,3.302
22.2181,69.12,3.714,3.301
22.2208,65.21,3.716,3.301
22.2236,66.59,3.717,3.302
22.2264,65.43,3.716,3.302
22.2292,68.34,3.715,3.301
22.2319,65.82,3.716,3.302
22.2347,67.8,3.717,3.302
22.2375,67.61,3.718,3.302
22.2403,67.92,3.715,3.301
22.2431,64.17,3.717,3.301
22.2458,66.5,3.719,3.302
22.2486,66.03,3.71,3.301
22.2514,65.6,3.715,3.302
22.2542,68.27,3.713,3.301
22.2569,67.95,3.715,3.302
22.2597,70.63,3.715,3.301
22.2625,65.38,3.715,3.302
22.2653,65.03,3.713,3.301
22.2681,65.96,3.716,3.301
22.2708,67.86,3.714,3.301
22.2736,66.73,3.715,3.301
22.2764,67.31,3.715,3.302
22.2792,64.91,3.715,3.301
22.2819,67.13,3.717,3.302
22.2847,74.28,3.712,3.3
22.2875,64.48,3.715,3.302
22.2903,64.7,3.717,3.302
22.2931,65.05,3.714,3.301
22.2958,66.01,3.715,3.302
22.2986,65.36,3.711,3.3
22.3014,68.32,3.712,3.301
22.3042,66.21,3.717,3.302
22.3069,64.82,3.714,3.301
22.3097,63.56,3.714,3.301
22.3125,63.92,3.715,3.301
22.3153,64.25,3.713,3.301
22.3181,66.54,3.715,3.301
22.3208,65.68,3.715,3.302
22.3236,66.12,3.713,3.301
22.3264,66.5,3.714,3.301
22.3292,65.8,3.713,3.301
22.3319,67.9,3.712,3.301
22.3347,66.24,3.715,3.301
22.3375,68.85,3.711,3.301
22.3403,65.33,3.716,3.302
22.3431,66.96,3.713,3.302
22.3458,67.31,3.713,3.301
22.3486,64.62,3.714,3.302
22.3514,67.76,3.713,3.302
22.3542,67.11,3.713,3.302
22.3569,66.12,3.711,3.301
22.3597,64.6,3.713,3.302
22.3625,65.38,3.714,3.302
22.3653,66.43,3.714,3.301
22.3681,72.39,3.711,3.301
22.3708,68.19,3.715,3.301
22.3736,65.87,3.711,3.301
22.3764,67.14,3.714,3.302
22.3792,67.53,3.712,3.301
22.3819,65.98,3.712,3.302
22.3847,69.53,3.713,3.301
22.3875,66.26,3.714,3.302
22.3903,66.88,3.711,3.301
22.3931,68.29,3.713,3.301
22.3958,67.21,3.711,3.301
22.3986,68.85,3.712,3.301
22.4014,69.05,3.712,3.301
22.4042,71.8,3.711,3.301
22.4069,68.75,3.713,3.301
22.4097,67.78,3.713,3.301
22.4125,70.03,3.711,3.301
22.4153,69.86,3.71,3.301
22.4181,72.83,3.711,3.301
22.4208,68.5,3.711,3.301
22.4236,69.52,3.712,3.302
22.4264,68.67,3.711,3.301
22.4292,72.19,3.71,3.301
22.4319,96.02,3.701,3.299
22.4347,96.79,3.705,3.3
22.4375,73.96,3.706,3.3
22.4403,66.77,3.71,3.301
22.4431,68.77,3.712,3.302
22.4458,67.47,3.709,3.301
22.4486,67.65,3.71,3.301
22.4514,67.58,3.71,3.301
22.4542,67.28,3.711,3.301
22.4569,69.37,3.711,3.301
22.4597,70.28,3.71,3.301
22.4625,71.29,3.709,3.3
22.4653,66.65,3.714,3.302
22.4681,71.29,3.71,3.301
22.4708,65.77,3.712,3.302
22.4736,68.36,3.707,3.3
22.4764,68.08,3.709,3.301
22.4792,69.26,3.707,3.3
22.4819,72.79,3.708,3.301
22.4847,69.98,3.71,3.301
22.4875,72.84,3.709,3.301
22.4903,66.58,3.711,3.301
22.4931,68.03,3.711,3.302
22.4958,68.88,3.711,3.301
22.4986,70.73,3.708,3.3
22.5014,68.34,3.711,3.302
22.5042,70.92,3.708,3.301
22.5069,65.29,3.71,3.301
22.5097,68.57,3.71,3.301
22.5125,66.79,3.709,3.301
22.5153,65.05,3.711,3.302
22.5181,68.48,3.71,3.301
22.5208,72.91,3.708,3.301
22.5236,69.79,3.709,3.301
22.5264,66.84,3.707,3.3
22.5292,68.32,3.709,3.301
22.5319,67.74,3.71,3.302
22.5347,68.37,3.705,3.3
22.5375,68.11,3.707,3.301
22.5403,68.27,3.707,3.301
22.5431,67.49,3.709,3.301
22.5458,67.91,3.708,3.301
22.5486,65.99,3.707,3.301
22.5514,70.6,3.71,3.302
22.5542,68.16,3.709,3.302
22.5569,68.0,3.708,3.301
22.5597,67.82,3.709,3.301
22.5625,69.27,3.709,3.301
22.5653,69.81,3.707,3.301
22.5681,69.1,3.708,3.301
22.5708,68.96,3.705,3.3
22.5736,67.29,3.709,3.301
22.5764,69.42,3.708,3.302
22.5792,70.79,3.708,3.302
22.5819,69.57,3.707,3.301
22.5847,71.07,3.705,3.301
22.5875,71.13,3.707,3.301
22.5903,68.1,3.708,3.302
22.5931,67.25,3.706,3.301
22.5958,70.01,3.703,3.3
22.5986,64.95,3.709,3.302
22.6014,70.13,3.705,3.301
22.6042,66.63,3.708,3.302
22.6069,75.87,3.703,3.3
22.6097,74.73,3.706,3.301
22.6125,75.01,3.708,3.302
22.6153,70.75,3.704,3.301
22.6181,66.1,3.705,3.301
22.6208,68.74,3.707,3.301
22.6236,67.91,3.705,3.301
22.6264,66.26,3.709,3.302
22.6292,67.11,3.704,3.301
22.6319,67.15,3.706,3.301
22.6347,68.99,3.708,3.301
22.6375,67.6,3.705,3.3
22.6403,67.51,3.704,3.301
22.6431,64.77,3.705,3.301
22.6458,64.16,3.705,3.301
22.6486,66.12,3.706,3.301
22.6514,68.96,3.704,3.301
22.6542,68.78,3.704,3.301
22.6569,67.07,3.708,3.302
22.6597,65.46,3.704,3.301
22.6625,64.73,3.705,3.301
22.6653,63.52,3.705,3.301
22.6681,69.77,3.703,3.3
22.6708,65.39,3.707,3.301
22.6736,67.89,3.707,3.302
22.6764,71.67,3.704,3.301
22.6792,65.97,3.705,3.301
22.6819,66.74,3.703,3.301
22.6847,67.54,3.703,3.301
22.6875,68.5,3.704,3.301
22.6903,67.14,3.704,3.301
22.6931,66.2,3.704,3.301
22.6958,66.86,3.705,3.301
22.6986,65.84,3.704,3.301
22.7014,64.5,3.707,3.302
22.7042,66.69,3.705,3.301
22.7069,64.86,3.702,3.301
22.7097,66.74,3.705,3.301
22.7125,66.9,3.702,3.301
22.7153,67.26,3.704,3.301
22.7181,69.84,3.704,3.301
22.7208,69.23,3.703,3.301
22.7236,67.85,3.705,3.302
22.7264,65.09,3.704,3.301
22.7292,65.95,3.703,3.301
22.7319,63.59,3.705,3.301
22.7347,69.53,3.704,3.302
22.7375,66.42,3.705,3.301
22.7403,70.07,3.702,3.301
22.7431,67.03,3.702,3.301
22.7458,69.61,3.7,3.3
22.7486,65.33,3.703,3.301
22.7514,68.38,3.702,3.302
22.7542,109.98,3.692,3.298
22.7569,67.25,3.701,3.301
22.7597,67.73,3.704,3.302
22.7625,66.11,3.701,3.301
22.7653,65.31,3.701,3.301
22.7681,67.31,3.704,3.302
22.7708,66.84,3.7,3.301
22.7736,66.19,3.703,3.301
22.7764,67.67,3.701,3.302
22.7792,69.41,3.699,3.301
22.7819,66.16,3.702,3.302
22.7847,69.61,3.7,3.301
22.7875,69.57,3.699,3.3
22.7903,65.23,3.702,3.302
22.7931,68.28,3.701,3.301
22.7958,69.05,3.701,3.302
22.7986,67.13,3.702,3.302
22.8014,67.68,3.698,3.301
22.8042,71.57,3.697,3.3
22.8069,68.34,3.702,3.301
22.8097,65.84,3.7,3.301
22.8125,67.81,3.701,3.301
22.8153,64.5,3.701,3.302
22.8181,69.74,3.701,3.302
22.8208,66.29,3.699,3.301
22.8236,65.32,3.701,3.301
22.8264,67.47,3.699,3.301
22.8292,65.99,3.701,3.302
22.8319,65.15,3.698,3.28
22.8347,67.32,3.7,3.301
22.8375,68.24,3.7,3.301
22.8403,64.76,3.701,3.302
22.8431,67.69,3.699,3.301
22.8458,67.59,3.7,3.301
22.8486,68.26,3.698,3.301
22.8514,67.53,3.7,3.301
22.8542,69.02,3.696,3.3
22.8569,68.59,3.696,3.3
22.8597,73.39,3.697,3.301
22.8625,66.45,3.698,3.301
22.8653,68.3,3.696,3.301
22.8681,65.98,3.699,3.301
22.8708,71.62,3.696,3.301
22.8736,64.15,3.701,3.301
22.8764,66.49,3.696,3.301
22.8792,68.16,3.696,3.3
22.8819,68.55,3.698,3.301
22.8847,68.61,3.695,3.3
22.8875,65.79,3.698,3.302
22.8903,66.56,3.698,3.301
22.8931,67.43,3.696,3.301
22.8958,70.5,3.696,3.301
22.8986,66.8,3.698,3.301
22.9014,70.31,3.694,3.3
22.9042,68.54,3.696,3.3
22.9069,64.68,3.696,3.301
22.9097,67.2,3.697,3.301
22.9125,68.8,3.693,3.3
22.9153,68.29,3.694,3.301
22.9181,66.21,3.696,3.301
22.9208,66.55,3.697,3.302
22.9236,65.83,3.695,3.301
22.9264,67.47,3.697,3.301
22.9292,69.57,3.693,3.301
22.9319,69.7,3.693,3.3
22.9347,68.65,3.696,3.301
22.9375,69.52,3.693,3.301
22.9403,66.87,3.697,3.302
22.9431,65.52,3.694,3.301
22.9458,65.76,3.694,3.301
22.9486,65.88,3.694,3.301
22.9514,67.6,3.695,3.301
22.9542,68.51,3.693,3.3
22.9569,66.29,3.696,3.301
22.9597,67.59,3.694,3.301
22.9625,69.31,3.691,3.3
22.9653,68.56,3.693,3.301
22.9681,67.42,3.692,3.301
22.9708,67.85,3.697,3.302
22.9736,65.24,3.693,3.301
22.9764,67.18,3.694,3.301
22.9792,66.6,3.693,3.301
22.9819,65.56,3.694,3.301
22.9847,68.23,3.695,3.301
22.9875,67.48,3.694,3.302
22.9903,67.82,3.693,3.301
22.9931,63.46,3.693,3.302
22.9958,66.44,3.693,3.302
22.9986,66.51,3.69,3.3
23.0014,67.92,3.691,3.301
23.0042,69.94,3.694,3.302
23.0069,63.39,3.693,3.302
23.0097,69.58,3.692,3.301
23.0125,67.31,3.693,3.302
23.0153,64.15,3.693,3.301
23.0181,69.36,3.693,3.302
23.0208,68.5,3.691,3.301
23.0236,65.57,3.691,3.301
23.0264,67.43,3.691,3.301
23.0292,66.26,3.691,3.302
23.0319,66.0,3.689,3.301
23.0347,68.12,3.691,3.301
23.0375,66.03,3.688,3.3
23.0403,65.26,3.692,3.302
23.0431,65.27,3.69,3.301
23.0458,66.08,3.69,3.3
23.0486,66.31,3.692,3.302
23.0514,69.57,3.688,3.3
23.0542,64.69,3.69,3.301
23.0569,66.43,3.689,3.301
23.0597,64.86,3.689,3.301
23.0625,71.87,3.691,3.302
23.0653,67.5,3.688,3.301
23.0681,67.15,3.69,3.302
23.0708,65.85,3.689,3.301
23.0736,67.5,3.689,3.301
23.0764,64.64,3.689,3.301
23.0792,69.38,3.687,3.301
23.0819,62.9,3.688,3.301
23.0847,67.6,3.69,3.302
23.0875,66.37,3.686,3.3
23.0903,64.93,3.687,3.301
23.0931,65.81,3.69,3.302
23.0958,66.97,3.686,3.301
23.0986,62.9,3.689,3.302
23.1014,67.1,3.685,3.3
23.1042,66.42,3.687,3.301
23.1069,64.81,3.69,3.302
23.1097,65.49,3.687,3.301
23.1125,67.13,3.688,3.301
23.1153,66.41,3.689,3.302
23.1181,67.75,3.685,3.301
23.1208,65.49,3.686,3.302
23.1236,63.87,3.688,3.302
23.1264,65.15,3.685,3.301
23.1292,66.53,3.686,3.302
23.1319,65.07,3.684,3.301
23.1347,66.62,3.686,3.302
23.1375,66.86,3.687,3.302
23.1403,65.71,3.686,3.301
23.1431,64.85,3.686,3.301
23.1458,65.32,3.684,3.301
23.1486,63.43,3.684,3.301
23.1514,64.1,3.686,3.302
23.1542,66.28,3.684,3.301
23.1569,66.2,3.683,3.301
23.1597,65.0,3.685,3.302
23.1625,65.65,3.681,3.3
23.1653,65.06,3.684,3.302
23.1681,68.39,3.684,3.301
23.1708,71.11,3.681,3.301
23.1736,65.54,3.685,3.301
23.1764,64.3,3.681,3.301
23.1792,66.09,3.682,3.301
23.1819,67.4,3.681,3.301
23.1847,64.56,3.68,3.301
23.1875,64.87,3.681,3.301
23.1903,66.1,3.682,3.302
23.1931,63.72,3.682,3.302
23.1958,64.94,3.681,3.301
23.1986,67.16,3.679,3.301
23.2014,67.85,3.681,3.302
23.2042,66.62,3.68,3.301
23.2069,64.01,3.681,3.302
23.2097,64.64,3.681,3.302
23.2125,67.07,3.679,3.301
23.2153,68.15,3.68,3.301
23.2181,70.89,3.678,3.301
23.2208,67.28,3.68,3.302
23.2236,65.36,3.678,3.301
23.2264,66.06,3.679,3.301
23.2292,65.0,3.678,3.301
23.2319,66.56,3.68,3.302
23.2347,67.67,3.679,3.301
23.2375,66.14,3.677,3.301
23.2403,66.39,3.678,3.301
23.2431,66.32,3.678,3.301
23.2458,65.13,3.679,3.302
23.2486,69.52,3.674,3.301
23.2514,68.31,3.677,3.302
23.2542,65.67,3.678,3.302
23.2569,66.91,3.676,3.301
23.2597,69.15,3.675,3.301
23.2625,64.89,3.677,3.301
23.2653,65.9,3.677,3.301
23.2681,69.26,3.675,3.301
23.2708,67.91,3.674,3.301
23.2736,68.24,3.673,3.301
23.2764,65.33,3.676,3.301
23.2792,67.47,3.673,3.301
23.2819,66.09,3.674,3.301
23.2847,70.12,3.672,3.301
23.2875,68.63,3.674,3.301
23.2903,66.31,3.675,3.302
23.2931,70.91,3.669,3.3
23.2958,66.22,3.673,3.301
23.2986,66.52,3.671,3.3
23.3014,66.55,3.672,3.301
23.3042,65.18,3.674,3.302
23.3069,65.68,3.67,3.301
23.3097,63.71,3.671,3.302
23.3125,65.72,3.673,3.302
23.3153,70.02,3.667,3.3
23.3181,66.65,3.672,3.302
23.3208,67.46,3.67,3.301
23.3236,65.19,3.672,3.301
23.3264,68.39,3.668,3.301
23.3292,67.91,3.67,3.301
23.3319,65.17,3.668,3.301
23.3347,68.87,3.671,3.302
23.3375,67.5,3.668,3.301
23.3403,68.68,3.666,3.301
23.3431,68.49,3.667,3.302
23.3458,65.4,3.664,3.301
23.3486,65.88,3.669,3.302
23.3514,66.68,3.666,3.301
23.3542,65.53,3.668,3.302
23.3569,63.53,3.669,3.302
23.3597,68.25,3.663,3.3
23.3625,67.69,3.666,3.301
23.3653,68.75,3.666,3.302
23.3681,67.63,3.662,3.301
23.3708,65.18,3.664,3.301
23.3736,65.75,3.664,3.301
23.3764,69.61,3.664,3.301
23.3792,65.83,3.665,3.302
23.3819,66.93,3.664,3.301
23.3847,65.71,3.663,3.302
23.3875,66.49,3.663,3.302
23.3903,66.77,3.662,3.301
23.3931,66.5,3.663,3.302
23.3958,67.88,3.662,3.302
23.3986,64.11,3.662,3.302
23.4014,67.12,3.663,3.302
23.4042,65.89,3.661,3.302
23.4069,67.19,3.662,3.302
23.4097,69.88,3.659,3.301
23.4125,67.81,3.659,3.301
23.4153,65.51,3.66,3.302
23.4181,68.35,3.658,3.301
23.4208,69.36,3.656,3.301
23.4236,69.1,3.658,3.301
23.4264,69.9,3.655,3.301
23.4292,67.07,3.659,3.302
23.4319,67.06,3.656,3.301
23.4347,68.74,3.656,3.301
23.4375,66.14,3.655,3.3
23.4403,66.59,3.657,3.301
23.4431,68.57,3.656,3.301
23.4458,68.34,3.658,3.302
23.4486,70.34,3.652,3.3
23.4514,67.78,3.655,3.302
23.4542,68.8,3.653,3.301
23.4569,67.74,3.653,3.301
23.4597,69.87,3.654,3.301
23.4625,67.08,3.651,3.301
23.4653,66.4,3.654,3.302
23.4681,70.62,3.653,3.301
23.4708,68.35,3.652,3.301
23.4736,67.51,3.653,3.301
23.4764,66.41,3.651,3.301
23.4792,69.6,3.651,3.301
23.4819,69.11,3.652,3.301
23.4847,70.07,3.648,3.301
23.4875,69.25,3.651,3.301
23.4903,66.12,3.65,3.301
23.4931,68.81,3.649,3.301
23.4958,69.9,3.651,3.302
23.4986,63.05,3.648,3.301
23.5014,68.24,3.648,3.301
23.5042,71.82,3.647,3.3
23.5069,67.86,3.649,3.302
23.5097,69.6,3.646,3.3
23.5125,69.08,3.645,3.3
23.5153,70.59,3.644,3.3
23.5181,67.79,3.645,3.301
23.5208,69.85,3.646,3.301
23.5236,69.05,3.642,3.3
23.5264,70.33,3.644,3.301
23.5292,68.43,3.643,3.301
23.5319,69.19,3.644,3.3
23.5347,67.01,3.645,3.301
23.5375,67.05,3.642,3.301
23.5403,68.69,3.642,3.301
23.5431,66.86,3.64,3.301
23.5458,66.43,3.641,3.301
23.5486,67.57,3.643,3.302
23.5514,67.27,3.642,3.301
23.5542,68.71,3.639,3.3
23.5569,67.23,3.642,3.301
23.5597,65.95,3.641,3.301
23.5625,66.45,3.639,3.301
23.5653,67.13,3.641,3.301
23.5681,69.0,3.637,3.3
23.5708,69.36,3.638,3.301
23.5736,67.51,3.637,3.301
23.5764,72.01,3.634,3.3
23.5792,69.99,3.636,3.301
23.5819,69.26,3.636,3.301
23.5847,67.37,3.637,3.301
23.5875,67.92,3.638,3.302
23.5903,69.27,3.634,3.3
23.5931,70.73,3.634,3.301
23.5958,67.95,3.634,3.301
23.5986,69.23,3.634,3.3
23.6014,65.43,3.637,3.301
23.6042,72.29,3.631,3.3
23.6069,69.06,3.634,3.301
23.6097,66.8,3.633,3.301
23.6125,71.98,3.63,3.301
23.6153,66.64,3.632,3.302
23.6181,66.47,3.633,3.302
23.6208,65.44,3.632,3.301
23.6236,67.77,3.633,3.302
23.6264,67.32,3.63,3.301
23.6292,67.7,3.632,3.301
23.6319,68.25,3.632,3.301
23.6347,68.87,3.631,3.302
23.6375,67.33,3.63,3.302
23.6403,66.71,3.629,3.301
23.6431,67.33,3.627,3.301
23.6458,67.65,3.628,3.301
23.6486,66.66,3.628,3.302
23.6514,69.01,3.626,3.301
23.6542,67.65,3.627,3.302
23.6569,68.75,3.624,3.3
23.6597,70.03,3.628,3.301
23.6625,69.67,3.623,3.3
23.6653,69.55,3.622,3.3
23.6681,68.17,3.624,3.301
23.6708,68.03,3.627,3.302
23.6736,66.89,3.624,3.301
23.6764,65.3,3.623,3.301
23.6792,65.88,3.624,3.302
23.6819,69.45,3.621,3.3
23.6847,69.58,3.623,3.301
23.6875,66.9,3.619,3.3
23.6903,66.5,3.621,3.3
23.6931,67.09,3.624,3.302
23.6958,69.19,3.619,3.3
23.6986,67.45,3.62,3.301
23.7014,65.97,3.621,3.301
23.7042,64.51,3.62,3.301
23.7069,65.33,3.619,3.301
23.7097,66.28,3.619,3.302
23.7125,65.45,3.619,3.301
23.7153,64.39,3.62,3.302
23.7181,72.52,3.615,3.3
23.7208,65.2,3.619,3.301
23.7236,66.5,3.618,3.301
23.7264,65.9,3.617,3.301
23.7292,63.78,3.616,3.301
23.7319,66.64,3.616,3.301
23.7347,68.69,3.614,3.3
23.7375,64.83,3.618,3.302
23.7403,67.23,3.615,3.301
23.7431,66.66,3.614,3.301
23.7458,65.99,3.615,3.301
23.7486,65.73,3.614,3.301
23.7514,66.79,3.614,3.301
23.7542,67.44,3.613,3.301
23.7569,64.18,3.613,3.301
23.7597,66.11,3.611,3.301
23.7625,66.02,3.608,3.3
23.7653,67.22,3.611,3.301
23.7681,70.07,3.611,3.301
23.7708,66.53,3.609,3.301
23.7736,67.82,3.611,3.301
23.7764,67.49,3.61,3.302
23.7792,68.54,3.609,3.301
23.7819,68.68,3.61,3.301
23.7847,65.87,3.608,3.301
23.7875,65.74,3.61,3.301
23.7903,65.08,3.605,3.3
23.7931,67.99,3.606,3.3
23.7958,67.52,3.605,3.301
23.7986,66.17,3.606,3.301
23.8014,66.36,3.605,3.301
23.8042,66.08,3.606,3.301
23.8069,67.31,3.603,3.301
23.8097,65.51,3.606,3.301
23.8125,66.06,3.605,3.301
23.8153,65.51,3.604,3.301
23.8181,67.59,3.603,3.3
23.8208,67.88,3.603,3.301
23.8236,66.18,3.604,3.301
23.8264,63.6,3.601,3.301
23.8292,66.41,3.602,3.301
23.8319,67.27,3.602,3.301
23.8347,72.34,3.599,3.3
23.8375,70.42,3.602,3.301
23.8403,64.69,3.6,3.301
23.8431,68.46,3.602,3.302
23.8458,65.5,3.599,3.301
23.8486,66.58,3.6,3.301
23.8514,69.52,3.597,3.301
23.8542,67.72,3.598,3.301
23.8569,67.57,3.598,3.302
23.8597,67.64,3.596,3.301
23.8625,66.72,3.595,3.301
23.8653,66.74,3.599,3.302
23.8681,69.15,3.593,3.301
23.8708,63.54,3.597,3.302
23.8736,65.68,3.595,3.301
23.8764,68.12,3.592,3.301
23.8792,69.91,3.596,3.301
23.8819,66.51,3.594,3.302
23.8847,67.61,3.591,3.3
23.8875,67.21,3.593,3.301
23.8903,67.15,3.592,3.301
23.8931,68.4,3.591,3.301
23.8958,66.59,3.591,3.301
23.8986,67.32,3.59,3.301
23.9014,67.58,3.591,3.301
23.9042,68.76,3.586,3.3
23.9069,66.33,3.59,3.301
23.9097,67.41,3.59,3.301
23.9125,68.55,3.588,3.301
23.9153,65.32,3.589,3.301
23.9181,67.78,3.588,3.301
23.9208,65.93,3.586,3.301
23.9236,70.24,3.585,3.301
23.9264,66.99,3.587,3.302
23.9292,65.83,3.585,3.302
23.9319,65.07,3.588,3.302
23.9347,71.31,3.582,3.3
23.9375,66.28,3.586,3.302
23.9403,69.04,3.586,3.302
23.9431,69.81,3.582,3.301
23.9458,68.71,3.583,3.301
23.9486,66.38,3.581,3.301
23.9514,66.03,3.58,3.3
23.9542,66.98,3.582,3.301
23.9569,70.33,3.579,3.301
23.9597,67.33,3.579,3.302
23.9625,68.12,3.58,3.301
23.9653,66.9,3.578,3.301
23.9681,68.34,3.579,3.301
23.9708,68.89,3.574,3.3
23.9736,67.78,3.578,3.301
23.9764,67.7,3.579,3.301
23.9792,71.57,3.576,3.301
23.9819,66.34,3.577,3.301
23.9847,66.8,3.577,3.302
23.9875,67.63,3.574,3.301
23.9903,69.77,3.572,3.3
23.9931,65.85,3.576,3.301
23.9958,65.34,3.573,3.301
23.9986,68.46,3.574,3.301
24.0014,70.17,3.571,3.301
24.0042,68.09,3.573,3.301
24.0069,67.95,3.573,3.3
24.0097,65.98,3.57,3.3
24.0125,67.19,3.574,3.302
24.0153,66.4,3.571,3.301
24.0181,66.89,3.571,3.301
24.0208,66.87,3.571,3.301
24.0236,68.61,3.571,3.301
24.0264,70.64,3.569,3.301
24.0292,68.14,3.568,3.301
24.0319,68.59,3.564,3.3
24.0347,68.38,3.567,3.302
24.0375,68.34,3.567,3.301
24.0403,67.36,3.568,3.302
24.0431,66.03,3.567,3.301
24.0458,67.58,3.566,3.302
24.0486,67.29,3.566,3.302
24.0514,72.62,3.563,3.301
24.0542,68.94,3.564,3.301
24.0569,68.53,3.565,3.302
24.0597,70.22,3.561,3.301
24.0625,66.92,3.565,3.302
24.0653,67.86,3.563,3.301
24.0681,67.98,3.561,3.301
24.0708,70.43,3.563,3.302
24.0736,73.12,3.558,3.3
24.0764,80.97,3.554,3.299
24.0792,84.88,3.554,3.299
24.0819,75.36,3.559,3.301
24.0847,66.59,3.559,3.301
24.0875,65.53,3.556,3.301
24.0903,65.5,3.557,3.301
24.0931,67.48,3.558,3.302
24.0958,67.1,3.556,3.301
24.0986,66.55,3.554,3.301
24.1014,66.85,3.557,3.302
24.1042,69.77,3.554,3.3
24.1069,71.23,3.554,3.301
24.1097,65.63,3.552,3.301
24.1125,68.47,3.553,3.301
24.1153,66.53,3.552,3.301
24.1181,67.85,3.55,3.301
24.1208,66.94,3.552,3.301
24.1236,70.22,3.55,3.301
24.1264,67.34,3.549,3.301
24.1292,66.3,3.55,3.301
24.1319,66.16,3.548,3.3
24.1347,66.55,3.548,3.3
24.1375,69.7,3.548,3.301
24.1403,71.7,3.548,3.301
24.1431,70.0,3.546,3.301
24.1458,69.85,3.547,3.301
24.1486,66.19,3.544,3.301
24.1514,69.09,3.545,3.301
24.1542,70.01,3.545,3.301
24.1569,66.21,3.546,3.301
24.1597,68.01,3.544,3.301
24.1625,66.32,3.543,3.301
24.1653,67.12,3.543,3.301
24.1681,71.51,3.544,3.301
24.1708,71.21,3.543,3.301
24.1736,68.41,3.542,3.301
24.1764,67.92,3.539,3.3
24.1792,69.43,3.535,3.267
24.1819,66.46,3.539,3.301
24.1847,69.98,3.539,3.301
24.1875,68.6,3.542,3.302
24.1903,66.39,3.538,3.301
24.1931,67.93,3.538,3.301
24.1958,64.01,3.538,3.301
24.1986,68.97,3.536,3.3
24.2014,68.79,3.537,3.301
24.2042,67.24,3.533,3.3
24.2069,67.66,3.533,3.3
24.2097,70.47,3.534,3.301
24.2125,66.5,3.532,3.301
24.2153,69.08,3.532,3.301
24.2181,68.59,3.531,3.301
24.2208,69.59,3.53,3.3
24.2236,69.85,3.532,3.301
24.2264,67.9,3.528,3.3
24.2292,67.89,3.53,3.3
24.2319,66.91,3.531,3.301
24.2347,66.8,3.531,3.301
24.2375,67.95,3.529,3.301
24.2403,65.41,3.529,3.301
24.2431,65.9,3.52,3.264
24.2458,67.34,3.527,3.301
24.2486,69.85,3.526,3.301
24.2514,69.75,3.527,3.301
24.2542,70.38,3.525,3.3
24.2569,78.59,3.522,3.3
24.2597,66.09,3.526,3.301
24.2625,70.02,3.523,3.301
24.2653,68.71,3.521,3.299
24.2681,69.27,3.524,3.302
24.2708,68.63,3.52,3.3
24.2736,69.31,3.519,3.3
24.2764,69.62,3.52,3.301
24.2792,67.46,3.517,3.3
24.2819,68.67,3.522,3.302
24.2847,68.36,3.52,3.301
24.2875,66.42,3.518,3.301
24.2903,67.44,3.521,3.301
24.2931,70.1,3.518,3.301
24.2958,67.6,3.517,3.3
24.2986,67.31,3.517,3.301
24.3014,67.8,3.515,3.3
24.3042,67.25,3.516,3.301
24.3069,66.92,3.515,3.301
24.3097,66.79,3.511,3.298
24.3125,65.86,3.515,3.301
24.3153,69.22,3.511,3.3
24.3181,67.34,3.512,3.302
24.3208,66.19,3.511,3.3
24.3236,71.57,3.508,3.299
24.3264,66.48,3.512,3.301
24.3292,70.67,3.506,3.298
24.3319,69.02,3.509,3.301
24.3347,69.34,3.508,3.301
24.3375,68.25,3.507,3.301
24.3403,69.7,3.506,3.301
24.3431,64.58,3.508,3.301
24.3458,65.94,3.506,3.301
24.3486,68.26,3.503,3.3
24.3514,70.65,3.503,3.3
24.3542,68.3,3.503,3.301
24.3569,67.62,3.504,3.301
24.3597,68.73,3.502,3.301
24.3625,67.29,3.503,3.301
24.3653,67.28,3.502,3.302
24.3681,68.72,3.499,3.301
24.3708,67.5,3.5,3.301
24.3736,69.38,3.499,3.298
24.3764,65.6,3.498,3.298
24.3792,69.76,3.502,3.302
24.3819,68.21,3.499,3.301
24.3847,67.5,3.497,3.301
24.3875,65.78,3.498,3.301
24.3903,67.58,3.497,3.301
24.3931,64.32,3.498,3.301
24.3958,69.53,3.493,3.3
24.3986,70.17,3.494,3.301
24.4014,68.89,3.491,3.3
24.4042,69.49,3.493,3.301
24.4069,66.39,3.493,3.297
24.4097,66.96,3.493,3.301
24.4125,69.25,3.489,3.296
24.4153,65.72,3.491,3.301
24.4181,71.13,3.485,3.282
24.4208,68.67,3.49,3.3
24.4236,66.73,3.488,3.299
24.4264,67.25,3.486,3.3
24.4292,68.21,3.488,3.301
24.4319,66.01,3.486,3.301
24.4347,66.41,3.485,3.3
24.4375,68.4,3.486,3.301
24.4403,68.21,3.483,3.299
24.4431,67.67,3.484,3.296
24.4458,67.19,3.484,3.3
24.4486,70.07,3.481,3.292
24.4514,69.82,3.481,3.299
24.4542,68.77,3.479,3.296
24.4569,67.16,3.477,3.294
24.4597,70.66,3.482,3.302
24.4625,70.3,3.476,3.296
24.4653,71.69,3.473,3.294
24.4681,69.9,3.475,3.297
24.4708,70.42,3.476,3.3
24.4736,68.19,3.476,3.297
24.4764,71.39,3.476,3.299
24.4792,69.59,3.475,3.297
24.4819,68.0,3.477,3.302
24.4847,68.84,3.472,3.288
24.4875,67.42,3.472,3.294
24.4903,67.01,3.473,3.297
24.4931,69.12,3.472,3.299
24.4958,68.28,3.47,3.299
24.4986,67.88,3.468,3.294
24.5014,69.39,3.469,3.299
24.5042,67.14,3.47,3.299
24.5069,68.4,3.466,3.297
24.5097,66.35,3.468,3.296
24.5125,66.57,3.47,3.302
24.5153,68.84,3.468,3.296
24.5181,68.97,3.465,3.296
24.5208,68.82,3.463,3.292
24.5236,70.5,3.464,3.298
24.5264,70.01,3.464,3.299
24.5292,70.38,3.462,3.301
24.5319,67.09,3.461,3.295
24.5347,71.3,3.46,3.292
24.5375,70.07,3.46,3.299
24.5403,68.75,3.459,3.295
24.5431,71.66,3.458,3.298
24.5458,68.8,3.458,3.295
24.5486,64.49,3.459,3.302
24.5514,71.22,3.456,3.295
24.5542,66.04,3.455,3.293
24.5569,67.94,3.457,3.3
24.5597,67.47,3.453,3.259
24.5625,68.42,3.455,3.298
24.5653,67.76,3.451,3.294
24.5681,68.99,3.451,3.298
24.5708,68.75,3.452,3.293
24.5736,72.19,3.449,3.292
24.5764,70.15,3.45,3.293
24.5792,69.81,3.448,3.29
24.5819,67.14,3.448,3.294
24.5847,69.58,3.449,3.302
24.5875,67.4,3.448,3.294
24.5903,71.61,3.445,3.294
24.5931,68.52,3.446,3.297
24.5958,68.69,3.446,3.301
24.5986,69.5,3.445,3.296
24.6014,69.18,3.445,3.296
24.6042,69.2,3.441,3.287
24.6069,67.05,3.445,3.297
24.6097,68.22,3.443,3.301
24.6125,71.96,3.44,3.296
24.6153,68.97,3.44,3.295
24.6181,69.46,3.436,3.285
24.6208,69.25,3.438,3.292
24.6236,66.18,3.438,3.297
24.6264,68.81,3.438,3.297
24.6292,68.07,3.438,3.297
24.6319,67.64,3.433,3.279
24.6347,66.18,3.435,3.301
24.6375,69.91,3.434,3.296
24.6403,68.32,3.433,3.301
24.6431,69.72,3.432,3.29
24.6458,67.71,3.433,3.296
24.6486,67.04,3.432,3.301
24.6514,69.49,3.43,3.289
24.6542,68.68,3.429,3.293
24.6569,69.02,3.43,3.295
24.6597,69.43,3.427,3.287
24.6625,68.61,3.427,3.298
24.6653,68.19,3.425,3.291
24.6681,69.46,3.425,3.294
24.6708,69.7,3.423,3.295
24.6736,66.94,3.425,3.3
24.6764,66.77,3.425,3.301
24.6792,71.38,3.42,3.283
24.6819,69.35,3.421,3.287
24.6847,70.96,3.421,3.293
24.6875,71.77,3.416,3.267
24.6903,66.5,3.421,3.294
24.6931,65.7,3.419,3.293
24.6958,68.81,3.416,3.283
24.6986,69.0,3.417,3.286
24.7014,68.58,3.415,3.293
24.7042,71.48,3.417,3.293
24.7069,68.29,3.416,3.298
24.7097,71.34,3.412,3.282
24.7125,66.91,3.416,3.301
24.7153,68.38,3.41,3.277
24.7181,67.22,3.411,3.286
24.7208,69.15,3.41,3.283
24.7236,66.03,3.41,3.284
24.7264,67.3,3.409,3.281
24.7292,66.8,3.409,3.287
24.7319,71.02,3.406,3.277
24.7347,69.62,3.406,3.281
24.7375,74.82,3.404,3.271
24.7403,69.07,3.404,3.283
24.7431,66.02,3.405,3.29
24.7458,68.57,3.402,3.285
24.7486,66.0,3.404,3.285
24.7514,67.72,3.398,3.256
24.7542,70.8,3.4,3.276
24.7569,65.45,3.402,3.29
24.7597,67.45,3.397,3.278
24.7625,68.51,3.396,3.276
24.7653,67.38,3.399,3.297
24.7681,69.83,3.396,3.282
24.7708,67.94,3.394,3.27
24.7736,69.05,3.392,3.265
24.7764,64.87,3.393,3.28
24.7792,67.31,3.396,3.285
24.7819,68.27,3.393,3.288
24.7847,71.38,3.39,3.263
24.7875,70.06,3.391,3.276
24.7903,66.85,3.388,3.268
24.7931,67.2,3.389,3.279
24.7958,66.03,3.389,3.281
24.7986,65.19,3.385,3.274
24.8014,68.46,3.387,3.273
24.8042,69.45,3.383,3.251
24.8069,69.07,3.383,3.26
24.8097,66.07,3.386,3.278
24.8125,67.5,3.384,3.284
24.8153,69.35,3.381,3.277
24.8181,68.9,3.381,3.271
24.8208,69.74,3.38,3.273
24.8236,68.82,3.381,3.295
24.8264,65.68,3.38,3.28
24.8292,67.45,3.378,3.279
24.8319,68.52,3.377,3.281
24.8347,70.74,3.373,3.258
24.8375,70.74,3.375,3.285
24.8403,68.74,3.373,3.26
24.8431,65.99,3.374,3.275
24.8458,67.64,3.374,3.276
24.8486,65.6,3.372,3.274
24.8514,69.63,3.371,3.271
24.8542,67.24,3.371,3.282
24.8569,68.49,3.367,3.267
24.8597,69.44,3.367,3.277
24.8625,66.41,3.368,3.273
24.8653,72.52,3.361,3.236
24.8681,67.58,3.367,3.279
24.8708,67.86,3.366,3.27
24.8736,67.43,3.365,3.277
24.8764,67.4,3.363,3.25
24.8792,67.54,3.362,3.272
24.8819,68.6,3.362,3.264
24.8847,69.48,3.358,3.25
24.8875,68.57,3.358,3.267
24.8903,74.88,3.357,3.257
24.8931,67.29,3.354,3.244
24.8958,68.34,3.356,3.26
24.8986,66.38,3.355,3.251
24.9014,69.11,3.355,3.254
24.9042,67.5,3.35,3.242
24.9069,69.51,3.35,3.231
24.9097,65.53,3.352,3.263
24.9125,67.22,3.351,3.258
24.9153,67.14,3.349,3.24
24.9181,71.74,3.347,3.236
24.9208,65.89,3.347,3.244
24.9236,88.3,3.339,3.192
24.9264,112.59,3.338,3.203
24.9292,118.39,3.329,3.152
24.9319,107.04,3.329,3.159
24.9347,104.74,3.327,3.155
24.9375,114.89,3.323,3.127
24.9403,111.15,3.323,3.148
24.9431,118.02,3.317,3.123
24.9458,116.13,3.316,3.139
24.9486,116.63,3.318,3.154
24.9514,110.07,3.314,3.14
24.9542,115.67,3.313,3.149
24.9569,116.93,3.308,3.115
24.9597,120.02,3.306,3.123
24.9625,118.4,3.304,3.124
24.9653,119.07,3.3,3.103
24.9681,116.48,3.299,3.108
24.9708,118.96,3.296,3.112
24.9736,120.12,3.295,3.114
24.9764,112.76,3.296,3.131
24.9792,118.04,3.291,3.102
24.9819,116.48,3.287,3.095
24.9847,111.94,3.284,3.082
24.9875,105.74,3.287,3.105
24.9903,115.56,3.285,3.11
24.9931,121.77,3.279,3.086
24.9958,116.39,3.276,3.084
24.9986,117.37,3.277,3.1
25.0014,119.87,3.271,3.075
25.0042,121.47,3.27,3.091
25.0069,124.01,3.268,3.083
25.0097,119.81,3.266,3.082
25.0125,117.94,3.263,3.076
25.0153,114.8,3.259,3.068
25.0181,116.3,3.257,3.062
25.0208,117.73,3.259,3.093
25.0236,115.74,3.253,3.063
25.0264,118.2,3.252,3.077
25.0292,115.16,3.251,3.073
25.0319,117.65,3.246,3.051
25.0347,115.01,3.245,3.067
25.0375,114.15,3.241,3.048
25.0403,114.33,3.242,3.075
25.0431,117.33,3.235,3.041
25.0458,112.69,3.239,3.083
25.0486,117.56,3.232,3.047
25.0514,115.29,3.227,3.037
25.0542,119.12,3.227,3.04
25.0569,110.34,3.23,3.084
25.0597,119.82,3.22,3.019
25.0625,116.41,3.219,3.044
25.0653,117.6,3.215,3.022
25.0681,106.56,3.216,3.053
25.0708,111.21,3.214,3.052
25.0736,116.87,3.207,3.009
25.0764,118.02,3.208,3.03
25.0792,119.77,3.202,3.015
25.0819,120.3,3.199,3.017
25.0847,118.57,3.195,2.999
25.0875,115.02,3.194,3.006
25.0903,117.63,3.19,3.01
25.0931,112.77,3.191,3.019
25.0958,114.95,3.184,2.995
25.0986,112.83,3.182,3.004
25.1014,117.9,3.177,2.98
25.1042,117.01,3.178,3.016
25.1069,116.22,3.171,2.974
25.1097,117.18,3.17,2.987
25.1125,116.91,3.167,2.989
25.1153,117.55,3.162,2.974
25.1181,115.08,3.161,2.982
25.1208,118.34,3.155,2.961
25.1236,115.44,3.151,2.962
25.1264,117.07,3.152,2.98
25.1292,119.44,3.144,2.955
25.1319,108.65,3.144,2.985
25.1347,93.81,3.144,2.989
25.1375,97.14,3.14,2.983
25.1403,74.76,3.145,3.027
25.1431,69.26,3.142,3.026
25.1458,68.24,3.144,3.052
25.1486,65.21,3.144,3.031
25.1514,67.44,3.141,3.036
25.1542,67.15,3.142,3.037
25.1569,64.43,3.138,3.044
25.1597,63.3,3.138,3.044
25.1625,64.11,3.135,3.028
25.1653,65.45,3.134,3.036
25.1681,71.71,3.133,3.037
25.1708,68.01,3.126,3.003
25.1736,68.59,3.126,3.018
25.1764,65.97,3.128,3.035
25.1792,64.99,3.125,3.018
25.1819,69.62,3.123,3.027
25.1847,65.66,3.121,3.018
25.1875,66.18,3.115,2.997
25.1903,66.7,3.119,3.02
25.1931,65.55,3.113,3.009
25.1958,66.76,3.11,2.994
25.1986,65.44,3.11,3.011
25.2014,67.37,3.107,3.013
25.2042,67.05,3.106,3.008
25.2069,65.37,3.104,3.008
25.2097,64.97,3.102,3.005
25.2125,64.1,3.102,3.015
25.2153,66.83,3.094,2.968
25.2181,66.56,3.094,2.994
25.2208,66.76,3.092,2.997
25.2236,66.42,3.089,2.994
25.2264,64.94,3.087,2.992
25.2292,65.38,3.084,2.983
25.2319,66.41,3.083,2.979
25.2347,67.61,3.079,2.966
25.2375,64.15,3.079,2.982
25.2403,65.01,3.075,2.973
25.2431,64.78,3.073,2.968
25.2458,66.31,3.069,2.954
25.2486,67.08,3.068,2.988
25.2514,68.27,3.064,2.951
25.2542,66.94,3.063,2.966
25.2569,66.71,3.061,2.963
25.2597,66.67,3.053,2.923
25.2625,64.92,3.055,2.97
25.2653,66.37,3.052,2.95
25.2681,67.42,3.047,2.929
25.2708,68.44,3.047,2.961
25.2736,64.93,3.044,2.944
25.2764,66.0,3.041,2.942
25.2792,65.07,3.038,2.947
25.2819,65.15,3.036,2.936
25.2847,66.37,3.031,2.922
25.2875,66.63,3.028,2.919
25.2903,65.15,3.025,2.918
25.2931,65.27,3.024,2.928
25.2958,64.45,3.022,2.928
25.2986,66.4,3.018,2.902
25.3014,65.27,3.017,2.932
25.3042,64.15,3.013,2.9
25.3069,66.42,3.009,2.894
25.3097,65.95,3.009,2.907
25.3125,64.43,3.005,2.907
25.3153,64.69,3.003,2.915
25.3181,67.92,2.998,2.895
25.3208,65.3,2.997,2.906
25.3236,65.48,2.994,2.903
25.3264,64.94,2.991,2.896
25.3292,66.22,2.987,2.882
25.3319,62.95,2.986,2.899
25.3347,66.34,2.982,2.878
25.3375,64.24,2.98,2.896
25.3403,66.58,2.973,2.859
25.3431,66.96,2.972,2.866
25.3458,66.96,2.968,2.855
25.3486,65.3,2.964,2.839
25.3514,64.9,2.965,2.873
25.3542,66.62,2.962,2.87
25.3569,64.79,2.958,2.865
25.3597,65.41,2.955,2.861
25.3625,65.74,2.951,2.848
25.3653,65.46,2.949,2.838
25.3681,66.36,2.947,2.867
25.3708,63.88,2.942,2.835
25.3736,65.3,2.941,2.844
25.3764,65.41,2.936,2.831
25.3792,64.58,2.932,2.833
25.3819,66.67,2.931,2.832
25.3847,65.88,2.927,2.822
25.3875,65.87,2.923,2.817
25.3903,68.95,2.923,2.832
25.3931,74.29,2.914,2.785
25.3958,91.91,2.904,2.761
25.3986,91.13,2.897,2.756
25.4014,91.25,2.89,2.742
25.4042,91.19,2.884,2.73
25.4069,91.94,2.877,2.714
25.4097,91.52,2.874,2.731
25.4125,91.14,2.867,2.715
25.4153,91.22,2.862,2.716
25.4181,91.74,2.854,2.694
25.4208,91.86,2.851,2.702
25.4236,91.03,2.846,2.696
25.4264,91.14,2.841,2.691
25.4292,91.16,2.835,2.675
25.4319,91.81,2.829,2.664
25.4347,91.19,2.826,2.68
25.4375,90.99,2.819,2.656
25.4403,90.95,2.815,2.661
25.4431,91.48,2.809,2.648
25.4458,91.33,2.805,2.655
25.4486,90.95,2.799,2.643
25.4514,91.01,2.795,2.646
25.4542,91.51,2.788,2.623
25.4569,91.91,2.784,2.63
25.4597,91.09,2.779,2.627
25.4625,91.42,2.774,2.617
25.4653,91.4,2.768,2.596
25.4681,92.04,2.763,2.602
25.4708,91.36,2.76,2.61
25.4736,91.4,2.753,2.591
25.4764,91.1,2.748,2.584
25.4792,91.7,2.743,2.575
25.4819,91.58,2.74,2.588
25.4847,91.09,2.734,2.572
25.4875,91.26,2.73,2.574
25.4903,91.77,2.723,2.547
25.4931,91.92,2.72,2.56
25.4958,91.26,2.715,2.553
25.4986,91.25,2.71,2.549
25.5014,91.25,2.704,2.523
25.5042,91.88,2.7,2.532
25.5069,91.23,2.697,2.539
25.5097,84.24,2.694,2.543
25.5125,86.0,2.691,2.536
25.5153,80.59,2.69,2.536
25.5181,81.72,2.689,2.548
25.5208,79.8,2.686,2.54
25.5236,80.91,2.681,2.532
25.5264,81.65,2.678,2.519
25.5292,79.89,2.675,2.531
25.5319,77.33,2.675,2.543
25.5347,73.64,2.673,2.529
25.5375,72.72,2.671,2.53
25.5403,73.56,2.669,2.533
25.5431,73.02,2.667,2.536
25.5458,73.66,2.664,2.526
25.5486,72.98,2.662,2.53
25.5514,73.17,2.659,2.521
25.5542,72.53,2.657,2.526
25.5569,67.78,2.657,2.528
25.5597,73.19,2.651,2.507
25.5625,68.15,2.65,2.511
25.5653,67.02,2.651,2.522
25.5681,65.67,2.649,2.525
25.5708,62.15,2.649,2.519
25.5736,61.98,2.649,2.522
25.5764,67.95,2.644,2.51
25.5792,67.19,2.643,2.531
25.5819,67.04,2.64,2.52
25.5847,67.43,2.637,2.504
25.5875,67.63,2.635,2.504
25.5903,67.16,2.634,2.518
25.5931,67.12,2.63,2.502
25.5958,68.11,2.628,2.498
25.5986,70.05,2.624,2.494
25.6014,70.91,2.62,2.487
25.6042,70.78,2.617,2.487
25.6069,70.69,2.613,2.47
25.6097,70.62,2.611,2.474
25.6125,70.59,2.609,2.478
25.6153,70.65,2.605,2.468
25.6181,70.4,2.603,2.472
25.6208,70.54,2.601,2.462
25.6236,69.22,2.598,2.463
25.6264,45.12,2.611,2.482
25.6292,44.77,2.616,2.477
25.6319,44.76,2.62,2.499
25.6347,44.32,2.623,2.513
25.6375,43.77,2.624,2.51
25.6403,44.56,2.624,2.512
25.6431,44.78,2.624,2.514
25.6458,44.42,2.624,2.511
25.6486,43.69,2.623,2.511
25.6514,43.44,2.622,2.508
25.6542,43.99,2.619,2.5
25.6569,43.81,2.62,2.505
25.6597,43.41,2.619,2.504
25.6625,43.4,2.617,2.499
25.6653,44.25,2.614,2.498
25.6681,44.31,2.615,2.477
25.6708,44.68,2.611,2.484
25.6736,44.39,2.613,2.501
25.6764,43.31,2.612,2.498
25.6792,43.69,2.609,2.491
25.6819,43.59,2.608,2.488
25.6847,43.46,2.607,2.489
25.6875,43.74,2.603,2.476
25.6903,44.01,2.603,2.481
25.6931,43.13,2.602,2.485
25.6958,42.86,2.6,2.477
25.6986,43.3,2.597,2.472
25.7014,42.87,2.597,2.481
25.7042,43.0,2.595,2.477
25.7069,43.48,2.593,2.471
25.7097,43.67,2.592,2.471
25.7125,48.39,2.585,2.439
25.7153,48.64,2.581,2.428
25.7181,48.56,2.577,2.411
25.7208,46.52,2.576,2.434
25.7236,44.76,2.576,2.441
25.7264,42.85,2.576,2.445
25.7292,42.14,2.575,2.425
25.7319,40.35,2.577,2.443
25.7347,40.1,2.575,2.452
25.7375,39.22,2.578,2.489
25.7403,38.54,2.575,2.444
25.7431,38.04,2.576,2.445
25.7458,37.36,2.576,2.468
25.7486,36.65,2.575,2.486
25.7514,36.18,2.578,2.492
25.7542,35.54,2.578,2.488
25.7569,34.66,2.578,2.471
25.7597,34.44,2.576,2.467
25.7625,33.94,2.575,2.47
25.7653,33.27,2.578,2.488
25.7681,33.21,2.577,2.475
25.7708,32.74,2.579,2.479
25.7736,32.28,2.578,2.476
25.7764,32.11,2.576,2.488
25.7792,31.55,2.577,2.49
25.7819,31.24,2.578,2.488
25.7847,30.8,2.578,2.474
25.7875,30.68,2.577,2.49
25.7903,29.98,2.577,2.463
25.7931,29.53,2.578,2.466
25.7958,29.32,2.576,2.481
25.7986,29.03,2.575,2.487
25.8014,29.11,2.577,2.513
25.8042,28.47,2.577,2.457
25.8069,28.46,2.577,2.498
25.8097,28.06,2.577,2.502
25.8125,27.66,2.577,2.505
25.8153,27.66,2.577,2.5
25.8181,27.19,2.576,2.491
25.8208,27.0,2.576,2.479
25.8236,26.79,2.577,2.481
25.8264,26.14,2.576,2.52
25.8292,25.85,2.576,2.499
25.8319,25.56,2.575,2.485
25.8347,25.67,2.575,2.478
25.8375,25.29,2.577,2.496
25.8403,25.16,2.576,2.469
25.8431,24.88,2.577,2.487
25.8458,24.72,2.577,2.504
25.8486,24.4,2.576,2.502
25.8514,24.34,2.576,2.505
25.8542,24.06,2.577,2.486
25.8569,24.04,2.577,2.498
25.8597,23.71,2.576,2.5
25.8625,23.77,2.575,2.519
25.8653,23.48,2.576,2.503
25.8681,23.4,2.574,2.511
25.8708,23.18,2.576,2.487
25.8736,23.06,2.574,2.485
25.8764,22.92,2.575,2.5
25.8792,22.83,2.576,2.502
25.8819,22.58,2.575,2.503
25.8847,22.45,2.576,2.5
25.8875,22.58,2.575,2.496
25.8903,22.28,2.575,2.507
25.8931,22.2,2.574,2.502
25.8958,22.12,2.574,2.509
25.8986,22.06,2.573,2.493
25.9014,21.99,2.573,2.506
25.9042,21.91,2.573,2.497
25.9069,21.9,2.572,2.5
25.9097,21.87,2.572,2.485
25.9125,21.86,2.571,2.51
25.9153,21.8,2.571,2.507
25.9181,21.79,2.57,2.512
25.9208,21.71,2.571,2.501
25.9236,21.63,2.57,2.488
25.9264,21.52,2.57,2.486
25.9292,21.48,2.57,2.499
25.9319,21.3,2.568,2.508
25.9347,21.2,2.568,2.495
25.9375,21.11,2.568,2.508
25.9403,21.04,2.567,2.509
25.9431,20.94,2.567,2.491
25.9458,20.83,2.567,2.506
25.9486,20.67,2.566,2.503
25.9514,20.61,2.566,2.501
25.9542,20.57,2.565,2.491
25.9569,20.53,2.565,2.493
25.9597,20.34,2.565,2.486
25.9625,20.29,2.565,2.501
25.9653,20.23,2.564,2.503
25.9681,20.2,2.565,2.505
25.9708,20.1,2.564,2.491
25.9736,20.06,2.563,2.483
25.9764,20.02,2.563,2.504
25.9792,19.96,2.562,2.501
25.9819,19.86,2.562,2.492
25.9847,19.87,2.561,2.498
25.9875,19.83,2.561,2.498
25.9903,19.83,2.561,2.492
25.9931,19.81,2.561,2.5
25.9958,19.8,2.559,2.495
25.9986,19.8,2.56,2.498
26.0014,19.77,2.558,2.499
26.0042,19.79,2.559,2.485
26.0069,19.79,2.557,2.5
26.0097,19.79,2.557,2.485
26.0125,19.79,2.557,2.488
26.0153,19.79,2.556,2.495
26.0181,19.78,2.556,2.488
26.0208,19.79,2.553,2.492
26.0236,19.78,2.554,2.495
26.0264,19.77,2.554,2.485
26.0292,19.75,2.552,2.493
26.0319,19.72,2.553,2.49
26.0347,19.64,2.552,2.485
26.0375,19.62,2.551,2.487
26.0403,19.5,2.55,2.489
26.0431,19.5,2.55,2.483
26.0458,19.43,2.55,2.489
26.0486,19.37,2.549,2.486
26.0514,19.32,2.548,2.485
26.0542,19.26,2.549,2.486
26.0569,19.23,2.548,2.483
26.0597,19.2,2.548,2.487
26.0625,19.19,2.547,2.482
26.0653,19.16,2.547,2.486
26.0681,19.14,2.546,2.486
26.0708,19.15,2.546,2.486
26.0736,19.14,2.545,2.48
26.0764,19.12,2.544,2.483
26.0792,19.11,2.544,2.479
26.0819,19.11,2.543,2.478
26.0847,19.1,2.542,2.479
26.0875,19.06,2.542,2.48
26.0903,19.04,2.541,2.478
26.0931,19.01,2.541,2.473
26.0958,18.97,2.54,2.479
26.0986,18.95,2.54,2.475
26.1014,18.92,2.539,2.474
26.1042,18.89,2.538,2.477
26.1069,18.88,2.538,2.477
26.1097,18.85,2.537,2.479
26.1125,18.85,2.537,2.476
26.1153,18.84,2.536,2.475
26.1181,18.84,2.535,2.473
26.1208,18.84,2.535,2.47
26.1236,18.83,2.534,2.468
26.1264,18.82,2.534,2.468
26.1292,18.82,2.533,2.471
26.1319,18.82,2.532,2.47
26.1347,18.81,2.531,2.467
26.1375,18.81,2.531,2.473
26.1403,18.81,2.53,2.469
26.1431,18.82,2.529,2.462
26.1458,18.8,2.529,2.464
26.1486,18.8,2.528,2.464
26.1514,18.8,2.527,2.466
26.1542,18.8,2.527,2.461
26.1569,18.81,2.526,2.463
26.1597,18.82,2.525,2.463
26.1625,18.82,2.524,2.462
26.1653,18.82,2.524,2.457
26.1681,18.82,2.523,2.461
26.1708,18.81,2.522,2.456
26.1736,18.82,2.521,2.455
26.1764,18.81,2.521,2.458
26.1792,18.8,2.52,2.454
26.1819,18.81,2.519,2.456
26.1847,18.81,2.519,2.454
26.1875,18.81,2.518,2.453
26.1903,18.81,2.517,2.451
26.1931,18.8,2.516,2.453
26.1958,18.8,2.516,2.449
26.1986,18.79,2.515,2.447
26.2014,18.79,2.514,2.452
26.2042,18.8,2.514,2.446
26.2069,18.8,2.513,2.449
26.2097,18.78,2.512,2.444
26.2125,18.79,2.511,2.447
26.2153,18.8,2.51,2.452
26.2181,18.8,2.509,2.442
26.2208,18.79,2.509,2.444
26.2236,18.79,2.508,2.445
26.2264,18.79,2.507,2.441
26.2292,18.79,2.506,2.44
26.2319,18.79,2.506,2.438
26.2347,18.79,2.505,2.436
26.2375,18.78,2.504,2.441
26.2403,18.79,2.503,2.436
26.2431,18.78,2.503,2.436
26.2458,18.79,2.502,2.433
26.2486,18.8,2.501,2.433
26.2514,18.79,2.501,2.432
26.2542,18.78,2.5,2.431
26.2569,18.77,2.499,2.432
26.2597,18.78,2.499,2.431
26.2625,18.78,2.497,2.434
26.2653,18.78,2.497,2.432
26.2681,18.79,2.496,2.43
26.2708,18.78,2.495,2.428
26.2736,18.78,2.495,2.427
26.2764,18.78,2.494,2.425
26.2792,18.78,2.493,2.428
26.2819,18.79,2.492,2.427
26.2847,18.79,2.492,2.424
26.2875,18.78,2.491,2.427
26.2903,18.77,2.49,2.425
26.2931,18.77,2.49,2.425
26.2958,18.77,2.489,2.42
26.2986,18.77,2.488,2.42
26.3014,18.77,2.487,2.427
26.3042,18.77,2.486,2.417
26.3069,18.76,2.485,2.417
26.3097,18.76,2.485,2.416
26.3125,18.77,2.484,2.418
26.3153,18.76,2.483,2.414
26.3181,18.77,2.483,2.414
26.3208,18.76,2.482,2.415
26.3236,18.76,2.482,2.416
26.3264,18.76,2.481,2.409
26.3292,18.77,2.48,2.418
26.3319,18.75,2.479,2.411
26.3347,18.75,2.478,2.407
26.3375,18.75,2.478,2.407
26.3403,18.76,2.477,2.407
26.3431,18.75,2.476,2.407
26.3458,18.73,2.476,2.406
26.3486,18.72,2.475,2.406
26.3514,18.72,2.474,2.404
26.3542,18.72,2.474,2.405
26.3569,18.67,2.473,2.403
26.3597,18.63,2.472,2.408
26.3625,18.55,2.472,2.403
26.3653,18.47,2.471,2.403
26.3681,18.31,2.471,2.404
26.3708,18.25,2.47,2.403
26.3736,18.06,2.47,2.409
26.3764,17.94,2.47,2.411
26.3792,17.93,2.469,2.402
26.3819,17.7,2.469,2.402
26.3847,17.57,2.47,2.401
26.3875,17.63,2.469,2.401
26.3903,17.48,2.468,2.404
26.3931,17.48,2.468,2.402
26.3958,17.38,2.469,2.412
26.3986,17.31,2.468,2.401
26.4014,17.23,2.468,2.406
26.4042,17.17,2.467,2.4
26.4069,17.08,2.467,2.409
26.4097,17.05,2.468,2.402
26.4125,16.98,2.467,2.397
26.4153,16.93,2.467,2.403
26.4181,16.88,2.466,2.407
26.4208,16.81,2.466,2.398
26.4236,16.71,2.466,2.397
26.4264,16.7,2.466,2.397
26.4292,16.6,2.466,2.405
26.4319,16.55,2.465,2.401
26.4347,16.47,2.466,2.4
26.4375,16.43,2.465,2.4
26.4403,16.32,2.465,2.407
26.4431,16.26,2.465,2.405
26.4458,16.11,2.464,2.404
26.4486,16.09,2.465,2.406
26.4514,15.99,2.464,2.406
26.4542,15.98,2.464,2.401
26.4569,15.84,2.464,2.404
26.4597,15.8,2.464,2.404
26.4625,15.7,2.464,2.408
26.4653,15.66,2.464,2.405
26.4681,15.53,2.464,2.408
26.4708,15.51,2.464,2.413
26.4736,15.53,2.463,2.402
26.4764,15.42,2.464,2.412
26.4792,15.34,2.464,2.414
26.4819,15.33,2.463,2.405
26.4847,15.16,2.463,2.408
26.4875,15.16,2.463,2.41
26.4903,15.12,2.463,2.409
26.4931,15.01,2.463,2.411
26.4958,15.0,2.463,2.41
26.4986,14.83,2.463,2.406
26.5014,14.84,2.463,2.404
26.5042,14.81,2.463,2.411
26.5069,14.74,2.463,2.409
26.5097,14.68,2.463,2.412
26.5125,14.6,2.462,2.406
26.5153,14.59,2.462,2.405
26.5181,14.44,2.463,2.409
26.5208,14.45,2.462,2.404
26.5236,14.43,2.463,2.415
26.5264,14.3,2.462,2.403
26.5292,14.25,2.462,2.404
26.5319,14.26,2.462,2.413
26.5347,14.17,2.462,2.418
26.5375,14.1,2.462,2.397
26.5403,14.04,2.463,2.417
26.5431,13.98,2.462,2.409
26.5458,13.96,2.462,2.41
26.5486,13.94,2.462,2.405
26.5514,13.89,2.462,2.416
26.5542,13.84,2.462,2.407
26.5569,13.79,2.462,2.409
26.5597,13.73,2.462,2.408
26.5625,13.59,2.462,2.406
26.5653,13.78,2.462,2.404
26.5681,13.56,2.462,2.411
26.5708,13.52,2.462,2.408
26.5736,13.55,2.461,2.401
26.5764,13.4,2.462,2.41
26.5792,13.42,2.462,2.41
26.5819,13.34,2.463,2.417
26.5847,13.31,2.461,2.404
26.5875,13.32,2.462,2.404
26.5903,13.22,2.462,2.408
26.5931,13.24,2.461,2.405
26.5958,13.18,2.461,2.408
26.5986,13.08,2.462,2.413
26.6014,13.05,2.462,2.421
26.6042,13.06,2.462,2.419
26.6069,13.03,2.461,2.408
26.6097,13.01,2.461,2.413
26.6125,12.95,2.461,2.401
26.6153,12.88,2.461,2.411
26.6181,12.87,2.461,2.418
26.6208,12.81,2.46,2.404
26.6236,12.77,2.461,2.419
26.6264,12.73,2.46,2.401
26.6292,12.73,2.461,2.414
26.6319,12.72,2.461,2.408
26.6347,12.6,2.461,2.414
26.6375,12.63,2.46,2.4
26.6403,12.58,2.46,2.409
26.6431,12.51,2.46,2.414
26.6458,12.55,2.46,2.417
26.6486,12.51,2.46,2.405
26.6514,12.41,2.46,2.407
26.6542,12.4,2.461,2.411
26.6569,12.34,2.46,2.409
26.6597,12.36,2.46,2.406
26.6625,12.35,2.46,2.415
26.6653,12.25,2.46,2.407
26.6681,12.23,2.46,2.412
26.6708,12.21,2.461,2.417
26.6736,12.23,2.46,2.411
26.6764,12.21,2.46,2.41
26.6792,12.09,2.46,2.412
26.6819,12.09,2.46,2.417
26.6847,12.1,2.459,2.405
26.6875,12.08,2.46,2.417
26.6903,12.08,2.459,2.411
26.6931,11.93,2.46,2.418
26.6958,11.95,2.459,2.403
26.6986,11.93,2.46,2.42
26.7014,11.92,2.459,2.419
26.7042,11.91,2.46,2.413
26.7069,11.85,2.459,2.426
26.7097,11.82,2.459,2.405
26.7125,11.79,2.459,2.418
26.7153,11.74,2.459,2.418
26.7181,11.69,2.459,2.408
26.7208,11.63,2.459,2.413
26.7236,11.61,2.459,2.417
26.7264,11.64,2.459,2.414
26.7292,11.58,2.459,2.417
26.7319,11.51,2.459,2.414
26.7347,11.48,2.459,2.422
26.7375,11.5,2.458,2.412
26.7403,11.45,2.459,2.411
26.7431,11.42,2.458,2.414
26.7458,11.4,2.459,2.417
26.7486,11.35,2.458,2.407
26.7514,11.29,2.459,2.421
26.7542,11.31,2.459,2.416
26.7569,11.31,2.458,2.407
26.7597,11.25,2.458,2.413
26.7625,11.2,2.458,2.416
26.7653,11.24,2.458,2.419
26.7681,11.13,2.458,2.414
26.7708,11.08,2.458,2.418
26.7736,11.11,2.458,2.414
26.7764,11.04,2.458,2.418
26.7792,11.02,2.458,2.41
26.7819,10.97,2.458,2.418
26.7847,10.93,2.458,2.423
26.7875,10.95,2.458,2.416
26.7903,10.88,2.458,2.418
26.7931,10.87,2.458,2.423
26.7958,10.83,2.458,2.416
26.7986,10.82,2.458,2.416
26.8014,10.81,2.458,2.425
26.8042,10.74,2.458,2.425
26.8069,10.76,2.458,2.408
26.8097,10.71,2.457,2.419
26.8125,10.68,2.458,2.421
26.8153,10.64,2.457,2.415
26.8181,10.66,2.457,2.415
26.8208,10.6,2.457,2.418
26.8236,10.57,2.457,2.415
26.8264,10.5,2.457,2.422
26.8292,10.5,2.457,2.404
26.8319,10.5,2.457,2.42
26.8347,10.43,2.457,2.422
26.8375,10.47,2.457,2.411
26.8403,10.42,2.457,2.416
26.8431,10.37,2.457,2.414
26.8458,10.36,2.457,2.423
26.8486,10.34,2.457,2.42
26.8514,10.32,2.457,2.424
26.8542,10.27,2.457,2.418
26.8569,10.24,2.457,2.422
26.8597,10.22,2.457,2.412
26.8625,10.19,2.457,2.415
26.8653,10.17,2.457,2.408
26.8681,10.19,2.457,2.42
26.8708,10.16,2.455,2.415
26.8736,10.1,2.457,2.418
26.8764,10.1,2.456,2.421
26.8792,10.03,2.456,2.407
26.8819,10.03,2.456,2.411
26.8847,10.01,2.456,2.42
26.8875,10.02,2.456,2.418
26.8903,9.98,2.456,2.418
26.8931,9.96,2.456,2.408
26.8958,9.93,2.456,2.412
26.8986,9.86,2.456,2.416
26.9014,9.89,2.456,2.415
26.9042,9.84,2.456,2.421
26.9069,9.81,2.456,2.413
26.9097,9.83,2.456,2.418
26.9125,9.76,2.456,2.413
26.9153,9.8,2.455,2.421
26.9181,9.78,2.456,2.415
26.9208,9.73,2.455,2.417
26.9236,9.71,2.455,2.427
26.9264,9.66,2.455,2.424
26.9292,9.67,2.455,2.414
26.9319,9.65,2.455,2.415
26.9347,9.67,2.455,2.419
26.9375,9.6,2.455,2.413
26.9403,9.61,2.455,2.421
26.9431,9.57,2.455,2.421
26.9458,9.51,2.454,2.422
26.9486,9.5,2.455,2.411
26.9514,9.49,2.455,2.417
26.9542,9.48,2.455,2.417
26.9569,9.48,2.455,2.415
26.9597,9.4,2.455,2.417
26.9625,9.44,2.454,2.419
26.9653,9.41,2.455,2.416
26.9681,9.39,2.454,2.421
26.9708,9.36,2.454,2.421
26.9736,9.32,2.454,2.416
26.9764,9.34,2.454,2.418
26.9792,9.35,2.454,2.416
26.9819,9.33,2.454,2.419
26.9847,9.25,2.454,2.413
26.9875,9.28,2.454,2.418
26.9903,9.27,2.454,2.413
26.9931,9.19,2.454,2.416
26.9958,9.24,2.454,2.421
26.9986,9.17,2.454,2.42
27.0014,9.21,2.454,2.418
27.0042,9.16,2.454,2.418
27.0069,9.1,2.453,2.42
27.0097,9.2,2.453,2.419
27.0125,9.18,2.454,2.414
27.0153,9.15,2.453,2.42
27.0181,9.12,2.453,2.416
27.0208,9.08,2.453,2.411
27.0236,9.07,2.453,2.418
27.0264,9.09,2.453,2.415
27.0292,9.05,2.453,2.417
27.0319,9.01,2.453,2.415
27.0347,9.03,2.453,2.417
27.0375,9.0,2.453,2.416
27.0403,8.95,2.453,2.417
27.0431,8.93,2.453,2.42
27.0458,8.94,2.453,2.415
27.0486,8.93,2.453,2.418
27.0514,8.92,2.453,2.417
27.0542,8.92,2.452,2.418
27.0569,8.88,2.452,2.422
27.0597,8.85,2.453,2.411
27.0625,8.84,2.452,2.421
27.0653,8.85,2.453,2.415
27.0681,8.8,2.452,2.416
27.0708,8.78,2.452,2.419
27.0736,8.8,2.452,2.416
27.0764,8.8,2.452,2.42
27.0792,8.77,2.452,2.422
27.0819,8.74,2.452,2.414
27.0847,8.7,2.452,2.419
27.0875,8.77,2.452,2.414
27.0903,8.72,2.452,2.417
27.0931,8.69,2.452,2.421
27.0958,8.67,2.452,2.414
27.0986,8.69,2.452,2.418
27.1014,8.67,2.452,2.414
27.1042,8.62,2.452,2.42
27.1069,8.61,2.451,2.419
27.1097,8.58,2.452,2.418
27.1125,8.59,2.452,2.42
27.1153,8.58,2.451,2.418
27.1181,8.57,2.452,2.412
27.1208,8.55,2.451,2.415
27.1236,8.54,2.451,2.42
27.1264,8.54,2.451,2.416
27.1292,8.52,2.451,2.419
27.1319,8.49,2.451,2.415
27.1347,8.51,2.451,2.416
27.1375,8.48,2.451,2.417
27.1403,8.46,2.451,2.413
27.1431,8.45,2.451,2.418
27.1458,8.45,2.451,2.417
27.1486,8.45,2.451,2.416
27.1514,8.42,2.451,2.419
27.1542,8.39,2.451,2.417
27.1569,8.38,2.451,2.416
27.1597,8.38,2.451,2.415
27.1625,8.36,2.451,2.415
27.1653,8.35,2.45,2.42
27.1681,8.32,2.45,2.417
27.1708,8.34,2.45,2.418
27.1736,8.33,2.45,2.417
27.1764,8.28,2.45,2.412
27.1792,8.29,2.45,2.42
27.1819,8.27,2.45,2.417
27.1847,8.25,2.45,2.417
27.1875,8.25,2.45,2.418
27.1903,8.28,2.45,2.416
27.1931,8.25,2.45,2.417
27.1958,8.25,2.45,2.418
27.1986,8.24,2.45,2.416
27.2014,8.21,2.45,2.417
27.2042,8.23,2.45,2.414
27.2069,8.22,2.45,2.416
27.2097,8.2,2.449,2.418
27.2125,8.18,2.449,2.417
27.2153,8.17,2.449,2.417
27.2181,8.16,2.449,2.417
27.2208,8.16,2.449,2.417
27.2236,8.16,2.449,2.416
27.2264,8.15,2.449,2.418
27.2292,8.13,2.449,2.418
27.2319,8.13,2.449,2.417
27.2347,8.11,2.449,2.414
27.2375,8.1,2.449,2.416
27.2403,8.1,2.448,2.417
27.2431,8.08,2.449,2.415
27.2458,8.09,2.448,2.417
27.2486,8.07,2.448,2.415
27.2514,8.07,2.449,2.415
27.2542,8.06,2.448,2.414
27.2569,8.06,2.448,2.417
27.2597,8.04,2.448,2.414
27.2625,8.03,2.448,2.415
27.2653,8.02,2.448,2.417
27.2681,8.01,2.448,2.416
27.2708,8.0,2.448,2.417
27.2736,7.98,2.448,2.414
27.2764,8.0,2.447,2.415
27.2792,7.98,2.447,2.416
27.2819,7.99,2.447,2.415
27.2847,7.98,2.447,2.416
27.2875,7.96,2.447,2.414
27.2903,7.96,2.447,2.415
27.2931,7.94,2.447,2.414
27.2958,7.95,2.447,2.415
27.2986,7.94,2.447,2.415
27.3014,7.94,2.446,2.414
27.3042,7.94,2.446,2.413
27.3069,7.93,2.446,2.415
27.3097,7.94,2.446,2.416
27.3125,7.94,2.446,2.413
27.3153,7.95,2.446,2.414
27.3181,7.95,2.445,2.412
27.3208,7.95,2.445,2.414
27.3236,7.96,2.445,2.413
27.3264,7.96,2.445,2.411
27.3292,7.95,2.445,2.413
27.3319,7.95,2.444,2.412
27.3347,7.95,2.444,2.414
27.3375,7.95,2.444,2.411
27.3403,7.95,2.444,2.412
27.3431,7.95,2.444,2.411
27.3458,7.96,2.444,2.413
27.3486,7.95,2.443,2.411
27.3514,7.96,2.443,2.411
27.3542,7.95,2.443,2.41
27.3569,7.94,2.443,2.41
27.3597,7.94,2.443,2.411
27.3625,7.95,2.442,2.409
27.3653,7.96,2.442,2.41
27.3681,7.97,2.442,2.41
27.3708,7.97,2.442,2.409
27.3736,7.96,2.441,2.408
27.3764,7.95,2.441,2.407
27.3792,7.95,2.441,2.408
27.3819,7.96,2.441,2.41
27.3847,7.94,2.441,2.407
27.3875,7.94,2.44,2.408
27.3903,7.94,2.44,2.407
27.3931,7.95,2.44,2.407
27.3958,7.94,2.44,2.405
27.3986,7.95,2.439,2.407
27.4014,7.94,2.439,2.406
27.4042,7.95,2.439,2.408
27.4069,7.95,2.438,2.406
27.4097,7.95,2.438,2.402
27.4125,7.95,2.438,2.406
27.4153,7.95,2.438,2.405
27.4181,7.95,2.437,2.405
27.4208,7.95,2.437,2.406
27.4236,7.94,2.437,2.405
27.4264,7.95,2.437,2.405
27.4292,7.95,2.436,2.405
27.4319,7.95,2.436,2.403
27.4347,7.95,2.436,2.402
27.4375,7.95,2.436,2.403
27.4403,7.94,2.435,2.404
27.4431,7.95,2.435,2.404
27.4458,7.95,2.435,2.402
27.4486,7.94,2.435,2.402
27.4514,7.93,2.434,2.403
27.4542,7.94,2.434,2.401
27.4569,7.93,2.434,2.4
27.4597,7.93,2.434,2.401
27.4625,7.93,2.433,2.401
27.4653,7.93,2.433,2.399
27.4681,7.93,2.433,2.402
27.4708,7.93,2.433,2.398
27.4736,7.94,2.432,2.399
27.4764,7.93,2.432,2.399
27.4792,7.94,2.431,2.399
27.4819,7.93,2.431,2.398
27.4847,7.94,2.431,2.397
27.4875,7.93,2.431,2.399
27.4903,7.93,2.43,2.399
27.4931,7.93,2.43,2.398
27.4958,7.94,2.43,2.398
27.4986,7.93,2.43,2.396
27.5014,7.93,2.429,2.397
27.5042,7.93,2.429,2.398
27.5069,7.93,2.429,2.395
27.5097,7.93,2.428,2.396
27.5125,7.93,2.428,2.395
27.5153,7.93,2.428,2.396
27.5181,7.93,2.428,2.393
27.5208,7.93,2.427,2.391
27.5236,7.93,2.427,2.395
27.5264,7.94,2.427,2.395
27.5292,7.93,2.426,2.396
27.5319,7.93,2.426,2.396
27.5347,7.93,2.426,2.392
27.5375,7.92,2.426,2.394
27.5403,7.93,2.425,2.394
27.5431,7.92,2.425,2.393
27.5458,7.93,2.425,2.392
27.5486,7.91,2.424,2.39
27.5514,7.9,2.424,2.392
27.5542,7.89,2.424,2.39
27.5569,7.88,2.424,2.389
27.5597,7.87,2.423,2.391
27.5625,7.85,2.423,2.39
27.5653,7.84,2.423,2.39
27.5681,7.82,2.423,2.389
27.5708,7.8,2.423,2.387
27.5736,7.76,2.423,2.39
27.5764,7.76,2.423,2.388
27.5792,7.75,2.422,2.391
27.5819,7.74,2.422,2.391
27.5847,7.72,2.422,2.39
27.5875,7.68,2.422,2.392
27.5903,7.68,2.422,2.39
27.5931,7.67,2.422,2.39
27.5958,7.64,2.422,2.39
27.5986,7.62,2.422,2.39
27.6014,7.6,2.421,2.388
27.6042,7.56,2.421,2.39
27.6069,7.53,2.421,2.39
27.6097,7.58,2.421,2.389
27.6125,7.51,2.421,2.39
27.6153,7.5,2.421,2.392
27.6181,7.44,2.421,2.39
27.6208,7.42,2.421,2.388
27.6236,7.45,2.421,2.389
27.6264,7.44,2.421,2.39
27.6292,7.44,2.421,2.39
27.6319,7.39,2.421,2.389
27.6347,7.4,2.421,2.388
27.6375,7.34,2.42,2.391
27.6403,7.31,2.421,2.39
27.6431,7.37,2.42,2.392
27.6458,7.33,2.42,2.389
27.6486,7.31,2.42,2.391
27.6514,7.29,2.42,2.387
27.6542,7.28,2.42,2.39
27.6569,7.23,2.42,2.387
27.6597,7.25,2.42,2.39
27.6625,7.2,2.42,2.389
27.6653,7.19,2.42,2.389
27.6681,7.15,2.42,2.387
27.6708,7.13,2.42,2.39
27.6736,7.16,2.42,2.39
27.6764,7.15,2.42,2.389
27.6792,7.12,2.42,2.389
27.6819,7.1,2.42,2.39
27.6847,7.08,2.42,2.39
27.6875,7.09,2.42,2.389
27.6903,7.07,2.419,2.389
27.6931,7.03,2.42,2.391
27.6958,7.03,2.419,2.39
27.6986,7.05,2.419,2.389
27.7014,7.01,2.419,2.39
27.7042,7.0,2.419,2.39
27.7069,7.0,2.419,2.39
27.7097,6.99,2.419,2.391
27.7125,6.96,2.419,2.389
27.7153,6.97,2.419,2.389
27.7181,6.95,2.419,2.39
27.7208,6.95,2.419,2.389
27.7236,6.93,2.419,2.39
27.7264,6.92,2.419,2.39
27.7292,6.89,2.419,2.389
27.7319,6.9,2.418,2.388
27.7347,6.9,2.418,2.389
27.7375,6.9,2.418,2.389
27.7403,6.87,2.418,2.388
27.7431,6.89,2.418,2.389
27.7458,6.87,2.418,2.389
27.7486,6.87,2.418,2.389
27.7514,6.86,2.417,2.388
27.7542,6.86,2.417,2.387
27.7569,6.86,2.417,2.389
27.7597,6.86,2.417,2.388
27.7625,6.86,2.417,2.385
27.7653,6.87,2.416,2.387
27.7681,6.88,2.416,2.386
27.7708,6.86,2.416,2.387
27.7736,6.85,2.416,2.388
27.7764,6.83,2.416,2.386
27.7792,6.82,2.416,2.386
27.7819,6.81,2.415,2.385
27.7847,6.79,2.415,2.386
27.7875,6.79,2.415,2.386
27.7903,6.75,2.415,2.386
27.7931,6.74,2.415,2.381
27.7958,6.75,2.415,2.386
27.7986,6.72,2.415,2.383
27.8014,6.71,2.414,2.384
27.8042,6.7,2.414,2.386
27.8069,6.68,2.414,2.385
27.8097,6.65,2.414,2.386
27.8125,6.63,2.414,2.385
27.8153,6.6,2.414,2.385
27.8181,6.6,2.414,2.386
27.8208,6.58,2.414,2.384
27.8236,6.55,2.414,2.386
27.8264,6.55,2.414,2.386
27.8292,6.52,2.414,2.386
27.8319,6.51,2.414,2.385
27.8347,6.51,2.413,2.385
27.8375,6.49,2.413,2.385
27.8403,6.5,2.413,2.384
27.8431,6.5,2.413,2.385
27.8458,6.48,2.413,2.385
27.8486,6.47,2.413,2.385
27.8514,6.46,2.413,2.385
27.8542,6.43,2.413,2.385
27.8569,6.42,2.413,2.385
27.8597,6.42,2.413,2.385
27.8625,6.41,2.412,2.384
27.8653,6.41,2.412,2.384
27.8681,6.4,2.412,2.384
27.8708,6.39,2.412,2.384
27.8736,1.09,2.419,0.68
27.8764,0.0,2.43,0.042
27.8792,0.0,2.438,0.007
27.8819,0.0,2.445,0.002
27.8847,0.0,2.45,0.0
27.8875,0.0,2.455,-0.001
27.8903,0.0,2.46,-0.001
27.8931,0.0,2.464,-0.002
27.8958,0.0,2.468,-0.002
27.8986,0.0,2.471,-0.002
27.9014,0.0,2.475,-0.002
27.9042,0.0,2.478,-0.002
27.9069,0.0,2.481,-0.002
27.9097,0.0,2.484,-0.002
27.9125,0.0,2.486,-0.002
27.9153,0.0,2.489,-0.003
27.9181,0.0,2.492,-0.003
27.9208,0.0,2.494,-0.003
27.9236,0.0,2.496,-0.003
27.9264,0.0,2.498,-0.003
27.9292,0.0,2.501,-0.003
27.9319,0.0,2.503,-0.003
27.9347,0.0,2.505,-0.003
27.9375,0.0,2.507,-0.003
27.9403,0.0,2.508,-0.003
27.9431,0.0,2.51,-0.003
27.9458,0.0,2.512,-0.003
27.9486,0.0,2.514,-0.003
27.9514,0.0,2.515,-0.003
27.9542,0.0,2.517,-0.003
27.9569,0.0,2.519,-0.003
27.9597,0.0,2.52,-0.003
27.9625,0.0,2.522,-0.003
27.9653,0.0,2.523,-0.003
27.9681,0.0,2.525,-0.003
27.9708,0.0,2.526,-0.003
27.9736,0.0,2.528,-0.003
27.9764,0.0,2.529,-0.003
27.9792,0.0,2.53,-0.003
27.9819,0.0,2.532,-0.003
27.9847,0.0,2.533,-0.003
27.9875,0.0,2.534,-0.003
27.9903,0.0,2.536,-0.003
27.9931,0.0,2.537,-0.003
27.9958,0.0,2.538,-0.003
27.9986,0.0,2.539,-0.003
28.0014,0.0,2.54,-0.003
28.0042,0.0,2.542,-0.003
28.0069,0.0,2.543,-0.003
28.0097,0.0,2.544,-0.003
28.0125,0.0,2.545,-0.003
28.0153,0.0,2.546,-0.003
28.0181,0.0,2.547,-0.003
28.0208,0.0,2.548,-0.003
28.0236,0.0,2.549,-0.003
28.0264,0.0,2.55,-0.003
28.0292,0.0,2.551,-0.003
28.0319,0.0,2.552,-0.003
28.0347,0.0,2.553,-0.003
28.0375,0.0,2.554,-0.003
28.0403,0.0,2.555,-0.003
28.0431,0.0,2.556,-0.003
28.0458,0.0,2.557,-0.003
28.0486,0.0,2.558,-0.003
28.0514,0.0,2.559,-0.003
28.0542,0.0,2.56,-0.003
28.0569,0.0,2.561,-0.003
28.0597,0.0,2.562,-0.003
28.0625,0.0,2.563,-0.003
28.0653,0.0,2.564,-0.003
28.0681,0.0,2.564,-0.003
28.0708,0.0,2.565,-0.003
28.0736,0.0,2.566,-0.003
28.0764,0.0,2.567,-0.003
28.0792,0.0,2.568,-0.003
28.0819,0.0,2.569,-0.003
28.0847,0.0,2.569,-0.003
28.0875,0.0,2.57,-0.003
28.0903,0.0,2.571,-0.003
28.0931,0.0,2.572,-0.003
28.0958,0.0,2.573,-0.003
28.0986,0.0,2.573,-0.003
28.1014,0.0,2.574,-0.003
28.1042,0.0,2.575,-0.003
28.1069,0.0,2.576,-0.003
28.1097,0.0,2.576,-0.003
28.1125,0.0,2.577,-0.003
28.1153,0.0,2.578,-0.003
28.1181,0.0,2.579,-0.003
28.1208,0.0,2.579,-0.003
28.1236,0.0,2.58,-0.004
28.1264,0.0,2.581,-0.003
28.1292,0.0,2.582,-0.003
28.1319,0.0,2.582,-0.003
28.1347,0.0,2.583,-0.003
28.1375,0.0,2.584,-0.003
28.1403,0.0,2.584,-0.003
28.1431,0.0,2.585,-0.004
28.1458,0.0,2.586,-0.003
28.1486,0.0,2.586,-0.004
28.1514,0.0,2.587,-0.004
28.1542,0.0,2.588,-0.003
28.1569,0.0,2.588,-0.003
28.1597,0.0,2.589,-0.004
28.1625,0.0,2.59,-0.004
28.1653,0.0,2.59,-0.004
28.1681,0.0,2.591,-0.004
28.1708,0.0,2.592,-0.003
28.1736,0.0,2.592,-0.004
28.1764,0.0,2.593,-0.004
28.1792,0.0,2.594,-0.003
28.1819,0.0,2.594,-0.004
28.1847,0.0,2.595,-0.003
28.1875,0.0,2.595,-0.004
28.1903,0.0,2.596,-0.004
28.1931,0.0,2.597,-0.004
28.1958,0.0,2.597,-0.004
28.1986,0.0,2.598,-0.004
28.2014,0.0,2.598,-0.004
28.2042,0.0,2.599,-0.004
28.2069,0.0,2.6,-0.004
28.2097,0.0,2.6,-0.003
28.2125,0.0,2.601,-0.004
28.2153,0.0,2.601,-0.003
28.2181,0.0,2.602,-0.004
28.2208,0.0,2.603,-0.004
28.2236,0.0,2.603,-0.004
28.2264,0.0,2.604,-0.004
28.2292,0.0,2.604,-0.004
28.2319,0.0,2.605,-0.004
28.2347,0.0,2.605,-0.004
28.2375,0.0,2.606,-0.004
28.2403,0.0,2.606,-0.004
28.2431,0.0,2.607,-0.004
28.2458,0.0,2.608,-0.004
28.2486,0.0,2.608,-0.004
28.2514,0.0,2.609,-0.004
28.2542,0.0,2.609,-0.004
28.2569,0.0,2.61,-0.004
28.2597,0.0,2.61,-0.004
28.2625,0.0,2.611,-0.004
28.2653,0.0,2.611,-0.004
28.2681,0.0,2.612,-0.004
28.2708,0.0,2.612,-0.004
28.2736,0.0,2.613,-0.004
28.2764,0.0,2.613,-0.004
28.2792,0.0,2.614,-0.004
28.2819,0.0,2.615,-0.004
28.2847,0.0,2.615,-0.004
28.2875,0.0,2.616,-0.004
28.2903,0.0,2.616,-0.004
28.2931,0.0,2.617,-0.004
28.2958,0.0,2.617,-0.004
28.2986,0.0,2.618,-0.004
28.3014,0.0,2.618,-0.004
28.3042,0.0,2.619,-0.004
28.3069,0.0,2.619,-0.004
28.3097,0.0,2.62,-0.004
28.3125,0.0,2.62,-0.004
28.3153,0.0,2.621,-0.004
28.3181,0.0,2.621,-0.004
28.3208,0.0,2.621,-0.004
28.3236,0.0,2.622,-0.004
28.3264,0.0,2.622,-0.004
28.3292,0.0,2.623,-0.004
28.3319,0.0,2.623,-0.004
28.3347,0.0,2.624,-0.004
28.3375,0.0,2.624,-0.004
28.3403,0.0,2.625,-0.004
28.3431,0.0,2.625,-0.004
28.3458,0.0,2.626,-0.004
28.3486,0.0,2.626,-0.004
28.3514,0.0,2.627,-0.004
28.3542,0.0,2.627,-0.004
28.3569,0.0,2.628,-0.004
28.3597,0.0,2.628,-0.004
28.3625,0.0,2.628,-0.004
28.3653,0.0,2.629,-0.004
28.3681,0.0,2.629,-0.004
28.3708,0.0,2.63,-0.004
28.3736,0.0,2.63,-0.004
28.3764,0.0,2.631,-0.004
28.3792,0.0,2.631,-0.004
28.3819,0.0,2.632,-0.004
28.3847,0.0,2.632,-0.004
28.3875,0.0,2.632,-0.004
28.3903,0.0,2.633,-0.004
28.3931,0.0,2.633,-0.004
28.3958,0.0,2.634,-0.004
28.3986,0.0,2.634,-0.004
28.4014,0.0,2.635,-0.004
28.4042,0.0,2.635,-0.004
28.4069,0.0,2.636,-0.004
28.4097,0.0,2.636,-0.004
28.4125,0.0,2.636,-0.004
28.4153,0.0,2.637,-0.004
28.4181,0.0,2.637,-0.004
28.4208,0.0,2.638,-0.004
28.4236,0.0,2.638,-0.004
28.4264,0.0,2.638,-0.004
28.4292,0.0,2.639,-0.004
28.4319,0.0,2.639,-0.004
28.4347,0.0,2.64,-0.004
28.4375,0.0,2.64,-0.004
28.4403,0.0,2.64,-0.004
28.4431,0.0,2.641,-0.004
28.4458,0.0,2.641,-0.004
28.4486,0.0,2.642,-0.004
28.4514,0.0,2.642,-0.004
28.4542,0.0,2.643,-0.004
28.4569,0.0,2.643,-0.004
28.4597,0.0,2.643,-0.004
28.4625,0.0,2.644,-0.004
28.4653,0.0,2.644,-0.004
28.4681,0.0,2.645,-0.004
28.4708,0.0,2.645,-0.004
28.4736,0.0,2.645,-0.004
28.4764,0.0,2.646,-0.004
28.4792,0.0,2.646,-0.004
28.4819,0.0,2.646,-0.004
28.4847,0.0,2.647,-0.004
28.4875,0.0,2.647,-0.004
28.4903,0.0,2.648,-0.004
28.4931,0.0,2.648,-0.004
28.4958,0.0,2.648,-0.004
28.4986,0.0,2.649,-0.004
28.5014,0.0,2.649,-0.004
28.5042,0.0,2.65,-0.004
28.5069,0.0,2.65,-0.004
28.5097,0.0,2.65,-0.004
28.5125,0.0,2.651,-0.004
28.5153,0.0,2.651,-0.004
28.5181,0.0,2.651,-0.004
28.5208,0.0,2.652,-0.004
28.5236,0.0,2.652,-0.004
28.5264,0.0,2.653,-0.004
28.5292,0.0,2.653,-0.004
28.5319,0.0,2.653,-0.004
28.5347,0.0,2.654,-0.004
28.5375,0.0,2.654,-0.004
28.5403,0.0,2.654,-0.004
28.5431,0.0,2.655,-0.004
28.5458,0.0,2.655,-0.004
28.5486,0.0,2.655,-0.004
28.5514,0.0,2.656,-0.004
28.5542,0.0,2.656,-0.004
28.5569,0.0,2.656,-0.004
28.5597,0.0,2.657,-0.004
28.5625,0.0,2.657,-0.004
28.5653,0.0,2.658,-0.004
28.5681,0.0,2.658,-0.004
28.5708,0.0,2.658,-0.004
28.5736,0.0,2.659,-0.004
28.5764,0.0,2.659,-0.004
28.5792,0.0,2.659,-0.004
28.5819,0.0,2.66,-0.004
28.5847,0.0,2.66,-0.004
28.5875,0.0,2.66,-0.004
28.5903,0.0,2.661,-0.004
28.5931,0.0,2.661,-0.004
28.5958,0.0,2.661,-0.004
28.5986,0.0,2.662,-0.004
28.6014,0.0,2.662,-0.004
28.6042,0.0,2.662,-0.004
28.6069,0.0,2.663,-0.004
28.6097,0.0,2.663,-0.004
28.6125,0.0,2.663,-0.004
28.6153,0.0,2.664,-0.004
28.6181,0.0,2.664,-0.004
28.6208,0.0,2.664,-0.004
28.6236,0.0,2.665,-0.004
28.6264,0.0,2.665,-0.004
28.6292,0.0,2.665,-0.004
28.6319,0.0,2.666,-0.004
28.6347,0.0,2.666,-0.004
28.6375,0.0,2.666,-0.004
28.6403,0.0,2.667,-0.004
28.6431,0.0,2.667,-0.004
28.6458,0.0,2.667,-0.004
28.6486,0.0,2.668,-0.004
28.6514,0.0,2.668,-0.004
28.6542,0.0,2.668,-0.004
28.6569,0.0,2.669,-0.004
28.6597,0.0,2.669,-0.004
28.6625,0.0,2.669,-0.004
28.6653,0.0,2.67,-0.004
28.6681,0.0,2.67,-0.004
28.6708,0.0,2.67,-0.004
28.6736,0.0,2.671,-0.004
28.6764,0.0,2.671,-0.004
28.6792,0.0,2.671,-0.004
28.6819,0.0,2.672,-0.004
28.6847,0.0,2.672,-0.004
28.6875,0.0,2.672,-0.004
28.6903,0.0,2.673,-0.004
28.6931,0.0,2.673,-0.004
28.6958,0.0,2.673,-0.004
28.6986,0.0,2.673,-0.004
28.7014,0.0,2.674,-0.004
28.7042,0.0,2.674,-0.004
28.7069,0.0,2.674,-0.004
28.7097,0.0,2.675,-0.004
28.7125,0.0,2.675,-0.004
28.7153,0.0,2.675,-0.004
28.7181,0.0,2.676,-0.004
28.7208,0.0,2.676,-0.004
28.7236,0.0,2.676,-0.004
28.7264,0.0,2.677,-0.004
28.7292,0.0,2.677,-0.004
28.7319,0.0,2.677,-0.004
28.7347,0.0,2.678,-0.004
28.7375,0.0,2.678,-0.004
28.7403,0.0,2.678,-0.004
28.7431,0.0,2.678,-0.004
28.7458,0.0,2.679,-0.004
28.7486,0.0,2.679,-0.004
28.7514,0.0,2.679,-0.004
28.7542,0.0,2.68,-0.004
28.7569,0.0,2.68,-0.004
28.7597,0.0,2.68,-0.004
28.7625,0.0,2.68,-0.004
28.7653,0.0,2.681,-0.004
28.7681,0.0,2.681,-0.004
28.7708,0.0,2.681,-0.004
28.7736,0.0,2.682,-0.004
28.7764,0.0,2.682,-0.004
28.7792,0.0,2.682,-0.004
28.7819,0.0,2.682,-0.004
28.7847,0.0,2.683,-0.004
28.7875,0.0,2.683,-0.004
28.7903,0.0,2.683,-0.004
28.7931,0.0,2.684,-0.004
28.7958,0.0,2.684,-0.004
28.7986,0.0,2.684,-0.004
28.8014,0.0,2.684,-0.004
28.8042,0.0,2.685,-0.004
28.8069,0.0,2.685,-0.004
28.8097,0.0,2.685,-0.004
28.8125,0.0,2.686,-0.004
28.8153,0.0,2.686,-0.004
28.8181,0.0,2.686,-0.004
28.8208,0.0,2.686,-0.004
28.8236,0.0,2.687,-0.004
28.8264,0.0,2.687,-0.004
28.8292,0.0,2.687,-0.004
28.8319,0.0,2.688,-0.004
28.8347,0.0,2.688,-0.004
28.8375,0.0,2.688,-0.004
28.8403,0.0,2.688,-0.004
28.8431,0.0,2.689,-0.004
28.8458,0.0,2.689,-0.004
28.8486,0.0,2.689,-0.004
28.8514,0.0,2.689,-0.004
28.8542,0.0,2.69,-0.004
28.8569,0.0,2.69,-0.004
28.8597,0.0,2.69,-0.004
28.8625,0.0,2.691,-0.004
28.8653,0.0,2.691,-0.004
28.8681,0.0,2.691,-0.004
28.8708,0.0,2.691,-0.004
28.8736,0.0,2.692,-0.004
28.8764,0.0,2.692,-0.004
28.8792,0.0,2.692,-0.004
28.8819,0.0,2.692,-0.004
28.8847,0.0,2.693,-0.004
28.8875,0.0,2.693,-0.004
28.8903,0.0,2.693,-0.004
28.8931,0.0,2.693,-0.004
28.8958,0.0,2.694,-0.004
28.8986,0.0,2.694,-0.004
28.9014,0.0,2.694,-0.004
28.9042,0.0,2.694,-0.004
28.9069,0.0,2.695,-0.004
28.9097,0.0,2.695,-0.003
28.9125,0.0,2.695,-0.003
28.9153,0.0,2.696,-0.003
28.9181,0.0,2.696,-0.003
28.9208,0.0,2.696,-0.003
28.9236,0.0,2.696,-0.003
28.9264,0.0,2.697,-0.003
28.9292,0.0,2.697,-0.003
28.9319,0.0,2.697,-0.003
28.9347,0.0,2.697,-0.003
28.9375,0.0,2.698,-0.003
28.9403,0.0,2.698,-0.003
28.9431,0.0,2.698,-0.003
28.9458,0.0,2.698,-0.003
28.9486,0.0,2.699,-0.003
28.9514,0.0,2.699,-0.003
28.9542,0.0,2.699,-0.003
28.9569,0.0,2.699,-0.003
28.9597,0.0,2.7,-0.004
28.9625,0.0,2.7,-0.003
28.9653,0.0,2.7,-0.003
28.9681,0.0,2.7,-0.003
28.9708,0.0,2.701,-0.003
28.9736,0.0,2.701,-0.004
28.9764,0.0,2.701,-0.003
28.9792,0.0,2.701,-0.004
28.9819,0.0,2.702,-0.004
28.9847,0.0,2.702,-0.004
28.9875,0.0,2.702,-0.004
28.9903,0.0,2.702,-0.004
28.9931,0.0,2.703,-0.004
28.9958,0.0,2.703,-0.004
28.9986,0.0,2.703,-0.004
29.0014,0.0,2.703,-0.004
29.0042,0.0,2.704,-0.004
29.0069,0.0,2.704,-0.004
29.0097,0.0,2.704,-0.004
29.0125,0.0,2.704,-0.004
29.0153,0.0,2.705,-0.004
29.0181,0.0,2.705,-0.004
29.0208,0.0,2.705,-0.004
29.0236,0.0,2.705,-0.004
29.0264,0.0,2.706,-0.004
29.0292,0.0,2.706,-0.004
29.0319,0.0,2.706,-0.004
29.0347,0.0,2.706,-0.004
29.0375,0.0,2.706,-0.004
29.0403,0.0,2.707,-0.004
29.0431,0.0,2.707,-0.004
29.0458,0.0,2.707,-0.004
29.0486,0.0,2.707,-0.004
29.0514,0.0,2.708,-0.004
29.0542,0.0,2.708,-0.004
29.0569,0.0,2.708,-0.004
29.0597,0.0,2.708,-0.004
29.0625,0.0,2.709,-0.004
29.0653,0.0,2.709,-0.004
29.0681,0.0,2.709,-0.004
29.0708,0.0,2.709,-0.004
29.0736,0.0,2.709,-0.004
29.0764,0.0,2.71,-0.004
29.0792,0.0,2.71,-0.004
29.0819,0.0,2.71,-0.004
29.0847,0.0,2.71,-0.004
29.0875,0.0,2.711,-0.004
29.0903,0.0,2.711,-0.004
29.0931,0.0,2.711,-0.004
29.0958,0.0,2.711,-0.004
29.0986,0.0,2.712,-0.004
29.1014,0.0,2.712,-0.004
29.1042,0.0,2.712,-0.004
29.1069,0.0,2.712,-0.004
29.1097,0.0,2.712,-0.004
29.1125,0.0,2.713,-0.004
29.1153,0.0,2.713,-0.004
29.1181,0.0,2.713,-0.004
29.1208,0.0,2.713,-0.004
29.1236,0.0,2.714,-0.004
29.1264,0.0,2.714,-0.004
29.1292,0.0,2.714,-0.004
29.1319,0.0,2.714,-0.004
29.1347,0.0,2.714,-0.004
29.1375,0.0,2.715,-0.004
29.1403,0.0,2.715,-0.004
29.1431,0.0,2.715,-0.004
29.1458,0.0,2.715,-0.004
29.1486,0.0,2.716,-0.004
29.1514,0.0,2.716,-0.004
29.1542,0.0,2.716,-0.004
29.1569,0.0,2.716,-0.004
29.1597,0.0,2.716,-0.004
29.1625,0.0,2.717,-0.004
29.1653,0.0,2.717,-0.004
29.1681,0.0,2.717,-0.004
29.1708,0.0,2.717,-0.004
29.1736,0.0,2.718,-0.004
29.1764,0.0,2.718,-0.004
29.1792,0.0,2.718,-0.004
29.1819,0.0,2.718,-0.004
29.1847,0.0,2.718,-0.004
29.1875,0.0,2.719,-0.004
29.1903,0.0,2.719,-0.004
29.1931,0.0,2.719,-0.004
29.1958,0.0,2.719,-0.004
29.1986,0.0,2.72,-0.004
29.2014,0.0,2.72,-0.004
29.2042,0.0,2.72,-0.004
29.2069,0.0,2.72,-0.004
29.2097,0.0,2.72,-0.004
29.2125,0.0,2.721,-0.004
29.2153,0.0,2.721,-0.004
29.2181,0.0,2.721,-0.004
29.2208,0.0,2.721,-0.004
29.2236,0.0,2.721,-0.004
29.2264,0.0,2.722,-0.004
29.2292,0.0,2.722,-0.004
29.2319,0.0,2.722,-0.004
29.2347,0.0,2.722,-0.004
29.2375,0.0,2.722,-0.004
29.2403,0.0,2.723,-0.004
29.2431,0.0,2.723,-0.004
29.2458,0.0,2.723,-0.004
29.2486,0.0,2.723,-0.004
29.2514,0.0,2.724,-0.004
29.2542,0.0,2.724,-0.004
29.2569,0.0,2.724,-0.004
29.2597,0.0,2.724,-0.004
29.2625,0.0,2.724,-0.004
29.2653,0.0,2.725,-0.004
29.2681,0.0,2.725,-0.004
29.2708,0.0,2.725,-0.004
29.2736,0.0,2.725,-0.004
29.2764,0.0,2.725,-0.004
29.2792,0.0,2.726,-0.004
29.2819,0.0,2.726,-0.004
29.2847,0.0,2.726,-0.004
29.2875,0.0,2.726,-0.004
29.2903,0.0,2.726,-0.004
29.2931,0.0,2.727,-0.004
29.2958,0.0,2.727,-0.004
29.2986,0.0,2.727,-0.004
29.3014,0.0,2.727,-0.004
29.3042,0.0,2.727,-0.004
29.3069,0.0,2.728,-0.004
29.3097,0.0,2.728,-0.004
29.3125,0.0,2.728,-0.004
29.3153,0.0,2.728,-0.004
29.3181,0.0,2.728,-0.004
29.3208,0.0,2.729,-0.004
29.3236,0.0,2.729,-0.004
29.3264,0.0,2.729,-0.004
29.3292,0.0,2.729,-0.004
29.3319,0.0,2.729,-0.004
29.3347,0.0,2.73,-0.004
29.3375,0.0,2.73,-0.004
29.3403,0.0,2.73,-0.004
29.3431,0.0,2.73,-0.004
29.3458,0.0,2.73,-0.004
29.3486,0.0,2.731,-0.004
29.3514,0.0,2.731,-0.004
29.3542,0.0,2.731,-0.004
29.3569,0.0,2.731,-0.004
29.3597,0.0,2.731,-0.004
29.3625,0.0,2.732,-0.004
29.3653,0.0,2.732,-0.004
29.3681,0.0,2.732,-0.004
29.3708,0.0,2.732,-0.004
29.3736,0.0,2.732,-0.004
29.3764,0.0,2.732,-0.004
29.3792,0.0,2.733,-0.004
29.3819,0.0,2.733,-0.004
29.3847,0.0,2.733,-0.004
29.3875,0.0,2.733,-0.004
29.3903,0.0,2.733,-0.004
29.3931,0.0,2.734,-0.004
29.3958,0.0,2.734,-0.004
29.3986,0.0,2.734,-0.004
29.4014,0.0,2.734,-0.004
29.4042,0.0,2.734,-0.004
29.4069,0.0,2.735,-0.004
29.4097,0.0,2.735,-0.004
29.4125,0.0,2.735,-0.004
29.4153,0.0,2.735,-0.004
29.4181,0.0,2.735,-0.004
29.4208,0.0,2.736,-0.004
29.4236,0.0,2.736,-0.004
29.4264,0.0,2.736,-0.004
29.4292,0.0,2.736,-0.004
29.4319,0.0,2.736,-0.004
29.4347,0.0,2.737,-0.004
29.4375,0.0,2.737,-0.004
29.4403,0.0,2.737,-0.004
29.4431,0.0,2.737,-0.004
29.4458,0.0,2.737,-0.004
29.4486,0.0,2.737,-0.004
29.4514,0.0,2.738,-0.004
29.4542,0.0,2.738,-0.004
29.4569,0.0,2.738,-0.004
29.4597,0.0,2.738,-0.004
29.4625,0.0,2.738,-0.004
29.4653,0.0,2.739,-0.004
29.4681,0.0,2.739,-0.004
29.4708,0.0,2.739,-0.004
29.4736,0.0,2.739,-0.004
29.4764,0.0,2.739,-0.004
29.4792,0.0,2.739,-0.004
29.4819,0.0,2.74,-0.004
29.4847,0.0,2.74,-0.004
29.4875,0.0,2.74,-0.004
29.4903,0.0,2.74,-0.004
29.4931,0.0,2.74,-0.004
29.4958,0.0,2.741,-0.004
29.4986,0.0,2.741,-0.004
29.5014,0.0,2.741,-0.004
29.5042,0.0,2.741,-0.004
29.5069,0.0,2.741,-0.004
29.5097,0.0,2.741,-0.004
29.5125,0.0,2.742,-0.004
29.5153,0.0,2.742,-0.004
29.5181,0.0,2.742,-0.004
29.5208,0.0,2.742,-0.004
29.5236,0.0,2.742,-0.004
29.5264,0.0,2.742,-0.004
29.5292,0.0,2.743,-0.004
29.5319,0.0,2.743,-0.004
29.5347,0.0,2.743,-0.004
29.5375,0.0,2.743,-0.004
29.5403,0.0,2.743,-0.004
29.5431,0.0,2.744,-0.004
29.5458,0.0,2.744,-0.004
29.5486,0.0,2.744,-0.004
29.5514,0.0,2.744,-0.004
29.5542,0.0,2.744,-0.004
29.5569,0.0,2.744,-0.004
29.5597,0.0,2.745,-0.004
29.5625,0.0,2.745,-0.004
29.5653,0.0,2.745,-0.004
29.5681,0.0,2.745,-0.004
29.5708,0.0,2.745,-0.004
29.5736,0.0,2.746,-0.004
29.5764,0.0,2.746,-0.004
29.5792,0.0,2.746,-0.004
29.5819,0.0,2.746,-0.004
29.5847,0.0,2.746,-0.004
29.5875,0.0,2.746,-0.004
29.5903,0.0,2.747,-0.004
29.5931,0.0,2.747,-0.004
29.5958,0.0,2.747,-0.004
29.5986,0.0,2.747,-0.004
29.6014,0.0,2.747,-0.004
29.6042,0.0,2.747,-0.004
29.6069,0.0,2.748,-0.004
29.6097,0.0,2.748,-0.004
29.6125,0.0,2.748,-0.004
29.6153,0.0,2.748,-0.004
29.6181,0.0,2.748,-0.004
29.6208,0.0,2.748,-0.004
29.6236,0.0,2.749,-0.004
29.6264,0.0,2.749,-0.004
29.6292,0.0,2.749,-0.004
29.6319,0.0,2.749,-0.004
29.6347,0.0,2.749,-0.004
29.6375,0.0,2.749,-0.004
29.6403,0.0,2.75,-0.004
29.6431,0.0,2.75,-0.004
29.6458,0.0,2.75,-0.004
29.6486,0.0,2.75,-0.004
29.6514,0.0,2.75,-0.004
29.6542,0.0,2.75,-0.004
29.6569,0.0,2.751,-0.004
29.6597,0.0,2.751,-0.004
29.6625,0.0,2.751,-0.004
29.6653,0.0,2.751,-0.004
29.6681,0.0,2.751,-0.004
29.6708,0.0,2.751,-0.004
29.6736,0.0,2.752,-0.004
29.6764,0.0,2.752,-0.004
29.6792,0.0,2.752,-0.004
29.6819,0.0,2.752,-0.004
29.6847,0.0,2.752,-0.004
29.6875,0.0,2.752,-0.004
29.6903,0.0,2.753,-0.004
29.6931,0.0,2.753,-0.004
29.6958,0.0,2.753,-0.004
29.6986,0.0,2.753,-0.004
29.7014,0.0,2.753,-0.004
29.7042,0.0,2.753,-0.004
29.7069,0.0,2.754,-0.004
29.7097,0.0,2.754,-0.004
29.7125,0.0,2.754,-0.004
29.7153,0.0,2.754,-0.004
29.7181,0.0,2.754,-0.004
29.7208,0.0,2.754,-0.004
29.7236,0.0,2.755,-0.004
29.7264,0.0,2.755,-0.004
29.7292,0.0,2.755,-0.004
29.7319,0.0,2.755,-0.004
29.7347,0.0,2.755,-0.004
29.7375,0.0,2.755,-0.004
29.7403,0.0,2.756,-0.004
29.7431,0.0,2.756,-0.004
29.7458,0.0,2.756,-0.004
29.7486,0.0,2.756,-0.004
29.7514,0.0,2.756,-0.004
29.7542,0.0,2.756,-0.004
29.7569,0.0,2.757,-0.004
29.7597,0.0,2.757,-0.004
29.7625,0.0,2.757,-0.004
29.7653,0.0,2.757,-0.004
29.7681,0.0,2.757,-0.004
29.7708,0.0,2.757,-0.004
29.7736,0.0,2.758,-0.004
29.7764,0.0,2.758,-0.004
29.7792,0.0,2.758,-0.004
29.7819,0.0,2.758,-0.004
29.7847,0.0,2.758,-0.004
29.7875,0.0,2.758,-0.004
29.7903,0.0,2.759,-0.004
29.7931,0.0,2.759,-0.004
29.7958,0.0,2.759,-0.004
29.7986,0.0,2.759,-0.004
29.8014,0.0,2.759,-0.004
29.8042,0.0,2.759,-0.004
29.8069,0.0,2.759,-0.004
29.8097,0.0,2.76,-0.004
29.8125,0.0,2.76,-0.004
29.8153,0.0,2.76,-0.004
29.8181,0.0,2.76,-0.004
29.8208,0.0,2.76,-0.004
29.8236,0.0,2.76,-0.004
29.8264,0.0,2.761,-0.004
29.8292,0.0,2.761,-0.004
29.8319,0.0,2.761,-0.004
29.8347,0.0,2.761,-0.004
29.8375,0.0,2.761,-0.004
29.8403,0.0,2.761,-0.004
29.8431,0.0,2.761,-0.004
29.8458,0.0,2.762,-0.004
29.8486,0.0,2.762,-0.004
29.8514,0.0,2.762,-0.004
29.8542,0.0,2.762,-0.004
29.8569,0.0,2.762,-0.004
29.8597,0.0,2.762,-0.004
29.8625,0.0,2.763,-0.004
29.8653,0.0,2.763,-0.004
29.8681,0.0,2.763,-0.004
29.8708,0.0,2.763,-0.004
29.8736,0.0,2.763,-0.004
29.8764,0.0,2.763,-0.004
29.8792,0.0,2.764,-0.004
29.8819,0.0,2.764,-0.004
29.8847,0.0,2.764,-0.004
29.8875,0.0,2.764,-0.004
29.8903,0.0,2.764,-0.004
29.8931,0.0,2.764,-0.004
29.8958,0.0,2.764,-0.004
29.8986,0.0,2.765,-0.004
29.9014,0.0,2.765,-0.004
29.9042,0.0,2.765,-0.004
29.9069,0.0,2.765,-0.004
29.9097,0.0,2.765,-0.004
29.9125,0.0,2.765,-0.004
29.9153,0.0,2.766,-0.004
29.9181,0.0,2.766,-0.004
29.9208,0.0,2.766,-0.004
29.9236,0.0,2.766,-0.004
29.9264,0.0,2.766,-0.004
29.9292,0.0,2.766,-0.004
29.9319,0.0,2.766,-0.004
29.9347,0.0,2.767,-0.004
29.9375,0.0,2.767,-0.004
29.9403,0.0,2.767,-0.004
29.9431,0.0,2.767,-0.004
29.9458,0.0,2.767,-0.004
29.9486,0.0,2.767,-0.004
29.9514,0.0,2.767,-0.004
29.9542,0.0,2.768,-0.004
29.9569,0.0,2.768,-0.004
29.9597,0.0,2.768,-0.004
29.9625,0.0,2.768,-0.004
29.9653,0.0,2.768,-0.004
29.9681,0.0,2.768,-0.004
29.9708,0.0,2.769,-0.004
29.9736,0.0,2.769,-0.004
29.9764,0.0,2.769,-0.004
29.9792,0.0,2.769,-0.004
29.9819,0.0,2.769,-0.004
29.9847,0.0,2.769,-0.004
29.9875,0.0,2.769,-0.004
29.9903,0.0,2.77,-0.004
29.9931,0.0,2.77,-0.004
29.9958,0.0,2.77,-0.004
29.9986,0.0,2.77,-0.004
30.0014,0.0,2.77,-0.004
30.0042,0.0,2.77,-0.004
30.0069,0.0,2.77,-0.004
30.0097,0.0,2.771,-0.004
30.0125,0.0,2.771,-0.004
30.0153,0.0,2.771,-0.004
30.0181,0.0,2.771,-0.004
30.0208,0.0,2.771,-0.003
30.0236,0.0,2.771,-0.004
30.0264,0.0,2.772,-0.003
30.0292,0.0,2.772,-0.003
30.0319,0.0,2.772,-0.003
30.0347,0.0,2.772,-0.004
30.0375,0.0,2.772,-0.003
30.0403,0.0,2.772,-0.003
30.0431,0.0,2.772,-0.003
30.0458,0.0,2.773,-0.003
30.0486,0.0,2.773,-0.004
30.0514,0.0,2.773,-0.003
30.0542,0.0,2.773,-0.003
30.0569,0.0,2.773,-0.004
30.0597,0.0,2.773,-0.003
30.0625,0.0,2.773,-0.004
30.0653,0.0,2.774,-0.003
30.0681,0.0,2.774,-0.004
30.0708,0.0,2.774,-0.004
30.0736,0.0,2.774,-0.003
30.0764,0.0,2.774,-0.003
30.0792,0.0,2.774,-0.004
30.0819,0.0,2.774,-0.004
30.0847,0.0,2.775,-0.004
30.0875,0.0,2.775,-0.004
30.0903,0.0,2.775,-0.004
30.0931,0.0,2.775,-0.004
30.0958,0.0,2.775,-0.004
30.0986,0.0,2.775,-0.004
30.1014,0.0,2.775,-0.004
30.1042,0.0,2.776,-0.004
30.1069,0.0,2.776,-0.004
30.1097,0.0,2.776,-0.004
30.1125,0.0,2.776,-0.004
30.1153,0.0,2.776,-0.004
30.1181,0.0,2.776,-0.004
30.1208,0.0,2.776,-0.004
30.1236,0.0,2.777,-0.004
30.1264,0.0,2.777,-0.004
30.1292,0.0,2.777,-0.004
30.1319,0.0,2.777,-0.004
30.1347,0.0,2.777,-0.004
30.1375,0.0,2.777,-0.004
30.1403,0.0,2.777,-0.004
30.1431,0.0,2.778,-0.004
30.1458,0.0,2.778,-0.004
30.1486,0.0,2.778,-0.004
30.1514,0.0,2.778,-0.004
30.1542,0.0,2.778,-0.004
30.1569,0.0,2.778,-0.004
30.1597,0.0,2.778,-0.004
30.1625,0.0,2.779,-0.004
30.1653,0.0,2.779,-0.004
30.1681,0.0,2.779,-0.004
30.1708,0.0,2.779,-0.004
30.1736,0.0,2.779,-0.004
30.1764,0.0,2.779,-0.004
30.1792,0.0,2.779,-0.004
30.1819,0.0,2.78,-0.004
30.1847,0.0,2.78,-0.004
30.1875,0.0,2.78,-0.004
30.1903,0.0,2.78,-0.004
30.1931,0.0,2.78,-0.004
30.1958,0.0,2.78,-0.004
30.1986,0.0,2.78,-0.004
30.2014,0.0,2.78,-0.004
30.2042,0.0,2.781,-0.004
30.2069,0.0,2.781,-0.004
30.2097,0.0,2.781,-0.004
30.2125,0.0,2.781,-0.004
30.2153,0.0,2.781,-0.004
30.2181,0.0,2.781,-0.004
30.2208,0.0,2.782,-0.004
30.2236,0.0,2.782,-0.004
30.2264,0.0,2.782,-0.004
30.2292,0.0,2.782,-0.004
30.2319,0.0,2.782,-0.004
30.2347,0.0,2.782,-0.004
30.2375,0.0,2.782,-0.004
30.2403,0.0,2.782,-0.004
30.2431,0.0,2.783,-0.004
30.2458,0.0,2.783,-0.004
30.2486,0.0,2.783,-0.004
30.2514,0.0,2.783,-0.004
30.2542,0.0,2.783,-0.004
30.2569,0.0,2.783,-0.004
30.2597,0.0,2.783,-0.004
30.2625,0.0,2.784,-0.004
30.2653,0.0,2.784,-0.004
30.2681,0.0,2.784,-0.004
30.2708,0.0,2.784,-0.004
30.2736,0.0,2.784,-0.004
30.2764,0.0,2.784,-0.004
30.2792,0.0,2.784,-0.004
30.2819,0.0,2.785,-0.004
30.2847,0.0,2.785,-0.004
30.2875,0.0,2.785,-0.004
30.2903,0.0,2.785,-0.004
30.2931,0.0,2.785,-0.004
30.2958,0.0,2.785,-0.004
30.2986,0.0,2.785,-0.004
30.3014,0.0,2.785,-0.004
30.3042,0.0,2.786,-0.004
30.3069,0.0,2.786,-0.004
30.3097,0.0,2.786,-0.004
30.3125,0.0,2.786,-0.004
30.3153,0.0,2.786,-0.004
30.3181,0.0,2.786,-0.004
30.3208,0.0,2.786,-0.004
30.3236,0.0,2.787,-0.004
30.3264,0.0,2.787,-0.004
30.3292,0.0,2.787,-0.004
30.3319,0.0,2.787,-0.004
30.3347,0.0,2.787,-0.004
30.3375,0.0,2.787,-0.004
30.3403,0.0,2.787,-0.004
30.3431,0.0,2.787,-0.004
30.3458,0.0,2.788,-0.004
30.3486,0.0,2.788,-0.004
30.3514,0.0,2.788,-0.004
30.3542,0.0,2.788,-0.004
30.3569,0.0,2.788,-0.004
30.3597,0.0,2.788,-0.004
30.3625,0.0,2.788,-0.004
30.3653,0.0,2.789,-0.004
30.3681,0.0,2.789,-0.004
30.3708,0.0,2.789,-0.004
30.3736,0.0,2.789,-0.004
30.3764,0.0,2.789,-0.004
30.3792,0.0,2.789,-0.004
30.3819,0.0,2.789,-0.004
30.3847,0.0,2.789,-0.004
30.3875,0.0,2.79,-0.004
30.3903,0.0,2.79,-0.004
30.3931,0.0,2.79,-0.004
30.3958,0.0,2.79,-0.004
30.3986,0.0,2.79,-0.004
30.4014,0.0,2.79,-0.004
30.4042,0.0,2.79,-0.004
30.4069,0.0,2.79,-0.004
30.4097,0.0,2.791,-0.004
30.4125,0.0,2.791,-0.004
30.4153,0.0,2.791,-0.004
30.4181,0.0,2.791,-0.004
30.4208,0.0,2.791,-0.004
30.4236,0.0,2.791,-0.004
30.4264,0.0,2.791,-0.004
30.4292,0.0,2.792,-0.004
30.4319,0.0,2.792,-0.004
30.4347,0.0,2.792,-0.004
30.4375,0.0,2.792,-0.004
30.4403,0.0,2.792,-0.004
30.4431,0.0,2.792,-0.004
30.4458,0.0,2.792,-0.004
30.4486,0.0,2.792,-0.004
30.4514,0.0,2.793,-0.004
30.4542,0.0,2.793,-0.004
30.4569,0.0,2.793,-0.004
30.4597,0.0,2.793,-0.004
30.4625,0.0,2.793,-0.004
30.4653,0.0,2.793,-0.004
30.4681,0.0,2.793,-0.004
30.4708,0.0,2.794,-0.004
30.4736,0.0,2.794,-0.004
30.4764,0.0,2.794,-0.004
30.4792,0.0,2.794,-0.004
30.4819,0.0,2.794,-0.004
30.4847,0.0,2.794,-0.004
30.4875,0.0,2.794,-0.004
30.4903,0.0,2.794,-0.004
30.4931,0.0,2.795,-0.004
30.4958,0.0,2.795,-0.004
30.4986,0.0,2.795,-0.004
30.5014,0.0,2.795,-0.004
30.5042,0.0,2.795,-0.004
30.5069,0.0,2.795,-0.004
30.5097,0.0,2.795,-0.004
30.5125,0.0,2.795,-0.004
30.5153,0.0,2.796,-0.004
30.5181,0.0,2.796,-0.004
30.5208,0.0,2.796,-0.004
30.5236,0.0,2.796,-0.004
30.5264,0.0,2.796,-0.004
30.5292,0.0,2.796,-0.004
30.5319,0.0,2.796,-0.004
30.5347,0.0,2.796,-0.004
30.5375,0.0,2.797,-0.004
30.5403,0.0,2.797,-0.004
30.5431,0.0,2.797,-0.004
30.5458,0.0,2.797,-0.004
30.5486,0.0,2.797,-0.004
30.5514,0.0,2.797,-0.004
30.5542,0.0,2.797,-0.004
30.5569,0.0,2.797,-0.004
30.5597,0.0,2.798,-0.004
30.5625,0.0,2.798,-0.004
30.5653,0.0,2.798,-0.004
30.5681,0.0,2.798,-0.004
30.5708,0.0,2.798,-0.004
30.5736,0.0,2.798,-0.004
30.5764,0.0,2.798,-0.004
30.5792,0.0,2.798,-0.004
30.5819,0.0,2.799,-0.004
30.5847,0.0,2.799,-0.004
30.5875,0.0,2.799,-0.004
30.5903,0.0,2.799,-0.004
30.5931,0.0,2.799,-0.004
30.5958,0.0,2.799,-0.004
30.5986,0.0,2.799,-0.004
30.6014,0.0,2.799,-0.004
30.6042,0.0,2.8,-0.004
30.6069,0.0,2.8,-0.004
30.6097,0.0,2.8,-0.004
30.6125,0.0,2.8,-0.004
30.6153,0.0,2.8,-0.004
30.6181,0.0,2.8,-0.004
30.6208,0.0,2.8,-0.004
30.6236,0.0,2.8,-0.004
30.6264,0.0,2.801,-0.004
30.6292,0.0,2.801,-0.004
30.6319,0.0,2.801,-0.004
30.6347,0.0,2.801,-0.004
30.6375,0.0,2.801,-0.004
30.6403,0.0,2.801,-0.004
30.6431,0.0,2.801,-0.004
30.6458,0.0,2.801,-0.004
30.6486,0.0,2.802,-0.004
30.6514,0.0,2.802,-0.004
30.6542,0.0,2.802,-0.004
30.6569,0.0,2.802,-0.004
30.6597,0.0,2.802,-0.004
30.6625,0.0,2.802,-0.004
30.6653,0.0,2.802,-0.004
30.6681,0.0,2.802,-0.004
30.6708,0.0,2.802,-0.004
30.6736,0.0,2.803,-0.004
30.6764,0.0,2.803,-0.004
30.6792,0.0,2.803,-0.004
30.6819,0.0,2.803,-0.004
30.6847,0.0,2.803,-0.004
30.6875,0.0,2.803,-0.004
30.6903,0.0,2.803,-0.004
30.6931,0.0,2.803,-0.004
30.6958,0.0,2.804,-0.004
30.6986,0.0,2.804,-0.004
30.7014,0.0,2.804,-0.004
30.7042,0.0,2.804,-0.004
30.7069,0.0,2.804,-0.004
30.7097,0.0,2.804,-0.004
30.7125,0.0,2.804,-0.004
30.7153,0.0,2.804,-0.004
30.7181,0.0,2.805,-0.004
30.7208,0.0,2.805,-0.004
30.7236,0.0,2.805,-0.004
30.7264,0.0,2.805,-0.004
30.7292,0.0,2.805,-0.004
30.7319,0.0,2.805,-0.004
30.7347,0.0,2.805,-0.004
30.7375,0.0,2.805,-0.004
30.7403,0.0,2.805,-0.004
30.7431,0.0,2.806,-0.004
30.7458,0.0,2.806,-0.004
30.7486,0.0,2.806,-0.004
30.7514,0.0,2.806,-0.004
30.7542,0.0,2.806,-0.004
30.7569,0.0,2.806,-0.004
30.7597,0.0,2.806,-0.004
30.7625,0.0,2.806,-0.004
30.7653,0.0,2.807,-0.004
30.7681,0.0,2.807,-0.004
30.7708,0.0,2.807,-0.004
30.7736,0.0,2.807,-0.004
30.7764,0.0,2.807,-0.004
30.7792,0.0,2.807,-0.004
30.7819,0.0,2.807,-0.004
30.7847,0.0,2.807,-0.004
30.7875,0.0,2.807,-0.004
30.7903,0.0,2.808,-0.004
30.7931,0.0,2.808,-0.004
30.7958,0.0,2.808,-0.004
30.7986,0.0,2.808,-0.004
30.8014,0.0,2.808,-0.004
30.8042,0.0,2.808,-0.004
30.8069,0.0,2.808,-0.004
30.8097,0.0,2.808,-0.004
30.8125,0.0,2.808,-0.004
30.8153,0.0,2.809,-0.004
30.8181,0.0,2.809,-0.004
30.8208,0.0,2.809,-0.004
30.8236,0.0,2.809,-0.004
30.8264,0.0,2.809,-0.004
30.8292,0.0,2.809,-0.004
30.8319,0.0,2.809,-0.004
30.8347,0.0,2.809,-0.004
30.8375,0.0,2.81,-0.004
30.8403,0.0,2.81,-0.004
30.8431,0.0,2.81,-0.004
30.8458,0.0,2.81,-0.004
30.8486,0.0,2.81,-0.004
30.8514,0.0,2.81,-0.004
30.8542,0.0,2.81,-0.004
30.8569,0.0,2.81,-0.004
30.8597,0.0,2.81,-0.004
30.8625,0.0,2.811,-0.004
30.8653,0.0,2.811,-0.004
30.8681,0.0,2.811,-0.004
30.8708,0.0,2.811,-0.004
30.8736,0.0,2.811,-0.004
30.8764,0.0,2.811,-0.004
30.8792,0.0,2.811,-0.004
30.8819,0.0,2.811,-0.004
30.8847,0.0,2.812,-0.004
30.8875,0.0,2.812,-0.004
30.8903,0.0,2.812,-0.004
30.8931,0.0,2.812,-0.004
30.8958,0.0,2.812,-0.004
30.8986,0.0,2.812,-0.004
30.9014,0.0,2.812,-0.004
30.9042,0.0,2.812,-0.004
30.9069,0.0,2.812,-0.004
30.9097,0.0,2.812,-0.004
30.9125,0.0,2.813,-0.004
30.9153,0.0,2.813,-0.004
30.9181,0.0,2.813,-0.004
30.9208,0.0,2.813,-0.004
30.9236,0.0,2.813,-0.004
30.9264,0.0,2.813,-0.004
30.9292,0.0,2.813,-0.004
30.9319,0.0,2.813,-0.004
30.9347,0.0,2.813,-0.004
30.9375,0.0,2.814,-0.004
30.9403,0.0,2.814,-0.004
30.9431,0.0,2.814,-0.004
30.9458,0.0,2.814,-0.004
30.9486,0.0,2.814,-0.004
30.9514,0.0,2.814,-0.004
30.9542,0.0,2.814,-0.004
30.9569,0.0,2.814,-0.004
30.9597,0.0,2.814,-0.004
30.9625,0.0,2.815,-0.004
30.9653,0.0,2.815,-0.004
30.9681,0.0,2.815,-0.004
30.9708,0.0,2.815,-0.004
30.9736,0.0,2.815,-0.004
30.9764,0.0,2.815,-0.004
30.9792,0.0,2.815,-0.004
30.9819,0.0,2.815,-0.004
30.9847,0.0,2.816,-0.004
30.9875,0.0,2.816,-0.004
30.9903,0.0,2.816,-0.004
30.9931,0.0,2.816,-0.004
30.9958,0.0,2.816,-0.004
30.9986,0.0,2.816,-0.004
31.0014,0.0,2.816,-0.004
31.0042,0.0,2.816,-0.004
31.0069,0.0,2.816,-0.004
31.0097,0.0,2.817,-0.004
31.0125,0.0,2.817,-0.004
31.0153,0.0,2.817,-0.004
31.0181,0.0,2.817,-0.004
31.0208,0.0,2.817,-0.004
31.0236,0.0,2.817,-0.004
31.0264,0.0,2.817,-0.004
31.0292,0.0,2.817,-0.004
31.0319,0.0,2.817,-0.004
31.0347,0.0,2.818,-0.004
31.0375,0.0,2.818,-0.004
31.0403,0.0,2.818,-0.004
31.0431,0.0,2.818,-0.004
31.0458,0.0,2.818,-0.004
31.0486,0.0,2.818,-0.004
31.0514,0.0,2.818,-0.004
31.0542,0.0,2.818,-0.004
31.0569,0.0,2.818,-0.004
31.0597,0.0,2.818,-0.004
31.0625,0.0,2.819,-0.004
31.0653,0.0,2.819,-0.004
31.0681,0.0,2.819,-0.004
31.0708,0.0,2.819,-0.004
31.0736,0.0,2.819,-0.004
31.0764,0.0,2.819,-0.004
31.0792,0.0,2.819,-0.004
31.0819,0.0,2.819,-0.004
31.0847,0.0,2.819,-0.004
31.0875,0.0,2.82,-0.004
31.0903,0.0,2.82,-0.004
31.0931,0.0,2.82,-0.004
31.0958,0.0,2.82,-0.004
31.0986,0.0,2.82,-0.004
31.1014,0.0,2.82,-0.004
31.1042,0.0,2.82,-0.004
31.1069,0.0,2.82,-0.004
31.1097,0.0,2.82,-0.004
31.1125,0.0,2.82,-0.004
31.1153,0.0,2.821,-0.004
31.1181,0.0,2.821,-0.004
31.1208,0.0,2.821,-0.004
31.1236,0.0,2.821,-0.004
31.1264,0.0,2.821,-0.004
31.1292,0.0,2.821,-0.004
31.1319,0.0,2.821,-0.003
31.1347,0.0,2.821,-0.004
31.1375,0.0,2.822,-0.003
31.1403,0.0,2.822,-0.003
31.1431,0.0,2.822,-0.004
31.1458,0.0,2.822,-0.003
31.1486,0.0,2.822,-0.003
31.1514,0.0,2.822,-0.003
31.1542,0.0,2.822,-0.003
31.1569,0.0,2.822,-0.004
31.1597,0.0,2.822,-0.004
31.1625,0.0,2.822,-0.004
31.1653,0.0,2.823,-0.004
31.1681,0.0,2.823,-0.003
31.1708,0.0,2.823,-0.004
31.1736,0.0,2.823,-0.004
31.1764,0.0,2.823,-0.003
31.1792,0.0,2.823,-0.004
31.1819,0.0,2.823,-0.004
31.1847,0.0,2.823,-0.004
31.1875,0.0,2.823,-0.004
31.1903,0.0,2.823,-0.004
31.1931,0.0,2.824,-0.004
31.1958,0.0,2.824,-0.004
31.1986,0.0,2.824,-0.004
31.2014,0.0,2.824,-0.004
31.2042,0.0,2.824,-0.004
31.2069,0.0,2.824,-0.004
31.2097,0.0,2.824,-0.004
31.2125,0.0,2.824,-0.004
31.2153,0.0,2.824,-0.004
31.2181,0.0,2.825,-0.004
31.2208,0.0,2.825,-0.004
31.2236,0.0,2.825,-0.004
31.2264,0.0,2.825,-0.004
31.2292,0.0,2.825,-0.004
31.2319,0.0,2.825,-0.004
31.2347,0.0,2.825,-0.004
31.2375,0.0,2.825,-0.004
31.2403,0.0,2.825,-0.004
31.2431,0.0,2.825,-0.004
31.2458,0.0,2.826,-0.004
31.2486,0.0,2.826,-0.004
31.2514,0.0,2.826,-0.004
31.2542,0.0,2.826,-0.004
31.2569,0.0,2.826,-0.004
31.2597,0.0,2.826,-0.004
31.2625,0.0,2.826,-0.004
31.2653,0.0,2.826,-0.004
31.2681,0.0,2.826,-0.004
31.2708,0.0,2.827,-0.004
31.2736,0.0,2.827,-0.004
31.2764,0.0,2.827,-0.004
31.2792,0.0,2.827,-0.004
31.2819,0.0,2.827,-0.004
31.2847,0.0,2.827,-0.004
31.2875,0.0,2.827,-0.004
31.2903,0.0,2.827,-0.004
31.2931,0.0,2.827,-0.004
31.2958,0.0,2.827,-0.004
31.2986,0.0,2.828,-0.004
31.3014,0.0,2.828,-0.004
31.3042,0.0,2.828,-0.004
31.3069,0.0,2.828,-0.004
31.3097,0.0,2.828,-0.004
31.3125,0.0,2.828,-0.004
31.3153,0.0,2.828,-0.004
31.3181,0.0,2.828,-0.004
31.3208,0.0,2.828,-0.004
31.3236,0.0,2.828,-0.004
31.3264,0.0,2.829,-0.004
31.3292,0.0,2.829,-0.004
31.3319,0.0,2.829,-0.004
31.3347,0.0,2.829,-0.004
31.3375,0.0,2.829,-0.004
31.3403,0.0,2.829,-0.004
31.3431,0.0,2.829,-0.004
31.3458,0.0,2.829,-0.004
31.3486,0.0,2.829,-0.004
31.3514,0.0,2.83,-0.004
31.3542,0.0,2.83,-0.004
31.3569,0.0,2.83,-0.004
31.3597,0.0,2.83,-0.004
31.3625,0.0,2.83,-0.004
31.3653,0.0,2.83,-0.004
31.3681,0.0,2.83,-0.004
31.3708,0.0,2.83,-0.004
31.3736,0.0,2.83,-0.004
31.3764,0.0,2.83,-0.004
31.3792,0.0,2.83,-0.004
31.3819,0.0,2.831,-0.004
31.3847,0.0,2.831,-0.004
31.3875,0.0,2.831,-0.004
31.3903,0.0,2.831,-0.004
31.3931,0.0,2.831,-0.004
31.3958,0.0,2.831,-0.004
31.3986,0.0,2.831,-0.004
31.4014,0.0,2.831,-0.004
31.4042,0.0,2.831,-0.004
31.4069,0.0,2.832,-0.004
31.4097,0.0,2.832,-0.004
31.4125,0.0,2.832,-0.004
31.4153,0.0,2.832,-0.004
31.4181,0.0,2.832,-0.004
31.4208,0.0,2.832,-0.004
31.4236,0.0,2.832,-0.004
31.4264,0.0,2.832,-0.004
31.4292,0.0,2.832,-0.004
31.4319,0.0,2.832,-0.004
31.4347,0.0,2.833,-0.004
31.4375,0.0,2.833,-0.004
31.4403,0.0,2.833,-0.004
31.4431,0.0,2.833,-0.004
31.4458,0.0,2.833,-0.004
31.4486,0.0,2.833,-0.004
31.4514,0.0,2.833,-0.004
31.4542,0.0,2.833,-0.004
31.4569,0.0,2.833,-0.004
31.4597,0.0,2.833,-0.004
31.4625,0.0,2.834,-0.004
31.4653,0.0,2.834,-0.004
31.4681,0.0,2.834,-0.004
31.4708,0.0,2.834,-0.004
31.4736,0.0,2.834,-0.004
31.4764,0.0,2.834,-0.004
31.4792,0.0,2.834,-0.004
31.4819,0.0,2.834,-0.004
31.4847,0.0,2.834,-0.004
31.4875,0.0,2.834,-0.004
31.4903,0.0,2.835,-0.004
31.4931,0.0,2.835,-0.004
31.4958,0.0,2.835,-0.004
31.4986,0.0,2.835,-0.004
31.5014,0.0,2.835,-0.004
31.5042,0.0,2.835,-0.004
31.5069,0.0,2.835,-0.004
31.5097,0.0,2.835,-0.004
31.5125,0.0,2.835,-0.004
31.5153,0.0,2.835,-0.004
31.5181,0.0,2.836,-0.004
31.5208,0.0,2.836,-0.004
31.5236,0.0,2.836,-0.004
31.5264,0.0,2.836,-0.004
31.5292,0.0,2.836,-0.004
31.5319,0.0,2.836,-0.004
31.5347,0.0,2.836,-0.004
31.5375,0.0,2.836,-0.004
31.5403,0.0,2.836,-0.004
31.5431,0.0,2.836,-0.004
31.5458,0.0,2.837,-0.004
31.5486,0.0,2.837,-0.004
31.5514,0.0,2.837,-0.004
31.5542,0.0,2.837,-0.004
31.5569,0.0,2.837,-0.004
31.5597,0.0,2.837,-0.004
31.5625,0.0,2.837,-0.004
31.5653,0.0,2.837,-0.004
31.5681,0.0,2.837,-0.004
31.5708,0.0,2.837,-0.004
31.5736,0.0,2.838,-0.004
31.5764,0.0,2.838,-0.004
31.5792,0.0,2.838,-0.004
31.5819,0.0,2.838,-0.004
31.5847,0.0,2.838,-0.004
31.5875,0.0,2.838,-0.004
31.5903,0.0,2.838,-0.004
31.5931,0.0,2.838,-0.004
31.5958,0.0,2.838,-0.004
31.5986,0.0,2.838,-0.004
31.6014,0.0,2.838,-0.004
31.6042,0.0,2.839,-0.004
31.6069,0.0,2.839,-0.004
31.6097,0.0,2.839,-0.004
31.6125,0.0,2.839,-0.004
31.6153,0.0,2.839,-0.004
31.6181,0.0,2.839,-0.004
31.6208,0.0,2.839,-0.004
31.6236,0.0,2.839,-0.004
31.6264,0.0,2.839,-0.004
31.6292,0.0,2.84,-0.004
31.6319,0.0,2.84,-0.004
31.6347,0.0,2.84,-0.004
31.6375,0.0,2.84,-0.004
31.6403,0.0,2.84,-0.004
31.6431,0.0,2.84,-0.004
31.6458,0.0,2.84,-0.004
31.6486,0.0,2.84,-0.004
31.6514,0.0,2.84,-0.004
31.6542,0.0,2.84,-0.004
31.6569,0.0,2.84,-0.004
31.6597,0.0,2.841,-0.004
31.6625,0.0,2.841,-0.004
31.6653,0.0,2.841,-0.004
31.6681,0.0,2.841,-0.004
31.6708,0.0,2.841,-0.004
31.6736,0.0,2.841,-0.004
31.6764,0.0,2.841,-0.004
31.6792,0.0,2.841,-0.004
31.6819,0.0,2.841,-0.004
31.6847,0.0,2.841,-0.004
31.6875,0.0,2.842,-0.004
31.6903,0.0,2.842,-0.004
31.6931,0.0,2.842,-0.004
31.6958,0.0,2.842,-0.004
31.6986,0.0,2.842,-0.004
31.7014,0.0,2.842,-0.004
31.7042,0.0,2.842,-0.004
31.7069,0.0,2.842,-0.004
31.7097,0.0,2.842,-0.004
31.7125,0.0,2.842,-0.004
31.7153,0.0,2.842,-0.004
31.7181,0.0,2.843,-0.004
31.7208,0.0,2.843,-0.004
31.7236,0.0,2.843,-0.004
31.7264,0.0,2.843,-0.004
31.7292,0.0,2.843,-0.004
31.7319,0.0,2.843,-0.004
31.7347,0.0,2.843,-0.004
31.7375,0.0,2.843,-0.004
31.7403,0.0,2.843,-0.004
31.7431,0.0,2.843,-0.004
31.7458,0.0,2.843,-0.004
31.7486,0.0,2.844,-0.004
31.7514,0.0,2.844,-0.004
31.7542,0.0,2.844,-0.004
31.7569,0.0,2.844,-0.004
31.7597,0.0,2.844,-0.004
31.7625,0.0,2.844,-0.004
31.7653,0.0,2.844,-0.004
31.7681,0.0,2.844,-0.004
31.7708,0.0,2.844,-0.004
31.7736,0.0,2.844,-0.004
31.7764,0.0,2.845,-0.004
31.7792,0.0,2.845,-0.004
31.7819,0.0,2.845,-0.004
31.7847,0.0,2.845,-0.004
31.7875,0.0,2.845,-0.004
31.7903,0.0,2.845,-0.004
31.7931,0.0,2.845,-0.004
31.7958,0.0,2.845,-0.004
31.7986,0.0,2.845,-0.004
31.8014,0.0,2.845,-0.004
31.8042,0.0,2.845,-0.004
31.8069,0.0,2.846,-0.004
31.8097,0.0,2.846,-0.004
31.8125,0.0,2.846,-0.004
31.8153,0.0,2.846,-0.004
31.8181,0.0,2.846,-0.004
31.8208,0.0,2.846,-0.004
31.8236,0.0,2.846,-0.004
31.8264,0.0,2.846,-0.004
31.8292,0.0,2.846,-0.004
31.8319,0.0,2.846,-0.004
31.8347,0.0,2.846,-0.004
31.8375,0.0,2.847,-0.004
31.8403,0.0,2.847,-0.004
31.8431,0.0,2.847,-0.004
31.8458,0.0,2.847,-0.004
31.8486,0.0,2.847,-0.004
31.8514,0.0,2.847,-0.004
31.8542,0.0,2.847,-0.004
31.8569,0.0,2.847,-0.004
31.8597,0.0,2.847,-0.004
31.8625,0.0,2.847,-0.004
31.8653,0.0,2.847,-0.004
31.8681,0.0,2.848,-0.004
31.8708,0.0,2.848,-0.004
31.8736,0.0,2.848,-0.004
31.8764,0.0,2.848,-0.004
31.8792,0.0,2.848,-0.004
31.8819,0.0,2.848,-0.004
31.8847,0.0,2.848,-0.004
31.8875,0.0,2.848,-0.004
31.8903,0.0,2.848,-0.004
31.8931,0.0,2.848,-0.004
31.8958,0.0,2.848,-0.004
31.8986,0.0,2.849,-0.004
31.9014,0.0,2.849,-0.004
31.9042,0.0,2.849,-0.004
31.9069,0.0,2.849,-0.004
31.9097,0.0,2.849,-0.004
31.9125,0.0,2.849,-0.004
31.9153,0.0,2.849,-0.004
31.9181,0.0,2.849,-0.004
31.9208,0.0,2.849,-0.004
31.9236,0.0,2.849,-0.004
31.9264,0.0,2.85,-0.004
31.9292,0.0,2.85,-0.004
31.9319,0.0,2.85,-0.004
31.9347,0.0,2.85,-0.004
31.9375,0.0,2.85,-0.004
31.9403,0.0,2.85,-0.004
31.9431,0.0,2.85,-0.004
31.9458,0.0,2.85,-0.004
31.9486,0.0,2.85,-0.004
31.9514,0.0,2.85,-0.004
31.9542,0.0,2.85,-0.004
31.9569,0.0,2.85,-0.004
31.9597,0.0,2.85,-0.004
31.9625,0.0,2.851,-0.004
31.9653,0.0,2.851,-0.004
31.9681,0.0,2.851,-0.004
31.9708,0.0,2.851,-0.004
31.9736,0.0,2.851,-0.004
31.9764,0.0,2.851,-0.004
31.9792,0.0,2.851,-0.004
31.9819,0.0,2.851,-0.004
31.9847,0.0,2.851,-0.004
31.9875,0.0,2.851,-0.004
31.9903,0.0,2.851,-0.004
31.9931,0.0,2.852,-0.004
31.9958,0.0,2.852,-0.004
31.9986,0.0,2.852,-0.004
32.0014,0.0,2.852,-0.004
32.0042,0.0,2.852,-0.004
32.0069,0.0,2.852,-0.004
32.0097,0.0,2.852,-0.004
32.0125,0.0,2.852,-0.004
32.0153,0.0,2.852,-0.004
32.0181,0.0,2.852,-0.004
32.0208,0.0,2.853,-0.004
32.0236,0.0,2.853,-0.004
32.0264,0.0,2.853,-0.004
32.0292,0.0,2.853,-0.004
32.0319,0.0,2.853,-0.004
32.0347,0.0,2.853,-0.004
32.0375,0.0,2.853,-0.004
32.0403,0.0,2.853,-0.004
32.0431,0.0,2.853,-0.004
32.0458,0.0,2.853,-0.004
32.0486,0.0,2.853,-0.004
32.0514,0.0,2.853,-0.004
32.0542,0.0,2.854,-0.004
32.0569,0.0,2.854,-0.004
32.0597,0.0,2.854,-0.004
32.0625,0.0,2.854,-0.004
32.0653,0.0,2.854,-0.004
32.0681,0.0,2.854,-0.004
32.0708,0.0,2.854,-0.004
32.0736,0.0,2.854,-0.004
32.0764,0.0,2.854,-0.004
32.0792,0.0,2.854,-0.004
32.0819,0.0,2.854,-0.004
32.0847,0.0,2.855,-0.004
32.0875,0.0,2.855,-0.004
32.0903,0.0,2.855,-0.004
32.0931,0.0,2.855,-0.004
32.0958,0.0,2.855,-0.004
32.0986,0.0,2.855,-0.004
32.1014,0.0,2.855,-0.004
32.1042,0.0,2.855,-0.004
32.1069,0.0,2.855,-0.004
32.1097,0.0,2.855,-0.004
32.1125,0.0,2.855,-0.004
32.1153,0.0,2.855,-0.004
32.1181,0.0,2.856,-0.004
32.1208,0.0,2.856,-0.004
32.1236,0.0,2.856,-0.004
32.1264,0.0,2.856,-0.004
32.1292,0.0,2.856,-0.004
32.1319,0.0,2.856,-0.004
32.1347,0.0,2.856,-0.004
32.1375,0.0,2.856,-0.004
32.1403,0.0,2.856,-0.004
32.1431,0.0,2.856,-0.004
32.1458,0.0,2.856,-0.004
32.1486,0.0,2.857,-0.004
32.1514,0.0,2.857,-0.004
32.1542,0.0,2.857,-0.004
32.1569,0.0,2.857,-0.004
32.1597,0.0,2.857,-0.004
32.1625,0.0,2.857,-0.004
32.1653,0.0,2.857,-0.004
32.1681,0.0,2.857,-0.004
32.1708,0.0,2.857,-0.004
32.1736,0.0,2.857,-0.004
32.1764,0.0,2.857,-0.004
32.1792,0.0,2.857,-0.004
32.1819,0.0,2.858,-0.004
32.1847,0.0,2.858,-0.004
32.1875,0.0,2.858,-0.004
32.1903,0.0,2.858,-0.004
32.1931,0.0,2.858,-0.004
32.1958,0.0,2.858,-0.004
32.1986,0.0,2.858,-0.004
32.2014,0.0,2.858,-0.004
32.2042,0.0,2.858,-0.004
32.2069,0.0,2.858,-0.004
32.2097,0.0,2.858,-0.004
32.2125,0.0,2.858,-0.004
32.2153,0.0,2.859,-0.004
32.2181,0.0,2.859,-0.004
32.2208,0.0,2.859,-0.004
32.2236,0.0,2.859,-0.004
32.2264,0.0,2.859,-0.004
32.2292,0.0,2.859,-0.004
32.2319,0.0,2.859,-0.004
32.2347,0.0,2.859,-0.004
32.2375,0.0,2.859,-0.004
32.2403,0.0,2.859,-0.004
32.2431,0.0,2.859,-0.004
32.2458,0.0,2.86,-0.003
32.2486,0.0,2.86,-0.004
32.2514,0.0,2.86,-0.004
32.2542,0.0,2.86,-0.004
32.2569,0.0,2.86,-0.004
32.2597,0.0,2.86,-0.004
32.2625,0.0,2.86,-0.004
32.2653,0.0,2.86,-0.003
32.2681,0.0,2.86,-0.004
32.2708,0.0,2.86,-0.004
32.2736,0.0,2.86,-0.003
32.2764,0.0,2.86,-0.003
32.2792,0.0,2.86,-0.003
32.2819,0.0,2.861,-0.003
32.2847,0.0,2.861,-0.004
32.2875,0.0,2.861,-0.003
32.2903,0.0,2.861,-0.004
32.2931,0.0,2.861,-0.004
32.2958,0.0,2.861,-0.004
32.2986,0.0,2.861,-0.003
32.3014,0.0,2.861,-0.004
32.3042,0.0,2.861,-0.004
32.3069,0.0,2.861,-0.004
32.3097,0.0,2.861,-0.004
32.3125,0.0,2.862,-0.004
32.3153,0.0,2.862,-0.004
32.3181,0.0,2.862,-0.004
32.3208,0.0,2.862,-0.004
32.3236,0.0,2.862,-0.004
32.3264,0.0,2.862,-0.004
32.3292,0.0,2.862,-0.004
32.3319,0.0,2.862,-0.004
32.3347,0.0,2.862,-0.004
32.3375,0.0,2.862,-0.004
32.3403,0.0,2.862,-0.004
32.3431,0.0,2.862,-0.004
32.3458,0.0,2.863,-0.004
32.3486,0.0,2.863,-0.004
32.3514,0.0,2.863,-0.004
32.3542,0.0,2.863,-0.004
32.3569,0.0,2.863,-0.004
32.3597,0.0,2.863,-0.004
32.3625,0.0,2.863,-0.004
32.3653,0.0,2.863,-0.004
32.3681,0.0,2.863,-0.004
32.3708,0.0,2.863,-0.004
32.3736,0.0,2.863,-0.004
32.3764,0.0,2.863,-0.004
32.3792,0.0,2.864,-0.004
32.3819,0.0,2.864,-0.004
32.3847,0.0,2.864,-0.004
32.3875,0.0,2.864,-0.004
32.3903,0.0,2.864,-0.004
32.3931,0.0,2.864,-0.004
32.3958,0.0,2.864,-0.004
32.3986,0.0,2.864,-0.004
32.4014,0.0,2.864,-0.004
32.4042,0.0,2.864,-0.004
32.4069,0.0,2.864,-0.004
32.4097,0.0,2.864,-0.004
32.4125,0.0,2.865,-0.004
32.4153,0.0,2.865,-0.004
32.4181,0.0,2.865,-0.004
32.4208,0.0,2.865,-0.004
32.4236,0.0,2.865,-0.004
32.4264,0.0,2.865,-0.004
32.4292,0.0,2.865,-0.004
32.4319,0.0,2.865,-0.004
32.4347,0.0,2.865,-0.004
32.4375,0.0,2.865,-0.004
32.4403,0.0,2.865,-0.004
32.4431,0.0,2.865,-0.004
32.4458,0.0,2.866,-0.004
32.4486,0.0,2.866,-0.004
32.4514,0.0,2.866,-0.004
32.4542,0.0,2.866,-0.004
32.4569,0.0,2.866,-0.004
32.4597,0.0,2.866,-0.004
32.4625,0.0,2.866,-0.004
32.4653,0.0,2.866,-0.004
32.4681,0.0,2.866,-0.004
32.4708,0.0,2.866,-0.004
32.4736,0.0,2.866,-0.004
32.4764,0.0,2.866,-0.004
32.4792,0.0,2.866,-0.004
32.4819,0.0,2.867,-0.004
32.4847,0.0,2.867,-0.004
32.4875,0.0,2.867,-0.004
32.4903,0.0,2.867,-0.004
32.4931,0.0,2.867,-0.004
32.4958,0.0,2.867,-0.004
32.4986,0.0,2.867,-0.004
32.5014,0.0,2.867,-0.004
32.5042,0.0,2.867,-0.004
32.5069,0.0,2.867,-0.004
32.5097,0.0,2.867,-0.004
32.5125,0.0,2.868,-0.004
32.5153,0.0,2.868,-0.004
32.5181,0.0,2.868,-0.004
32.5208,0.0,2.868,-0.004
32.5236,0.0,2.868,-0.004
32.5264,0.0,2.868,-0.004
32.5292,0.0,2.868,-0.004
32.5319,0.0,2.868,-0.004
32.5347,0.0,2.868,-0.004
32.5375,0.0,2.868,-0.004
32.5403,0.0,2.868,-0.004
32.5431,0.0,2.868,-0.004
32.5458,0.0,2.868,-0.004
32.5486,0.0,2.869,-0.004
32.5514,0.0,2.869,-0.004
32.5542,0.0,2.869,-0.004
32.5569,0.0,2.869,-0.004
32.5597,0.0,2.869,-0.004
32.5625,0.0,2.869,-0.004
32.5653,0.0,2.869,-0.004
32.5681,0.0,2.869,-0.004
32.5708,0.0,2.869,-0.004
32.5736,0.0,2.869,-0.004
32.5764,0.0,2.869,-0.004
32.5792,0.0,2.869,-0.004
32.5819,0.0,2.869,-0.004
32.5847,0.0,2.87,-0.004
32.5875,0.0,2.87,-0.004
32.5903,0.0,2.87,-0.004
32.5931,0.0,2.87,-0.004
32.5958,0.0,2.87,-0.004
32.5986,0.0,2.87,-0.004
32.6014,0.0,2.87,-0.004
32.6042,0.0,2.87,-0.004
32.6069,0.0,2.87,-0.004
32.6097,0.0,2.87,-0.004
32.6125,0.0,2.87,-0.004
32.6153,0.0,2.87,-0.004
32.6181,0.0,2.87,-0.004
32.6208,0.0,2.871,-0.004
32.6236,0.0,2.871,-0.004
32.6264,0.0,2.871,-0.004
32.6292,0.0,2.871,-0.004
32.6319,0.0,2.871,-0.004
32.6347,0.0,2.871,-0.004
32.6375,0.0,2.871,-0.004
32.6403,0.0,2.871,-0.004
32.6431,0.0,2.871,-0.004
32.6458,0.0,2.871,-0.004
32.6486,0.0,2.871,-0.004
32.6514,0.0,2.871,-0.004
32.6542,0.0,2.872,-0.004
32.6569,0.0,2.872,-0.004
32.6597,0.0,2.872,-0.004
32.6625,0.0,2.872,-0.004
32.6653,0.0,2.872,-0.004
32.6681,0.0,2.872,-0.004
32.6708,0.0,2.872,-0.004
32.6736,0.0,2.872,-0.004
32.6764,0.0,2.872,-0.004
32.6792,0.0,2.872,-0.004
32.6819,0.0,2.872,-0.004
32.6847,0.0,2.872,-0.004
32.6875,0.0,2.873,-0.004
32.6903,0.0,2.873,-0.004
32.6931,0.0,2.873,-0.004
32.6958,0.0,2.873,-0.004
32.6986,0.0,2.873,-0.004
32.7014,0.0,2.873,-0.004
32.7042,0.0,2.873,-0.004
32.7069,0.0,2.873,-0.004
32.7097,0.0,2.873,-0.004
32.7125,0.0,2.873,-0.004
32.7153,0.0,2.873,-0.004
32.7181,0.0,2.873,-0.004
32.7208,0.0,2.874,-0.004
32.7236,0.0,2.874,-0.004
32.7264,0.0,2.874,-0.004
32.7292,0.0,2.874,-0.004
32.7319,0.0,2.874,-0.004
32.7347,0.0,2.874,-0.004
32.7375,0.0,2.874,-0.004
32.7403,0.0,2.874,-0.004
32.7431,0.0,2.874,-0.004
32.7458,0.0,2.874,-0.004
32.7486,0.0,2.874,-0.004
32.7514,0.0,2.874,-0.004
32.7542,0.0,2.874,-0.004
32.7569,0.0,2.875,-0.004
32.7597,0.0,2.875,-0.004
32.7625,0.0,2.875,-0.004
32.7653,0.0,2.875,-0.004
32.7681,0.0,2.875,-0.004
32.7708,0.0,2.875,-0.004
32.7736,0.0,2.875,-0.004
32.7764,0.0,2.875,-0.004
32.7792,0.0,2.875,-0.004
